OBJECTID,Type,Description,IsConcealed,LocationConfidenceMeters,ExistenceConfidence,IdentityConfidence,Label,Symbol,DataSourceID,Notes,ContactsAndFaults_ID,Shape_Length
"1",contact,"contact, certain",N,"-9",certain,certain,,01.01.01,DAS01,,CAF0001,"1918.225721376591"
"2",contact,"contact, certain",N,"-9",certain,certain,,01.01.01,DAS01,,CAF0002,"1524.552919468094"
"3",contact,"contact, certain",N,"-9",certain,certain,,01.01.01,DAS01,,CAF0003,"2444.424233871793"
"4",contact,"contact, certain",N,"-9",certain,certain,,01.01.01,DAS01,,CAF0004,"4096.801540414886"
"5",contact,"contact, certain",N,"-9",certain,certain,,01.01.01,DAS01,,CAF0005,"368.8951825678628"
"6",contact,"contact, certain",N,"-9",certain,certain,,01.01.01,DAS01,,CAF0006,"1977.473695695547"
"7",contact,"contact, certain",N,"-9",certain,certain,,01.01.01,DAS01,,CAF0007,"4234.246859265604"
"8",contact,"contact, certain",N,"-9",certain,certain,,01.01.01,DAS01,,CAF0008,"5475.408345296459"
"9",contact,"contact, certain",N,"-9",certain,certain,,01.01.01,DAS01,,CAF0009,"1684.090040081214"
"10",contact,"contact, certain",N,"-9",certain,certain,,01.01.01,DAS01,,CAF0010,"2014.04133373354"
"11",contact,"contact, certain",N,"-9",certain,certain,,01.01.01,DAS01,,CAF0011,"329.4959561927212"
"12",contact,"contact, certain",N,"-9",certain,certain,,01.01.01,DAS01,,CAF0012,"8254.137951241133"
"13",contact,"contact, certain",N,"-9",certain,certain,,01.01.01,DAS01,,CAF0013,"1391.339623718994"
"14",contact,"contact, certain",N,"-9",certain,certain,,01.01.01,DAS01,,CAF0014,"1865.33744972192"
"15",contact,"contact, certain",N,"-9",certain,certain,,01.01.01,DAS01,,CAF0015,"1814.689860133949"
"16",contact,"contact, certain",N,"-9",certain,certain,,01.01.01,DAS01,,CAF0016,"1021.383780090031"
"17",contact,"contact, certain",N,"-9",certain,certain,,01.01.01,DAS01,,CAF0017,"263.0625288191833"
"18",contact,"contact, certain",N,"-9",certain,certain,,01.01.01,DAS01,,CAF0018,"140.6314014275025"
"19",contact,"contact, certain",N,"-9",certain,certain,,01.01.01,DAS01,,CAF0019,"1804.891001996866"
"20",contact,"contact, certain",N,"-9",certain,certain,,01.01.01,DAS01,,CAF0020,"1948.549431515419"
"21",contact,"contact, certain",N,"-9",certain,certain,,01.01.01,DAS01,,CAF0021,"6482.564711999913"
"22",contact,"contact, certain",N,"-9",certain,certain,,01.01.01,DAS01,,CAF0022,"705.5472905411945"
"23",contact,"contact, certain",N,"-9",certain,certain,,01.01.01,DAS01,,CAF0023,"898.3924380748019"
"24",contact,"contact, certain",N,"-9",certain,certain,,01.01.01,DAS01,,CAF0024,"881.5398632353149"
"25",contact,"contact, certain",N,"-9",certain,certain,,01.01.01,DAS01,,CAF0025,"23136.00542594366"
"26",contact,"contact, certain",N,"-9",certain,certain,,01.01.01,DAS01,,CAF0026,"3136.739081371416"
"27",contact,"contact, certain",N,"-9",certain,certain,,01.01.01,DAS01,,CAF0027,"561.5524797981179"
"28",contact,"contact, certain",N,"-9",certain,certain,,01.01.01,DAS01,,CAF0028,"5633.416622796448"
"29",contact,"contact, certain",N,"-9",certain,certain,,01.01.01,DAS01,,CAF0029,"4335.160665639094"
"30",contact,"contact, certain",N,"-9",certain,certain,,01.01.01,DAS01,,CAF0030,"1642.626041759554"
"31",contact,"contact, certain",N,"-9",certain,certain,,01.01.01,DAS01,,CAF0031,"950.0349855090111"
"32",contact,"contact, certain",N,"-9",certain,certain,,01.01.01,DAS01,,CAF0032,"724.7380771424632"
"33",contact,"contact, certain",N,"-9",certain,certain,,01.01.01,DAS01,,CAF0033,"1743.152878407753"
"34",contact,"contact, certain",N,"-9",certain,certain,,01.01.01,DAS01,,CAF0034,"643.2285307585365"
"35",contact,"contact, certain",N,"-9",certain,certain,,01.01.01,DAS01,,CAF0035,"7997.066381567033"
"36",contact,"contact, certain",N,"-9",certain,certain,,01.01.01,DAS01,,CAF0036,"373.6799742408901"
"37",contact,"contact, certain",N,"-9",certain,certain,,01.01.01,DAS01,,CAF0037,"5282.378597489706"
"38",contact,"contact, certain",N,"-9",certain,certain,,01.01.01,DAS01,,CAF0038,"383.2832309972007"
"39",contact,"contact, certain",N,"-9",certain,certain,,01.01.01,DAS01,,CAF0039,"6208.784432340982"
"40",contact,"contact, certain",N,"-9",certain,certain,,01.01.01,DAS01,,CAF0040,"429.9077417808196"
"41",contact,"contact, certain",N,"-9",certain,certain,,01.01.01,DAS01,,CAF0041,"4242.090376514365"
"42",contact,"contact, certain",N,"-9",certain,certain,,01.01.01,DAS01,,CAF0042,"427.7941365393669"
"43",contact,"contact, certain",N,"-9",certain,certain,,01.01.01,DAS01,,CAF0043,"1291.351595220815"
"44",contact,"contact, certain",N,"-9",certain,certain,,01.01.01,DAS01,,CAF0044,"3411.597117527516"
"45",contact,"contact, certain",N,"-9",certain,certain,,01.01.01,DAS01,,CAF0045,"1026.792425274232"
"46",contact,"contact, certain",N,"-9",certain,certain,,01.01.01,DAS01,,CAF0046,"139.2405336717469"
"47",contact,"contact, certain",N,"-9",certain,certain,,01.01.01,DAS01,,CAF0047,"2857.739377678483"
"48",contact,"contact, certain",N,"-9",certain,certain,,01.01.01,DAS01,,CAF0048,"162.9756583205816"
"49",contact,"contact, certain",N,"-9",certain,certain,,01.01.01,DAS01,,CAF0049,"376.9419695695783"
"50",contact,"contact, certain",N,"-9",certain,certain,,01.01.01,DAS01,,CAF0050,"376.2221870098348"
"51",contact,"contact, certain",N,"-9",certain,certain,,01.01.01,DAS01,,CAF0051,"2783.75562002013"
"52",contact,"contact, certain",N,"-9",certain,certain,,01.01.01,DAS01,,CAF0052,"1215.731722042912"
"53",contact,"contact, certain",N,"-9",certain,certain,,01.01.01,DAS01,,CAF0053,"11269.15235622996"
"54",contact,"contact, certain",N,"-9",certain,certain,,01.01.01,DAS01,,CAF0054,"8493.531128434448"
"55",contact,"contact, certain",N,"-9",certain,certain,,01.01.01,DAS01,,CAF0055,"302.7937560745306"
"56",contact,"contact, certain",N,"-9",certain,certain,,01.01.01,DAS01,,CAF0056,"923.4448355028054"
"57",contact,"contact, certain",N,"-9",certain,certain,,01.01.01,DAS01,,CAF0057,"2519.202051228024"
"58",contact,"contact, certain",N,"-9",certain,certain,,01.01.01,DAS01,,CAF0058,"1093.967802299192"
"59",contact,"contact, certain",N,"-9",certain,certain,,01.01.01,DAS01,,CAF0059,"1225.892857444436"
"60",contact,"contact, certain",N,"-9",certain,certain,,01.01.01,DAS01,,CAF0060,"739.8191303206556"
"61",contact,"contact, certain",N,"-9",certain,certain,,01.01.01,DAS01,,CAF0061,"1715.175205001905"
"62",contact,"contact, certain",N,"-9",certain,certain,,01.01.01,DAS01,,CAF0062,"983.7986588925647"
"63",contact,"contact, certain",N,"-9",certain,certain,,01.01.01,DAS01,,CAF0063,"1778.462818841718"
"64",contact,"contact, certain",N,"-9",certain,certain,,01.01.01,DAS01,,CAF0064,"1180.055931995996"
"65",contact,"contact, certain",N,"-9",certain,certain,,01.01.01,DAS01,,CAF0065,"8260.811774195268"
"66",contact,"contact, certain",N,"-9",certain,certain,,01.01.01,DAS01,,CAF0066,"6743.698419382467"
"67",contact,"contact, certain",N,"-9",certain,certain,,01.01.01,DAS01,,CAF0067,"3705.300999550417"
"68",contact,"contact, certain",N,"-9",certain,certain,,01.01.01,DAS01,,CAF0068,"730.8776958875047"
"69",contact,"contact, certain",N,"-9",certain,certain,,01.01.01,DAS01,,CAF0069,"1425.22888364118"
"70",contact,"contact, certain",N,"-9",certain,certain,,01.01.01,DAS01,,CAF0070,"17451.45054560306"
"71",contact,"contact, certain",N,"-9",certain,certain,,01.01.01,DAS01,,CAF0071,"476.9631470531026"
"72",contact,"contact, certain",N,"-9",certain,certain,,01.01.01,DAS01,,CAF0072,"6980.789366342921"
"73",contact,"contact, certain",N,"-9",certain,certain,,01.01.01,DAS01,,CAF0073,"4411.979338490996"
"74",contact,"contact, certain",N,"-9",certain,certain,,01.01.01,DAS01,,CAF0074,"856.2903590729323"
"75",contact,"contact, certain",N,"-9",certain,certain,,01.01.01,DAS01,,CAF0075,"718.4095824371535"
"76",contact,"contact, certain",N,"-9",certain,certain,,01.01.01,DAS01,,CAF0076,"428.9572614539914"
"77",contact,"contact, certain",N,"-9",certain,certain,,01.01.01,DAS01,,CAF0077,"1848.944162416487"
"78",contact,"contact, certain",N,"-9",certain,certain,,01.01.01,DAS01,,CAF0078,"658.3906423632275"
"79",contact,"contact, certain",N,"-9",certain,certain,,01.01.01,DAS01,,CAF0079,"213.3637453343492"
"80",contact,"contact, certain",N,"-9",certain,certain,,01.01.01,DAS01,,CAF0080,"1122.788173078417"
"81",contact,"contact, certain",N,"-9",certain,certain,,01.01.01,DAS01,,CAF0081,"223.8954328802735"
"82",contact,"contact, certain",N,"-9",certain,certain,,01.01.01,DAS01,,CAF0082,"1766.486370199556"
"83",contact,"contact, certain",N,"-9",certain,certain,,01.01.01,DAS01,,CAF0083,"816.4539888618724"
"84",contact,"contact, certain",N,"-9",certain,certain,,01.01.01,DAS01,,CAF0084,"968.1079029781956"
"85",contact,"contact, certain",N,"-9",certain,certain,,01.01.01,DAS01,,CAF0085,"297.3710103382796"
"86",contact,"contact, certain",N,"-9",certain,certain,,01.01.01,DAS01,,CAF0086,"303.5556010343877"
"87",contact,"contact, certain",N,"-9",certain,certain,,01.01.01,DAS01,,CAF0087,"4305.239798924229"
"88",contact,"contact, certain",N,"-9",certain,certain,,01.01.01,DAS01,,CAF0088,"2078.018575795536"
"89",contact,"contact, certain",N,"-9",certain,certain,,01.01.01,DAS01,,CAF0089,"1200.110074653204"
"90",contact,"contact, certain",N,"-9",certain,certain,,01.01.01,DAS01,,CAF0090,"1896.134112020179"
"91",contact,"contact, certain",N,"-9",certain,certain,,01.01.01,DAS01,,CAF0091,"14802.49049163815"
"92",contact,"contact, certain",N,"-9",certain,certain,,01.01.01,DAS01,,CAF0092,"3965.956821526646"
"93",contact,"contact, certain",N,"-9",certain,certain,,01.01.01,DAS01,,CAF0093,"2015.808663995212"
"94",contact,"contact, certain",N,"-9",certain,certain,,01.01.01,DAS01,,CAF0094,"1417.628363675396"
"95",contact,"contact, certain",N,"-9",certain,certain,,01.01.01,DAS01,,CAF0095,"163.6659159855067"
"96",contact,"contact, certain",N,"-9",certain,certain,,01.01.01,DAS01,,CAF0096,"1188.643720466229"
"97",contact,"contact, certain",N,"-9",certain,certain,,01.01.01,DAS01,,CAF0097,"1401.363945923889"
"98",contact,"contact, certain",N,"-9",certain,certain,,01.01.01,DAS01,,CAF0098,"1372.798130454457"
"99",contact,"contact, certain",N,"-9",certain,certain,,01.01.01,DAS01,,CAF0099,"5566.092969957717"
"100",contact,"contact, certain",N,"-9",certain,certain,,01.01.01,DAS01,,CAF0100,"2496.111286078194"
"101",contact,"contact, certain",N,"-9",certain,certain,,01.01.01,DAS01,,CAF0101,"6885.349429856554"
"102",contact,"contact, certain",N,"-9",certain,certain,,01.01.01,DAS01,,CAF0102,"1403.351352390352"
"103",contact,"contact, certain",N,"-9",certain,certain,,01.01.01,DAS01,,CAF0103,"961.0155239946537"
"104",contact,"contact, certain",N,"-9",certain,certain,,01.01.01,DAS01,,CAF0104,"1684.16837949674"
"105",contact,"contact, certain",N,"-9",certain,certain,,01.01.01,DAS01,,CAF0105,"3282.923315497694"
"106",contact,"contact, certain",N,"-9",certain,certain,,01.01.01,DAS01,,CAF0106,"739.8761210346034"
"107",contact,"contact, certain",N,"-9",certain,certain,,01.01.01,DAS01,,CAF0107,"9312.039396182721"
"108",contact,"contact, certain",N,"-9",certain,certain,,01.01.01,DAS01,,CAF0108,"1120.567012332737"
"109",contact,"contact, certain",N,"-9",certain,certain,,01.01.01,DAS01,,CAF0109,"8498.196331793642"
"110",contact,"contact, certain",N,"-9",certain,certain,,01.01.01,DAS01,,CAF0110,"1785.744779421467"
"111",contact,"contact, certain",N,"-9",certain,certain,,01.01.01,DAS01,,CAF0111,"11434.23920277304"
"112",contact,"contact, certain",N,"-9",certain,certain,,01.01.01,DAS01,,CAF0112,"1689.247265982433"
"113",contact,"contact, certain",N,"-9",certain,certain,,01.01.01,DAS01,,CAF0113,"3767.027545594315"
"114",contact,"contact, certain",N,"-9",certain,certain,,01.01.01,DAS01,,CAF0114,"6622.763190187101"
"115",contact,"contact, certain",N,"-9",certain,certain,,01.01.01,DAS01,,CAF0115,"5959.940338113023"
"116",contact,"contact, certain",N,"-9",certain,certain,,01.01.01,DAS01,,CAF0116,"3155.500130449009"
"117",contact,"contact, certain",N,"-9",certain,certain,,01.01.01,DAS01,,CAF0117,"2071.568796140674"
"118",contact,"contact, certain",N,"-9",certain,certain,,01.01.01,DAS01,,CAF0118,"1557.0865234938"
"119",contact,"contact, certain",N,"-9",certain,certain,,01.01.01,DAS01,,CAF0119,"1562.387056493448"
"120",contact,"contact, certain",N,"-9",certain,certain,,01.01.01,DAS01,,CAF0120,"1460.294137982404"
"121",contact,"contact, certain",N,"-9",certain,certain,,01.01.01,DAS01,,CAF0121,"3178.593123150446"
"122",contact,"contact, certain",N,"-9",certain,certain,,01.01.01,DAS01,,CAF0122,"5738.508608934932"
"123",contact,"contact, certain",N,"-9",certain,certain,,01.01.01,DAS01,,CAF0123,"7669.263158288777"
"124",contact,"contact, certain",N,"-9",certain,certain,,01.01.01,DAS01,,CAF0124,"2263.849359846626"
"125",contact,"contact, certain",N,"-9",certain,certain,,01.01.01,DAS01,,CAF0125,"1365.926683426755"
"126",contact,"contact, certain",N,"-9",certain,certain,,01.01.01,DAS01,,CAF0126,"528.6982636919893"
"127",contact,"contact, certain",N,"-9",certain,certain,,01.01.01,DAS01,,CAF0127,"1391.616227530032"
"128",contact,"contact, certain",N,"-9",certain,certain,,01.01.01,DAS01,,CAF0128,"858.6403713761158"
"129",contact,"contact, certain",N,"-9",certain,certain,,01.01.01,DAS01,,CAF0129,"2340.104070625896"
"130",contact,"contact, certain",N,"-9",certain,certain,,01.01.01,DAS01,,CAF0130,"690.7293630801507"
"131",contact,"contact, certain",N,"-9",certain,certain,,01.01.01,DAS01,,CAF0131,"849.8123628683804"
"132",contact,"contact, certain",N,"-9",certain,certain,,01.01.01,DAS01,,CAF0132,"1923.6883812468"
"133",contact,"contact, certain",N,"-9",certain,certain,,01.01.01,DAS01,,CAF0133,"1786.020929745198"
"134",contact,"contact, certain",N,"-9",certain,certain,,01.01.01,DAS01,,CAF0134,"3443.231116352099"
"135",contact,"contact, certain",N,"-9",certain,certain,,01.01.01,DAS01,,CAF0135,"3568.844764662479"
"136",contact,"contact, certain",N,"-9",certain,certain,,01.01.01,DAS01,,CAF0136,"1808.968130221389"
"137",contact,"contact, certain",N,"-9",certain,certain,,01.01.01,DAS01,,CAF0137,"1908.612428890093"
"138",contact,"contact, certain",N,"-9",certain,certain,,01.01.01,DAS01,,CAF0138,"29635.05607353165"
"139",contact,"contact, certain",N,"-9",certain,certain,,01.01.01,DAS01,,CAF0139,"20578.49002051615"
"140",contact,"contact, certain",N,"-9",certain,certain,,01.01.01,DAS01,,CAF0140,"3782.762938649812"
"141",contact,"contact, certain",N,"-9",certain,certain,,01.01.01,DAS01,,CAF0141,"1300.110580192776"
"142",contact,"contact, certain",N,"-9",certain,certain,,01.01.01,DAS01,,CAF0142,"910.9292273651898"
"143",contact,"contact, certain",N,"-9",certain,certain,,01.01.01,DAS01,,CAF0143,"4608.4752514186"
"144",contact,"contact, certain",N,"-9",certain,certain,,01.01.01,DAS01,,CAF0144,"3484.906281876582"
"145",contact,"contact, certain",N,"-9",certain,certain,,01.01.01,DAS01,,CAF0145,"107.5239810767581"
"146",contact,"contact, certain",N,"-9",certain,certain,,01.01.01,DAS01,,CAF0146,"4218.080569001537"
"147",contact,"contact, certain",N,"-9",certain,certain,,01.01.01,DAS01,,CAF0147,"17092.43394967868"
"148",contact,"contact, certain",N,"-9",certain,certain,,01.01.01,DAS01,,CAF0148,"2577.505243796409"
"149",contact,"contact, certain",N,"-9",certain,certain,,01.01.01,DAS01,,CAF0149,"1091.781803530345"
"150",contact,"contact, certain",N,"-9",certain,certain,,01.01.01,DAS01,,CAF0150,"3440.838537229226"
"151",contact,"contact, certain",N,"-9",certain,certain,,01.01.01,DAS01,,CAF0151,"14296.13850109946"
"152",contact,"contact, certain",N,"-9",certain,certain,,01.01.01,DAS01,,CAF0152,"13824.56554878957"
"153",contact,"contact, certain",N,"-9",certain,certain,,01.01.01,DAS01,,CAF0153,"228.3054079554377"
"154",contact,"contact, certain",N,"-9",certain,certain,,01.01.01,DAS01,,CAF0154,"572.3958188062061"
"155",contact,"contact, certain",N,"-9",certain,certain,,01.01.01,DAS01,,CAF0155,"563.848085523916"
"156",contact,"contact, certain",N,"-9",certain,certain,,01.01.01,DAS01,,CAF0156,"1046.893691075688"
"157",contact,"contact, certain",N,"-9",certain,certain,,01.01.01,DAS01,,CAF0157,"446.2436835633595"
"158",contact,"contact, certain",N,"-9",certain,certain,,01.01.01,DAS01,,CAF0158,"882.3969816436777"
"159",contact,"contact, certain",N,"-9",certain,certain,,01.01.01,DAS01,,CAF0159,"2300.194738161766"
"160",contact,"contact, certain",N,"-9",certain,certain,,01.01.01,DAS01,,CAF0160,"487.3339376493251"
"161",contact,"contact, certain",N,"-9",certain,certain,,01.01.01,DAS01,,CAF0161,"2619.952182827358"
"162",contact,"contact, certain",N,"-9",certain,certain,,01.01.01,DAS01,,CAF0162,"1922.991821181013"
"163",contact,"contact, certain",N,"-9",certain,certain,,01.01.01,DAS01,,CAF0163,"677.8890624543952"
"164",contact,"contact, certain",N,"-9",certain,certain,,01.01.01,DAS01,,CAF0164,"8925.266761570274"
"165",contact,"contact, certain",N,"-9",certain,certain,,01.01.01,DAS01,,CAF0165,"870.0449667394839"
"166",contact,"contact, certain",N,"-9",certain,certain,,01.01.01,DAS01,,CAF0166,"1442.51950866008"
"167",contact,"contact, certain",N,"-9",certain,certain,,01.01.01,DAS01,,CAF0167,"263.3433236963097"
"168",contact,"contact, certain",N,"-9",certain,certain,,01.01.01,DAS01,,CAF0168,"1299.203441445467"
"169",contact,"contact, certain",N,"-9",certain,certain,,01.01.01,DAS01,,CAF0169,"407.4516299659859"
"170",contact,"contact, certain",N,"-9",certain,certain,,01.01.01,DAS01,,CAF0170,"3001.998240796597"
"171",contact,"contact, certain",N,"-9",certain,certain,,01.01.01,DAS01,,CAF0171,"880.53710729891"
"172",contact,"contact, certain",N,"-9",certain,certain,,01.01.01,DAS01,,CAF0172,"9977.492667523347"
"173",contact,"contact, certain",N,"-9",certain,certain,,01.01.01,DAS01,,CAF0173,"1790.130259501107"
"174",contact,"contact, certain",N,"-9",certain,certain,,01.01.01,DAS01,,CAF0174,"879.4254413481766"
"175",contact,"contact, certain",N,"-9",certain,certain,,01.01.01,DAS01,,CAF0175,"3124.374193365911"
"176",contact,"contact, certain",N,"-9",certain,certain,,01.01.01,DAS01,,CAF0176,"4184.26871404896"
"177",contact,"contact, certain",N,"-9",certain,certain,,01.01.01,DAS01,,CAF0177,"2377.57567405302"
"178",contact,"contact, certain",N,"-9",certain,certain,,01.01.01,DAS01,,CAF0178,"2038.109187165901"
"179",contact,"contact, certain",N,"-9",certain,certain,,01.01.01,DAS01,,CAF0179,"951.1720600277472"
"180",contact,"contact, certain",N,"-9",certain,certain,,01.01.01,DAS01,,CAF0180,"919.7733496557465"
"181",contact,"contact, certain",N,"-9",certain,certain,,01.01.01,DAS01,,CAF0181,"1875.849688575399"
"182",contact,"contact, certain",N,"-9",certain,certain,,01.01.01,DAS01,,CAF0182,"64.10032304591689"
"183",contact,"contact, certain",N,"-9",certain,certain,,01.01.01,DAS01,,CAF0183,"1424.607253047667"
"184",contact,"contact, certain",N,"-9",certain,certain,,01.01.01,DAS01,,CAF0184,"1544.144005627285"
"185",contact,"contact, certain",N,"-9",certain,certain,,01.01.01,DAS01,,CAF0185,"4299.638823425295"
"186",contact,"contact, certain",N,"-9",certain,certain,,01.01.01,DAS01,,CAF0186,"451.861125287545"
"187",contact,"contact, certain",N,"-9",certain,certain,,01.01.01,DAS01,,CAF0187,"4703.117745309455"
"188",contact,"contact, certain",N,"-9",certain,certain,,01.01.01,DAS01,,CAF0188,"1386.451905518526"
"189",contact,"contact, certain",N,"-9",certain,certain,,01.01.01,DAS01,,CAF0189,"675.4788674724841"
"190",contact,"contact, certain",N,"-9",certain,certain,,01.01.01,DAS01,,CAF0190,"1652.36909262576"
"191",contact,"contact, certain",N,"-9",certain,certain,,01.01.01,DAS01,,CAF0191,"1070.896937473564"
"192",contact,"contact, certain",N,"-9",certain,certain,,01.01.01,DAS01,,CAF0192,"5527.065873360385"
"193",contact,"contact, certain",N,"-9",certain,certain,,01.01.01,DAS01,,CAF0193,"3279.709159226017"
"194",contact,"contact, certain",N,"-9",certain,certain,,01.01.01,DAS01,,CAF0194,"949.0195696523604"
"195",contact,"contact, certain",N,"-9",certain,certain,,01.01.01,DAS01,,CAF0195,"2456.199058588018"
"196",contact,"contact, certain",N,"-9",certain,certain,,01.01.01,DAS01,,CAF0196,"1038.226213904847"
"197",contact,"contact, certain",N,"-9",certain,certain,,01.01.01,DAS01,,CAF0197,"790.1559357504394"
"198",contact,"contact, certain",N,"-9",certain,certain,,01.01.01,DAS01,scratch boundary,CAF0198,"434.3064340199792"
"199",contact,"contact, certain",N,"-9",certain,certain,,01.01.01,DAS01,,CAF0199,"1384.092246182757"
"200",contact,"contact, certain",N,"-9",certain,certain,,01.01.01,DAS01,,CAF0200,"664.4535777771505"
"201",contact,"contact, certain",N,"-9",certain,certain,,01.01.01,DAS01,,CAF0201,"224.7454754005355"
"202",contact,"contact, certain",N,"-9",certain,certain,,01.01.01,DAS01,,CAF0202,"2217.120685477526"
"203",contact,"contact, certain",N,"-9",certain,certain,,01.01.01,DAS01,,CAF0203,"7030.586739280621"
"204",contact,"contact, certain",N,"-9",certain,certain,,01.01.01,DAS01,,CAF0204,"1469.006088811411"
"205",contact,"contact, certain",N,"-9",certain,certain,,01.01.01,DAS01,,CAF0205,"21341.68867909451"
"206",contact,"contact, certain",N,"-9",certain,certain,,01.01.01,DAS01,,CAF0206,"1356.398951554931"
"207",contact,"contact, certain",N,"-9",certain,certain,,01.01.01,DAS01,,CAF0207,"854.8653440642719"
"208",contact,"contact, certain",N,"-9",certain,certain,,01.01.01,DAS01,,CAF0208,"14611.97244894778"
"209",contact,"contact, certain",N,"-9",certain,certain,,01.01.01,DAS01,,CAF0209,"1041.181442489348"
"210",contact,"contact, certain",N,"-9",certain,certain,,01.01.01,DAS01,,CAF0210,"544.2413796081187"
"211",contact,"contact, certain",N,"-9",certain,certain,,01.01.01,DAS01,,CAF0211,"2683.552215207577"
"212",contact,"contact, certain",N,"-9",certain,certain,,01.01.01,DAS01,,CAF0212,"1143.5293869488"
"213",contact,"contact, certain",N,"-9",certain,certain,,01.01.01,DAS01,,CAF0213,"1087.679080963961"
"214",contact,"contact, certain",N,"-9",certain,certain,,01.01.01,DAS01,,CAF0214,"720.0408663816432"
"215",contact,"contact, certain",N,"-9",certain,certain,,01.01.01,DAS01,,CAF0215,"4389.361886289751"
"216",contact,"contact, certain",N,"-9",certain,certain,,01.01.01,DAS01,,CAF0216,"1101.36044697488"
"217",contact,"contact, certain",N,"-9",certain,certain,,01.01.01,DAS01,,CAF0217,"12047.77648703703"
"218",contact,"contact, certain",N,"-9",certain,certain,,01.01.01,DAS01,,CAF0218,"11238.68962714212"
"219",contact,"contact, certain",N,"-9",certain,certain,,01.01.01,DAS01,,CAF0219,"2008.845296417739"
"220",contact,"contact, certain",N,"-9",certain,certain,,01.01.01,DAS01,,CAF0220,"3259.157536722123"
"221",contact,"contact, certain",N,"-9",certain,certain,,01.01.01,DAS01,,CAF0221,"4172.979219665612"
"222",contact,"contact, certain",N,"-9",certain,certain,,01.01.01,DAS01,,CAF0222,"9368.158586652915"
"223",contact,"contact, certain",N,"-9",certain,certain,,01.01.01,DAS01,,CAF0223,"396.8320122347625"
"224",contact,"contact, certain",N,"-9",certain,certain,,01.01.01,DAS01,,CAF0224,"178.3385988157114"
"225",contact,"contact, certain",N,"-9",certain,certain,,01.01.01,DAS01,,CAF0225,"672.4230131609686"
"226",contact,"contact, certain",N,"-9",certain,certain,,01.01.01,DAS01,,CAF0226,"1044.439118889676"
"227",contact,"contact, certain",N,"-9",certain,certain,,01.01.01,DAS01,,CAF0227,"1431.885652727041"
"228",contact,"contact, certain",N,"-9",certain,certain,,01.01.01,DAS01,,CAF0228,"3270.306399065983"
"229",contact,"contact, certain",N,"-9",certain,certain,,01.01.01,DAS01,,CAF0229,"218.5989469270551"
"230",contact,"contact, certain",N,"-9",certain,certain,,01.01.01,DAS01,,CAF0230,"1119.074591801646"
"231",contact,"contact, certain",N,"-9",certain,certain,,01.01.01,DAS01,,CAF0231,"3924.533517398881"
"232",contact,"contact, certain",N,"-9",certain,certain,,01.01.01,DAS01,,CAF0232,"4349.408794917437"
"233",contact,"contact, certain",N,"-9",certain,certain,,01.01.01,DAS01,,CAF0233,"8309.850885310392"
"234",contact,"contact, certain",N,"-9",certain,certain,,01.01.01,DAS01,,CAF0234,"1608.763359973636"
"235",contact,"contact, certain",N,"-9",certain,certain,,01.01.01,DAS01,,CAF0235,"4790.458869922311"
"236",contact,"contact, certain",N,"-9",certain,certain,,01.01.01,DAS01,,CAF0236,"863.4446723003504"
"237",contact,"contact, certain",N,"-9",certain,certain,,01.01.01,DAS01,,CAF0237,"4686.579813857155"
"238",contact,"contact, certain",N,"-9",certain,certain,,01.01.01,DAS01,,CAF0238,"2073.573419941118"
"239",contact,"contact, certain",N,"-9",certain,certain,,01.01.01,DAS01,,CAF0239,"250.7270499754799"
"240",contact,"contact, certain",N,"-9",certain,certain,,01.01.01,DAS01,,CAF0240,"10212.42063666205"
"241",contact,"contact, certain",N,"-9",certain,certain,,01.01.01,DAS01,,CAF0241,"3431.868164276793"
"242",contact,"contact, certain",N,"-9",certain,certain,,01.01.01,DAS01,,CAF0242,"534.5545711041833"
"243",contact,"contact, certain",N,"-9",certain,certain,,01.01.01,DAS01,,CAF0243,"13284.81885326117"
"244",contact,"contact, certain",N,"-9",certain,certain,,01.01.01,DAS01,,CAF0244,"12653.02161953206"
"245",contact,"contact, certain",N,"-9",certain,certain,,01.01.01,DAS01,,CAF0245,"704.4833206567336"
"246",contact,"contact, certain",N,"-9",certain,certain,,01.01.01,DAS01,,CAF0246,"4590.77414633393"
"247",contact,"contact, certain",N,"-9",certain,certain,,01.01.01,DAS01,,CAF0247,"8028.371347820291"
"248",contact,"contact, certain",N,"-9",certain,certain,,01.01.01,DAS01,,CAF0248,"1828.314487976244"
"249",contact,"contact, certain",N,"-9",certain,certain,,01.01.01,DAS01,,CAF0249,"624.8041216525818"
"250",contact,"contact, certain",N,"-9",certain,certain,,01.01.01,DAS01,,CAF0250,"319.063403368841"
"251",contact,"contact, certain",N,"-9",certain,certain,,01.01.01,DAS01,,CAF0251,"1191.350529872334"
"252",contact,"contact, certain",N,"-9",certain,certain,,01.01.01,DAS01,,CAF0252,"1795.066229349108"
"253",contact,"contact, certain",N,"-9",certain,certain,,01.01.01,DAS01,,CAF0253,"5581.693707552272"
"254",contact,"contact, certain",N,"-9",certain,certain,,01.01.01,DAS01,,CAF0254,"140.8642751631724"
"255",contact,"contact, certain",N,"-9",certain,certain,,01.01.01,DAS01,,CAF0255,"394.9507579976479"
"256",contact,"contact, certain",N,"-9",certain,certain,,01.01.01,DAS01,,CAF0256,"17386.89554530773"
"257",contact,"contact, certain",N,"-9",certain,certain,,01.01.01,DAS01,,CAF0257,"901.808463820654"
"258",contact,"contact, certain",N,"-9",certain,certain,,01.01.01,DAS01,,CAF0258,"6798.479769036158"
"259",contact,"contact, certain",N,"-9",certain,certain,,01.01.01,DAS01,,CAF0259,"3420.776495397994"
"260",contact,"contact, certain",N,"-9",certain,certain,,01.01.01,DAS01,,CAF0260,"3279.122240410648"
"261",contact,"contact, certain",N,"-9",certain,certain,,01.01.01,DAS02,added line to match printed map,CAF0261,"1429.350598129354"
"262",contact,"contact, certain",N,"-9",certain,certain,,01.01.01,DAS01,,CAF0262,"1154.613424812261"
"263",contact,"contact, certain",N,"-9",certain,certain,,01.01.01,DAS01,,CAF0263,"1084.231027927439"
"264",contact,"contact, certain",N,"-9",certain,certain,,01.01.01,DAS01,,CAF0264,"190.3160540983616"
"265",contact,"contact, certain",N,"-9",certain,certain,,01.01.01,DAS01,,CAF0265,"1113.681486394925"
"266",contact,"contact, certain",N,"-9",certain,certain,,01.01.01,DAS01,,CAF0266,"5547.509583791183"
"267",contact,"contact, certain",N,"-9",certain,certain,,01.01.01,DAS01,,CAF0267,"5793.550368818127"
"268",contact,"contact, certain",N,"-9",certain,certain,,01.01.01,DAS01,,CAF0268,"791.1101553754563"
"269",contact,"contact, certain",N,"-9",certain,certain,,01.01.01,DAS01,,CAF0269,"1709.157370222669"
"270",contact,"contact, certain",N,"-9",certain,certain,,01.01.01,DAS01,,CAF0270,"1505.243700362506"
"271",contact,"contact, certain",N,"-9",certain,certain,,01.01.01,DAS01,,CAF0271,"1379.730019388701"
"272",contact,"contact, certain",N,"-9",certain,certain,,01.01.01,DAS01,,CAF0272,"243.9710767585284"
"273",contact,"contact, certain",N,"-9",certain,certain,,01.01.01,DAS01,,CAF0273,"5772.119330699609"
"274",contact,"contact, certain",N,"-9",certain,certain,,01.01.01,DAS01,,CAF0274,"4204.172583054009"
"275",contact,"contact, certain",N,"-9",certain,certain,,01.01.01,DAS01,,CAF0275,"632.5210080540973"
"276",contact,"contact, certain",N,"-9",certain,certain,,01.01.01,DAS01,,CAF0276,"4272.239418857767"
"277",contact,"contact, certain",N,"-9",certain,certain,,01.01.01,DAS01,,CAF0277,"1272.392614427452"
"278",contact,"contact, certain",N,"-9",certain,certain,,01.01.01,DAS01,,CAF0278,"472.2898634329032"
"279",contact,"contact, certain",N,"-9",certain,certain,,01.01.01,DAS01,,CAF0279,"307.1025772940648"
"280",contact,"contact, certain",N,"-9",certain,certain,,01.01.01,DAS01,,CAF0280,"302.3085231997529"
"281",contact,"contact, certain",N,"-9",certain,certain,,01.01.01,DAS01,,CAF0281,"605.4978081873826"
"282",contact,"contact, certain",N,"-9",certain,certain,,01.01.01,DAS01,,CAF0282,"5130.565235005346"
"283",contact,"contact, certain",N,"-9",certain,certain,,01.01.01,DAS01,,CAF0283,"484.5643091089495"
"284",contact,"contact, certain",N,"-9",certain,certain,,01.01.01,DAS01,,CAF0284,"4636.994232700697"
"285",contact,"contact, certain",N,"-9",certain,certain,,01.01.01,DAS01,,CAF0285,"6996.351779320107"
"286",contact,"contact, certain",N,"-9",certain,certain,,01.01.01,DAS01,,CAF0286,"6640.454378340489"
"287",contact,"contact, certain",N,"-9",certain,certain,,01.01.01,DAS01,,CAF0287,"1742.769308978721"
"288",contact,"contact, certain",N,"-9",certain,certain,,01.01.01,DAS01,,CAF0288,"1013.701075277328"
"289",contact,"contact, certain",N,"-9",certain,certain,,01.01.01,DAS01,,CAF0289,"620.9200770784267"
"290",contact,"contact, certain",N,"-9",certain,certain,,01.01.01,DAS01,,CAF0290,"714.4019020194843"
"291",contact,"contact, certain",N,"-9",certain,certain,,01.01.01,DAS01,,CAF0291,"2247.871395969671"
"292",contact,"contact, certain",N,"-9",certain,certain,,01.01.01,DAS01,,CAF0292,"906.8177015736303"
"293",contact,"contact, certain",N,"-9",certain,certain,,01.01.01,DAS01,,CAF0293,"1018.382885202335"
"294",contact,"contact, certain",N,"-9",certain,certain,,01.01.01,DAS01,,CAF0294,"551.538774416793"
"295",contact,"contact, certain",N,"-9",certain,certain,,01.01.01,DAS01,,CAF0295,"1027.022463591056"
"296",contact,"contact, certain",N,"-9",certain,certain,,01.01.01,DAS01,,CAF0296,"2234.716512357989"
"297",contact,"contact, certain",N,"-9",certain,certain,,01.01.01,DAS01,,CAF0297,"703.2331804190046"
"298",contact,"contact, certain",N,"-9",certain,certain,,01.01.01,DAS01,,CAF0298,"2414.01330835281"
"299",contact,"contact, certain",N,"-9",certain,certain,,01.01.01,DAS01,,CAF0299,"5729.270340258986"
"300",contact,"contact, certain",N,"-9",certain,certain,,01.01.01,DAS01,,CAF0300,"912.5039297293652"
"301",contact,"contact, certain",N,"-9",certain,certain,,01.01.01,DAS01,,CAF0301,"16506.22470506113"
"302",contact,"contact, certain",N,"-9",certain,certain,,01.01.01,DAS01,,CAF0302,"1315.696920666004"
"303",contact,"contact, certain",N,"-9",certain,certain,,01.01.01,DAS01,,CAF0303,"41141.2288842959"
"304",contact,"contact, certain",N,"-9",certain,certain,,01.01.01,DAS01,,CAF0304,"203.5499833700066"
"305",contact,"contact, certain",N,"-9",certain,certain,,01.01.01,DAS01,,CAF0305,"3064.40472453572"
"306",contact,"contact, certain",N,"-9",certain,certain,,01.01.01,DAS01,,CAF0306,"1343.549423289036"
"307",contact,"contact, certain",N,"-9",certain,certain,,01.01.01,DAS01,,CAF0307,"2313.74872586849"
"308",contact,"contact, certain",N,"-9",certain,certain,,01.01.01,DAS01,,CAF0308,"754.8102193746929"
"309",contact,"contact, certain",N,"-9",certain,certain,,01.01.01,DAS01,,CAF0309,"259.5091505083493"
"310",contact,"contact, certain",N,"-9",certain,certain,,01.01.01,DAS01,,CAF0310,"8510.674258281697"
"311",contact,"contact, certain",N,"-9",certain,certain,,01.01.01,DAS01,,CAF0311,"3218.260191624086"
"312",contact,"contact, certain",N,"-9",certain,certain,,01.01.01,DAS01,,CAF0312,"2699.258899706856"
"313",contact,"contact, certain",N,"-9",certain,certain,,01.01.01,DAS01,,CAF0313,"833.4194281045968"
"314",contact,"contact, certain",N,"-9",certain,certain,,01.01.01,DAS01,,CAF0314,"15438.00895299361"
"315",contact,"contact, certain",N,"-9",certain,certain,,01.01.01,DAS01,,CAF0315,"3373.461982276673"
"316",contact,"contact, certain",N,"-9",certain,certain,,01.01.01,DAS01,,CAF0316,"2638.843988123355"
"317",contact,"contact, certain",N,"-9",certain,certain,,01.01.01,DAS01,,CAF0317,"1744.712037969042"
"318",contact,"contact, certain",N,"-9",certain,certain,,01.01.01,DAS01,,CAF0318,"4583.510745761721"
"319",contact,"contact, certain",N,"-9",certain,certain,,01.01.01,DAS01,,CAF0319,"2202.561308994681"
"320",contact,"contact, certain",N,"-9",certain,certain,,01.01.01,DAS01,,CAF0320,"2056.851445908172"
"321",contact,"contact, certain",N,"-9",certain,certain,,01.01.01,DAS01,,CAF0321,"887.738679827429"
"322",contact,"contact, certain",N,"-9",certain,certain,,01.01.01,DAS01,,CAF0322,"1532.186472788459"
"323",contact,"contact, certain",N,"-9",certain,certain,,01.01.01,DAS01,,CAF0323,"1812.973835649339"
"324",contact,"contact, certain",N,"-9",certain,certain,,01.01.01,DAS01,,CAF0324,"27369.97418989149"
"325",contact,"contact, certain",N,"-9",certain,certain,,01.01.01,DAS01,,CAF0325,"601.4781428494016"
"326",contact,"contact, certain",N,"-9",certain,certain,,01.01.01,DAS01,,CAF0326,"1363.465392873211"
"327",contact,"contact, certain",N,"-9",certain,certain,,01.01.01,DAS01,,CAF0327,"878.0214695752445"
"328",contact,"contact, certain",N,"-9",certain,certain,,01.01.01,DAS01,,CAF0328,"520.2528682934866"
"329",contact,"contact, certain",N,"-9",certain,certain,,01.01.01,DAS01,,CAF0329,"540.7664246658592"
"330",contact,"contact, certain",N,"-9",certain,certain,,01.01.01,DAS01,,CAF0330,"449.7454615911269"
"331",contact,"contact, certain",N,"-9",certain,certain,,01.01.01,DAS01,,CAF0331,"265.3769355545425"
"332",contact,"contact, certain",N,"-9",certain,certain,,01.01.01,DAS01,,CAF0332,"863.4655081462924"
"333",contact,"contact, certain",N,"-9",certain,certain,,01.01.01,DAS01,,CAF0333,"412.0536542427138"
"334",contact,"contact, certain",N,"-9",certain,certain,,01.01.01,DAS01,,CAF0334,"156.3475684934384"
"335",contact,"contact, certain",N,"-9",certain,certain,,01.01.01,DAS01,,CAF0335,"3132.809417513847"
"336",contact,"contact, certain",N,"-9",certain,certain,,01.01.01,DAS01,,CAF0336,"462.700591955095"
"337",contact,"contact, certain",N,"-9",certain,certain,,01.01.01,DAS01,,CAF0337,"1161.118789255775"
"338",contact,"contact, certain",N,"-9",certain,certain,,01.01.01,DAS01,,CAF0338,"1884.281894383695"
"339",contact,"contact, certain",N,"-9",certain,certain,,01.01.01,DAS01,,CAF0339,"1396.385006544936"
"340",contact,"contact, certain",N,"-9",certain,certain,,01.01.01,DAS01,,CAF0340,"1031.859297509749"
"341",contact,"contact, certain",N,"-9",certain,certain,,01.01.01,DAS01,,CAF0341,"1946.032976270415"
"342",contact,"contact, certain",N,"-9",certain,certain,,01.01.01,DAS01,,CAF0342,"2113.370212960259"
"343",contact,"contact, certain",N,"-9",certain,certain,,01.01.01,DAS01,,CAF0343,"1952.263130041677"
"344",contact,"contact, certain",N,"-9",certain,certain,,01.01.01,DAS01,,CAF0344,"4667.505912350839"
"345",contact,"contact, certain",N,"-9",certain,certain,,01.01.01,DAS01,,CAF0345,"4007.7392645815"
"346",contact,"contact, certain",N,"-9",certain,certain,,01.01.01,DAS01,,CAF0346,"3501.862802028584"
"347",contact,"contact, certain",N,"-9",certain,certain,,01.01.01,DAS01,,CAF0347,"2813.331293519199"
"348",contact,"contact, certain",N,"-9",certain,certain,,01.01.01,DAS01,,CAF0348,"1085.730975945678"
"349",contact,"contact, certain",N,"-9",certain,certain,,01.01.01,DAS01,,CAF0349,"2275.697373567572"
"350",contact,"contact, certain",N,"-9",certain,certain,,01.01.01,DAS01,,CAF0350,"5385.18594150903"
"351",contact,"contact, certain",N,"-9",certain,certain,,01.01.01,DAS01,,CAF0351,"1696.984338996159"
"352",contact,"contact, certain",N,"-9",certain,certain,,01.01.01,DAS01,,CAF0352,"685.3110601835052"
"353",contact,"contact, certain",N,"-9",certain,certain,,01.01.01,DAS01,,CAF0353,"33371.89746339535"
"354",contact,"contact, certain",N,"-9",certain,certain,,01.01.01,DAS01,,CAF0354,"376.6043679137753"
"355",contact,"contact, certain",N,"-9",certain,certain,,01.01.01,DAS01,,CAF0355,"607.3248609500299"
"356",contact,"contact, certain",N,"-9",certain,certain,,01.01.01,DAS01,,CAF0356,"7227.694053676205"
"357",contact,"contact, certain",N,"-9",certain,certain,,01.01.01,DAS01,,CAF0357,"668.0332025450087"
"358",contact,"contact, certain",N,"-9",certain,certain,,01.01.01,DAS01,,CAF0358,"5508.109445982262"
"359",contact,"contact, certain",N,"-9",certain,certain,,01.01.01,DAS01,,CAF0359,"2075.002494378464"
"360",contact,"contact, certain",N,"-9",certain,certain,,01.01.01,DAS01,,CAF0360,"1634.255173643121"
"361",contact,"contact, certain",N,"-9",certain,certain,,01.01.01,DAS01,,CAF0361,"4119.385611085598"
"362",contact,"contact, certain",N,"-9",certain,certain,,01.01.01,DAS01,,CAF0362,"279.1877440875767"
"363",contact,"contact, certain",N,"-9",certain,certain,,01.01.01,DAS01,,CAF0363,"4006.400788427937"
"364",contact,"contact, certain",N,"-9",certain,certain,,01.01.01,DAS01,,CAF0364,"15435.53090279144"
"365",contact,"contact, certain",N,"-9",certain,certain,,01.01.01,DAS01,,CAF0365,"409.2481936150787"
"366",contact,"contact, certain",N,"-9",certain,certain,,01.01.01,DAS01,,CAF0366,"1296.676150366331"
"367",contact,"contact, certain",N,"-9",certain,certain,,01.01.01,DAS01,,CAF0367,"1654.670509869142"
"368",contact,"contact, certain",N,"-9",certain,certain,,01.01.01,DAS01,,CAF0368,"2399.770998013815"
"369",contact,"contact, certain",N,"-9",certain,certain,,01.01.01,DAS01,,CAF0369,"3010.847963377981"
"370",contact,"contact, certain",N,"-9",certain,certain,,01.01.01,DAS01,,CAF0370,"1641.350280684236"
"371",contact,"contact, certain",N,"-9",certain,certain,,01.01.01,DAS01,,CAF0371,"6116.379818865948"
"372",contact,"contact, certain",N,"-9",certain,certain,,01.01.01,DAS01,,CAF0372,"2262.124494935606"
"373",contact,"contact, certain",N,"-9",certain,certain,,01.01.01,DAS01,,CAF0373,"515.9565797383694"
"374",contact,"contact, certain",N,"-9",certain,certain,,01.01.01,DAS01,,CAF0374,"4596.853486673769"
"375",contact,"contact, certain",N,"-9",certain,certain,,01.01.01,DAS01,,CAF0375,"1630.599125201541"
"376",contact,"contact, certain",N,"-9",certain,certain,,01.01.01,DAS01,,CAF0376,"765.2112513365605"
"377",contact,"contact, certain",N,"-9",certain,certain,,01.01.01,DAS01,,CAF0377,"837.6262933232296"
"378",contact,"contact, certain",N,"-9",certain,certain,,01.01.01,DAS01,,CAF0378,"2404.614503643596"
"379",contact,"contact, certain",N,"-9",certain,certain,,01.01.01,DAS01,,CAF0379,"761.8347881960362"
"380",contact,"contact, certain",N,"-9",certain,certain,,01.01.01,DAS01,,CAF0380,"1103.743400423887"
"381",contact,"contact, certain",N,"-9",certain,certain,,01.01.01,DAS01,,CAF0381,"694.4193203354654"
"382",contact,"contact, certain",N,"-9",certain,certain,,01.01.01,DAS01,,CAF0382,"9819.865836913423"
"383",contact,"contact, certain",N,"-9",certain,certain,,01.01.01,DAS01,,CAF0383,"4744.315061683186"
"384",contact,"contact, certain",N,"-9",certain,certain,,01.01.01,DAS01,,CAF0384,"2003.348096694406"
"385",contact,"contact, certain",N,"-9",certain,certain,,01.01.01,DAS01,,CAF0385,"1881.789108333702"
"386",contact,"contact, certain",N,"-9",certain,certain,,01.01.01,DAS01,,CAF0386,"2771.236659216245"
"387",contact,"contact, certain",N,"-9",certain,certain,,01.01.01,DAS01,,CAF0387,"741.0425931541203"
"388",contact,"contact, certain",N,"-9",certain,certain,,01.01.01,DAS01,,CAF0388,"1687.693699115248"
"389",contact,"contact, certain",N,"-9",certain,certain,,01.01.01,DAS01,,CAF0389,"2499.040861068688"
"390",contact,"contact, certain",N,"-9",certain,certain,,01.01.01,DAS01,,CAF0390,"523.4178819717361"
"391",contact,"contact, certain",N,"-9",certain,certain,,01.01.01,DAS01,,CAF0391,"1977.507631264868"
"392",contact,"contact, certain",N,"-9",certain,certain,,01.01.01,DAS01,,CAF0392,"1841.418099571678"
"393",contact,"contact, certain",N,"-9",certain,certain,,01.01.01,DAS01,,CAF0393,"2095.614147729234"
"394",contact,"contact, certain",N,"-9",certain,certain,,01.01.01,DAS01,,CAF0394,"2763.73777915688"
"395",contact,"contact, certain",N,"-9",certain,certain,,01.01.01,DAS01,,CAF0395,"434.4264764651545"
"396",contact,"contact, certain",N,"-9",certain,certain,,01.01.01,DAS01,,CAF0396,"1636.934979699843"
"397",contact,"contact, certain",N,"-9",certain,certain,,01.01.01,DAS01,,CAF0397,"1645.41311884683"
"398",contact,"contact, certain",N,"-9",certain,certain,,01.01.01,DAS01,,CAF0398,"6542.309694097749"
"399",contact,"contact, certain",N,"-9",certain,certain,,01.01.01,DAS01,,CAF0399,"3370.677401859553"
"400",contact,"contact, certain",N,"-9",certain,certain,,01.01.01,DAS01,,CAF0400,"2531.616421417895"
"401",contact,"contact, certain",N,"-9",certain,certain,,01.01.01,DAS01,,CAF0401,"4813.196144560437"
"402",contact,"contact, certain",N,"-9",certain,certain,,01.01.01,DAS01,,CAF0402,"922.6558074802992"
"403",contact,"contact, certain",N,"-9",certain,certain,,01.01.01,DAS01,,CAF0403,"197.7290242809619"
"404",contact,"contact, certain",N,"-9",certain,certain,,01.01.01,DAS01,,CAF0404,"3120.316065520061"
"405",contact,"contact, certain",N,"-9",certain,certain,,01.01.01,DAS01,,CAF0405,"742.171046237878"
"406",contact,"contact, certain",N,"-9",certain,certain,,01.01.01,DAS01,,CAF0406,"1576.536564412657"
"407",contact,"contact, certain",N,"-9",certain,certain,,01.01.01,DAS01,,CAF0407,"132.6011154427963"
"408",contact,"contact, certain",N,"-9",certain,certain,,01.01.01,DAS01,,CAF0408,"1526.29292154634"
"409",contact,"contact, certain",N,"-9",certain,certain,,01.01.01,DAS01,,CAF0409,"830.8179837311073"
"410",contact,"contact, certain",N,"-9",certain,certain,,01.01.01,DAS01,,CAF0410,"452.520097087016"
"411",contact,"contact, certain",N,"-9",certain,certain,,01.01.01,DAS01,,CAF0411,"189.2978748718182"
"412",contact,"contact, certain",N,"-9",certain,certain,,01.01.01,DAS01,,CAF0412,"681.2705056404541"
"413",contact,"contact, certain",N,"-9",certain,certain,,01.01.01,DAS01,,CAF0413,"698.5376213841582"
"414",contact,"contact, certain",N,"-9",certain,certain,,01.01.01,DAS01,,CAF0414,"382.5019542059167"
"415",contact,"contact, certain",N,"-9",certain,certain,,01.01.01,DAS01,,CAF0415,"164.7668708621692"
"416",contact,"contact, certain",N,"-9",certain,certain,,01.01.01,DAS01,,CAF0416,"8781.695503179164"
"417",contact,"contact, certain",N,"-9",certain,certain,,01.01.01,DAS01,,CAF0417,"1946.423237005939"
"418",contact,"contact, certain",N,"-9",certain,certain,,01.01.01,DAS01,,CAF0418,"10051.45366656196"
"419",contact,"contact, certain",N,"-9",certain,certain,,01.01.01,DAS01,,CAF0419,"1038.10342751159"
"420",contact,"contact, certain",N,"-9",certain,certain,,01.01.01,DAS01,,CAF0420,"1579.061989336753"
"421",contact,"contact, certain",N,"-9",certain,certain,,01.01.01,DAS01,,CAF0421,"2182.303403090834"
"422",contact,"contact, certain",N,"-9",certain,certain,,01.01.01,DAS01,,CAF0422,"4379.215116647056"
"423",contact,"contact, certain",N,"-9",certain,certain,,01.01.01,DAS01,,CAF0423,"347.3720590325294"
"424",contact,"contact, certain",N,"-9",certain,certain,,01.01.01,DAS01,,CAF0424,"1447.647555884867"
"425",contact,"contact, certain",N,"-9",certain,certain,,01.01.01,DAS01,,CAF0425,"20582.07664101265"
"426",contact,"contact, certain",N,"-9",certain,certain,,01.01.01,DAS01,,CAF0426,"2032.972665547606"
"427",contact,"contact, certain",N,"-9",certain,certain,,01.01.01,DAS01,,CAF0427,"459.6845368989673"
"428",contact,"contact, certain",N,"-9",certain,certain,,01.01.01,DAS01,,CAF0428,"7394.678534518233"
"429",contact,"contact, certain",N,"-9",certain,certain,,01.01.01,DAS01,,CAF0429,"2068.5971034942"
"430",contact,"contact, certain",N,"-9",certain,certain,,01.01.01,DAS01,,CAF0430,"2806.149221205013"
"431",contact,"contact, certain",N,"-9",certain,certain,,01.01.01,DAS01,,CAF0431,"2947.592679323321"
"432",contact,"contact, certain",N,"-9",certain,certain,,01.01.01,DAS01,,CAF0432,"3242.306245715421"
"433",contact,"contact, certain",N,"-9",certain,certain,,01.01.01,DAS01,,CAF0433,"762.5912315664351"
"434",contact,"contact, certain",N,"-9",certain,certain,,01.01.01,DAS01,,CAF0434,"12422.67904882911"
"435",contact,"contact, certain",N,"-9",certain,certain,,01.01.01,DAS01,,CAF0435,"5029.396254471007"
"436",contact,"contact, certain",N,"-9",certain,certain,,01.01.01,DAS01,,CAF0436,"1286.696721744244"
"437",contact,"contact, certain",N,"-9",certain,certain,,01.01.01,DAS01,,CAF0437,"2865.523826663596"
"438",contact,"contact, certain",N,"-9",certain,certain,,01.01.01,DAS01,,CAF0438,"2165.317301269581"
"439",contact,"contact, certain",N,"-9",certain,certain,,01.01.01,DAS01,,CAF0439,"5684.478975659491"
"440",contact,"contact, certain",N,"-9",certain,certain,,01.01.01,DAS01,,CAF0440,"3073.296751764943"
"441",contact,"contact, certain",N,"-9",certain,certain,,01.01.01,DAS01,,CAF0441,"917.6109062123231"
"442",contact,"contact, certain",N,"-9",certain,certain,,01.01.01,DAS01,,CAF0442,"375.7792929762136"
"443",contact,"contact, certain",N,"-9",certain,certain,,01.01.01,DAS01,,CAF0443,"1283.614684061977"
"444",contact,"contact, certain",N,"-9",certain,certain,,01.01.01,DAS01,,CAF0444,"364.3351970728586"
"445",contact,"contact, certain",N,"-9",certain,certain,,01.01.01,DAS01,,CAF0445,"3925.406718572696"
"446",contact,"contact, certain",N,"-9",certain,certain,,01.01.01,DAS01,,CAF0446,"2891.353724007937"
"447",contact,"contact, certain",N,"-9",certain,certain,,01.01.01,DAS01,,CAF0447,"293.6667528108632"
"448",contact,"contact, certain",N,"-9",certain,certain,,01.01.01,DAS01,,CAF0448,"407.5592810875896"
"449",contact,"contact, certain",N,"-9",certain,certain,,01.01.01,DAS01,,CAF0449,"6534.198679420567"
"450",contact,"contact, certain",N,"-9",certain,certain,,01.01.01,DAS01,,CAF0450,"2296.503720205333"
"451",contact,"contact, certain",N,"-9",certain,certain,,01.01.01,DAS01,,CAF0451,"1480.726999560651"
"452",contact,"contact, certain",N,"-9",certain,certain,,01.01.01,DAS01,,CAF0452,"10528.62475356266"
"453",contact,"contact, certain",N,"-9",certain,certain,,01.01.01,DAS01,,CAF0453,"765.5106730562561"
"454",contact,"contact, certain",N,"-9",certain,certain,,01.01.01,DAS01,,CAF0454,"502.571526887054"
"455",contact,"contact, certain",N,"-9",certain,certain,,01.01.01,DAS01,,CAF0455,"1130.090923280098"
"456",contact,"contact, certain",N,"-9",certain,certain,,01.01.01,DAS01,,CAF0456,"6223.25897134802"
"457",contact,"contact, certain",N,"-9",certain,certain,,01.01.01,DAS01,,CAF0457,"418.5261378245073"
"458",contact,"contact, certain",N,"-9",certain,certain,,01.01.01,DAS01,,CAF0458,"8450.266536466779"
"459",contact,"contact, certain",N,"-9",certain,certain,,01.01.01,DAS01,,CAF0459,"12445.83585246261"
"460",contact,"contact, certain",N,"-9",certain,certain,,01.01.01,DAS01,,CAF0460,"196.5550255586635"
"461",contact,"contact, certain",N,"-9",certain,certain,,01.01.01,DAS01,,CAF0461,"498.8533460554153"
"462",contact,"contact, certain",N,"-9",certain,certain,,01.01.01,DAS01,,CAF0462,"433.479766633947"
"463",contact,"contact, certain",N,"-9",certain,certain,,01.01.01,DAS01,,CAF0463,"1997.199735992295"
"464",contact,"contact, certain",N,"-9",certain,certain,,01.01.01,DAS01,,CAF0464,"1560.218361096768"
"465",contact,"contact, certain",N,"-9",certain,certain,,01.01.01,DAS01,,CAF0465,"1197.453055552488"
"466",contact,"contact, certain",N,"-9",certain,certain,,01.01.01,DAS01,,CAF0466,"3615.062000396661"
"467",contact,"contact, certain",N,"-9",certain,certain,,01.01.01,DAS01,,CAF0467,"1677.6757505407"
"468",contact,"contact, certain",N,"-9",certain,certain,,01.01.01,DAS01,,CAF0468,"3760.999175709518"
"469",contact,"contact, certain",N,"-9",certain,certain,,01.01.01,DAS01,,CAF0469,"805.0013644991893"
"470",contact,"contact, certain",N,"-9",certain,certain,,01.01.01,DAS01,,CAF0470,"2606.563935899875"
"471",contact,"contact, certain",N,"-9",certain,certain,,01.01.01,DAS01,,CAF0471,"344.4008188657475"
"472",contact,"contact, certain",N,"-9",certain,certain,,01.01.01,DAS01,,CAF0472,"2338.951693849775"
"473",contact,"contact, certain",N,"-9",certain,certain,,01.01.01,DAS01,,CAF0473,"3790.453313100787"
"474",contact,"contact, certain",N,"-9",certain,certain,,01.01.01,DAS01,,CAF0474,"935.5073464101929"
"475",contact,"contact, certain",N,"-9",certain,certain,,01.01.01,DAS01,,CAF0475,"657.3241822641612"
"476",contact,"contact, certain",N,"-9",certain,certain,,01.01.01,DAS01,,CAF0476,"176.6790962584092"
"477",contact,"contact, certain",N,"-9",certain,certain,,01.01.01,DAS01,,CAF0477,"1703.170937407875"
"478",contact,"contact, certain",N,"-9",certain,certain,,01.01.01,DAS01,,CAF0478,"7865.966078572555"
"479",contact,"contact, certain",N,"-9",certain,certain,,01.01.01,DAS01,,CAF0479,"1522.071905807599"
"480",contact,"contact, certain",N,"-9",certain,certain,,01.01.01,DAS01,,CAF0480,"667.5461086201232"
"481",contact,"contact, certain",N,"-9",certain,certain,,01.01.01,DAS01,,CAF0481,"611.3598021644851"
"482",contact,"contact, certain",N,"-9",certain,certain,,01.01.01,DAS01,,CAF0482,"3199.47744485649"
"483",contact,"contact, certain",N,"-9",certain,certain,,01.01.01,DAS01,,CAF0483,"233.6614925023811"
"484",contact,"contact, certain",N,"-9",certain,certain,,01.01.01,DAS01,,CAF0484,"5023.375643639049"
"485",contact,"contact, certain",N,"-9",certain,certain,,01.01.01,DAS01,,CAF0485,"1312.353663059669"
"486",contact,"contact, certain",N,"-9",certain,certain,,01.01.01,DAS01,,CAF0486,"2300.14551805373"
"487",contact,"contact, certain",N,"-9",certain,certain,,01.01.01,DAS01,,CAF0487,"3565.397459369842"
"488",contact,"contact, certain",N,"-9",certain,certain,,01.01.01,DAS01,,CAF0488,"14408.18639581248"
"489",contact,"contact, certain",N,"-9",certain,certain,,01.01.01,DAS01,,CAF0489,"529.4966197476366"
"490",contact,"contact, certain",N,"-9",certain,certain,,01.01.01,DAS01,,CAF0490,"4532.116174808536"
"491",contact,"contact, certain",N,"-9",certain,certain,,01.01.01,DAS01,,CAF0491,"17380.10888057439"
"492",contact,"contact, certain",N,"-9",certain,certain,,01.01.01,DAS01,,CAF0492,"1027.659171580251"
"493",contact,"contact, certain",N,"-9",certain,certain,,01.01.01,DAS01,,CAF0493,"4045.16802163954"
"494",contact,"contact, certain",N,"-9",certain,certain,,01.01.01,DAS01,,CAF0494,"856.1344786841886"
"495",contact,"contact, certain",N,"-9",certain,certain,,01.01.01,DAS01,,CAF0495,"996.3894596049629"
"496",contact,"contact, certain",N,"-9",certain,certain,,01.01.01,DAS01,,CAF0496,"418.5611361039872"
"497",contact,"contact, certain",N,"-9",certain,certain,,01.01.01,DAS01,,CAF0497,"7329.692039859015"
"498",contact,"contact, certain",N,"-9",certain,certain,,01.01.01,DAS01,,CAF0498,"224.8110719816117"
"499",contact,"contact, certain",N,"-9",certain,certain,,01.01.01,DAS01,,CAF0499,"1219.416079332409"
"500",contact,"contact, certain",N,"-9",certain,certain,,01.01.01,DAS01,,CAF0500,"1974.859508878553"
"501",contact,"contact, certain",N,"-9",certain,certain,,01.01.01,DAS01,,CAF0501,"1192.622570078736"
"502",contact,"contact, certain",N,"-9",certain,certain,,01.01.01,DAS01,,CAF0502,"651.4423062715173"
"503",contact,"contact, certain",N,"-9",certain,certain,,01.01.01,DAS01,,CAF0503,"4069.077389329404"
"504",contact,"contact, certain",N,"-9",certain,certain,,01.01.01,DAS01,,CAF0504,"1406.93278578211"
"505",contact,"contact, certain",N,"-9",certain,certain,,01.01.01,DAS01,,CAF0505,"1727.007718475267"
"506",contact,"contact, certain",N,"-9",certain,certain,,01.01.01,DAS01,,CAF0506,"159.11707224865"
"507",contact,"contact, certain",N,"-9",certain,certain,,01.01.01,DAS01,,CAF0507,"1458.028730742717"
"508",contact,"contact, certain",N,"-9",certain,certain,,01.01.01,DAS01,,CAF0508,"1759.973261711398"
"509",contact,"contact, certain",N,"-9",certain,certain,,01.01.01,DAS01,,CAF0509,"392.1647095667109"
"510",contact,"contact, certain",N,"-9",certain,certain,,01.01.01,DAS01,,CAF0510,"4444.904893047494"
"511",contact,"contact, certain",N,"-9",certain,certain,,01.01.01,DAS01,,CAF0511,"1047.277944258645"
"512",contact,"contact, certain",N,"-9",certain,certain,,01.01.01,DAS01,,CAF0512,"2156.354354284422"
"513",contact,"contact, certain",N,"-9",certain,certain,,01.01.01,DAS01,,CAF0513,"8323.961321231476"
"514",contact,"contact, certain",N,"-9",certain,certain,,01.01.01,DAS01,,CAF0514,"4696.78639951283"
"515",contact,"contact, certain",N,"-9",certain,certain,,01.01.01,DAS01,,CAF0515,"4977.306305083139"
"516",contact,"contact, certain",N,"-9",certain,certain,,01.01.01,DAS01,,CAF0516,"6074.126556637704"
"517",contact,"contact, certain",N,"-9",certain,certain,,01.01.01,DAS01,,CAF0517,"162.2821596562599"
"518",contact,"contact, certain",N,"-9",certain,certain,,01.01.01,DAS01,,CAF0518,"435.7109971109056"
"519",contact,"contact, certain",N,"-9",certain,certain,,01.01.01,DAS01,,CAF0519,"2936.393088367139"
"520",contact,"contact, certain",N,"-9",certain,certain,,01.01.01,DAS01,,CAF0520,"4357.521677396985"
"521",contact,"contact, certain",N,"-9",certain,certain,,01.01.01,DAS01,,CAF0521,"4140.445711643877"
"522",contact,"contact, certain",N,"-9",certain,certain,,01.01.01,DAS01,,CAF0522,"623.0723144451396"
"523",contact,"contact, certain",N,"-9",certain,certain,,01.01.01,DAS01,,CAF0523,"8219.909935879143"
"524",contact,"contact, certain",N,"-9",certain,certain,,01.01.01,DAS01,,CAF0524,"853.8408348779304"
"525",contact,"contact, certain",N,"-9",certain,certain,,01.01.01,DAS01,,CAF0525,"666.8229273368702"
"526",contact,"contact, certain",N,"-9",certain,certain,,01.01.01,DAS01,,CAF0526,"1304.747342606893"
"527",contact,"contact, certain",N,"-9",certain,certain,,01.01.01,DAS01,,CAF0527,"1695.017598458032"
"528",contact,"contact, certain",N,"-9",certain,certain,,01.01.01,DAS01,,CAF0528,"266.4035789947368"
"529",contact,"contact, certain",N,"-9",certain,certain,,01.01.01,DAS01,,CAF0529,"7068.6735048315"
"530",contact,"contact, certain",N,"-9",certain,certain,,01.01.01,DAS01,,CAF0530,"1499.86418338504"
"531",contact,"contact, certain",N,"-9",certain,certain,,01.01.01,DAS01,,CAF0531,"215.0430530806321"
"532",contact,"contact, certain",N,"-9",certain,certain,,01.01.01,DAS01,,CAF0532,"2887.282771015439"
"533",contact,"contact, certain",N,"-9",certain,certain,,01.01.01,DAS01,,CAF0533,"7025.847231781572"
"534",contact,"contact, certain",N,"-9",certain,certain,,01.01.01,DAS01,,CAF0534,"984.6555355439316"
"535",contact,"contact, certain",N,"-9",certain,certain,,01.01.01,DAS01,,CAF0535,"2342.878234311466"
"536",contact,"contact, certain",N,"-9",certain,certain,,01.01.01,DAS01,,CAF0536,"2757.783589302603"
"537",contact,"contact, certain",N,"-9",certain,certain,,01.01.01,DAS01,,CAF0537,"1400.134564948763"
"538",contact,"contact, certain",N,"-9",certain,certain,,01.01.01,DAS01,,CAF0538,"1968.87664474255"
"539",contact,"contact, certain",N,"-9",certain,certain,,01.01.01,DAS01,,CAF0539,"1247.928006951661"
"540",contact,"contact, certain",N,"-9",certain,certain,,01.01.01,DAS01,,CAF0540,"3517.582880372978"
"541",contact,"contact, certain",N,"-9",certain,certain,,01.01.01,DAS01,,CAF0541,"3023.775898495388"
"542",contact,"contact, certain",N,"-9",certain,certain,,01.01.01,DAS01,,CAF0542,"2314.567351190966"
"543",contact,"contact, certain",N,"-9",certain,certain,,01.01.01,DAS01,,CAF0543,"12384.65548451023"
"544",contact,"contact, certain",N,"-9",certain,certain,,01.01.01,DAS01,,CAF0544,"6239.25555577151"
"545",contact,"contact, certain",N,"-9",certain,certain,,01.01.01,DAS01,,CAF0545,"15297.70066452988"
"546",contact,"contact, certain",N,"-9",certain,certain,,01.01.01,DAS01,,CAF0546,"1208.13824297636"
"547",contact,"contact, certain",N,"-9",certain,certain,,01.01.01,DAS01,,CAF0547,"6609.597406346364"
"548",contact,"contact, certain",N,"-9",certain,certain,,01.01.01,DAS01,,CAF0548,"2897.180958640952"
"549",contact,"contact, certain",N,"-9",certain,certain,,01.01.01,DAS01,,CAF0549,"1890.029958664413"
"550",contact,"contact, certain",N,"-9",certain,certain,,01.01.01,DAS01,,CAF0550,"3547.592598690709"
"551",contact,"contact, certain",N,"-9",certain,certain,,01.01.01,DAS01,,CAF0551,"292.6569214614225"
"552",contact,"contact, certain",N,"-9",certain,certain,,01.01.01,DAS01,,CAF0552,"1640.586455853693"
"553",contact,"contact, certain",N,"-9",certain,certain,,01.01.01,DAS01,,CAF0553,"325.637036145446"
"554",contact,"contact, certain",N,"-9",certain,certain,,01.01.01,DAS01,,CAF0554,"2123.733023163448"
"555",contact,"contact, certain",N,"-9",certain,certain,,01.01.01,DAS01,,CAF0555,"4582.856007626536"
"556",contact,"contact, certain",N,"-9",certain,certain,,01.01.01,DAS01,,CAF0556,"1396.75474949822"
"557",contact,"contact, certain",N,"-9",certain,certain,,01.01.01,DAS01,,CAF0557,"6573.286803679972"
"558",contact,"contact, certain",N,"-9",certain,certain,,01.01.01,DAS01,,CAF0558,"1319.770561120858"
"559",contact,"contact, certain",N,"-9",certain,certain,,01.01.01,DAS01,,CAF0559,"515.135688376407"
"560",contact,"contact, certain",N,"-9",certain,certain,,01.01.01,DAS01,,CAF0560,"6818.157804651772"
"561",contact,"contact, certain",N,"-9",certain,certain,,01.01.01,DAS01,,CAF0561,"3527.888428895615"
"562",contact,"contact, certain",N,"-9",certain,certain,,01.01.01,DAS01,,CAF0562,"299.294925992708"
"563",contact,"contact, certain",N,"-9",certain,certain,,01.01.01,DAS01,,CAF0563,"4068.962574542852"
"564",contact,"contact, certain",N,"-9",certain,certain,,01.01.01,DAS01,,CAF0564,"535.4744225903646"
"565",contact,"contact, certain",N,"-9",certain,certain,,01.01.01,DAS01,,CAF0565,"1897.509133902056"
"566",contact,"contact, certain",N,"-9",certain,certain,,01.01.01,DAS01,,CAF0566,"671.7620651231714"
"567",contact,"contact, certain",N,"-9",certain,certain,,01.01.01,DAS01,,CAF0567,"544.6332526192728"
"568",contact,"contact, certain",N,"-9",certain,certain,,01.01.01,DAS01,,CAF0568,"882.7995555188886"
"569",contact,"contact, certain",N,"-9",certain,certain,,01.01.01,DAS01,,CAF0569,"1033.084012197977"
"570",contact,"contact, certain",N,"-9",certain,certain,,01.01.01,DAS01,,CAF0570,"1424.847955528953"
"571",contact,"contact, certain",N,"-9",certain,certain,,01.01.01,DAS01,,CAF0571,"5426.680531713077"
"572",contact,"contact, certain",N,"-9",certain,certain,,01.01.01,DAS01,,CAF0572,"1090.45053711985"
"573",contact,"contact, certain",N,"-9",certain,certain,,01.01.01,DAS01,,CAF0573,"6602.682544201115"
"574",contact,"contact, certain",N,"-9",certain,certain,,01.01.01,DAS01,,CAF0574,"2781.905456636962"
"575",contact,"contact, certain",N,"-9",certain,certain,,01.01.01,DAS01,,CAF0575,"1693.557229052644"
"576",contact,"contact, certain",N,"-9",certain,certain,,01.01.01,DAS01,,CAF0576,"3906.51437403437"
"577",contact,"contact, certain",N,"-9",certain,certain,,01.01.01,DAS01,,CAF0577,"1480.565917802512"
"578",contact,"contact, certain",N,"-9",certain,certain,,01.01.01,DAS01,,CAF0578,"1939.218539450063"
"579",contact,"contact, certain",N,"-9",certain,certain,,01.01.01,DAS01,,CAF0579,"684.387868129297"
"580",contact,"contact, certain",N,"-9",certain,certain,,01.01.01,DAS01,,CAF0580,"624.5792528447876"
"581",contact,"contact, certain",N,"-9",certain,certain,,01.01.01,DAS01,,CAF0581,"3326.381278573463"
"582",contact,"contact, certain",N,"-9",certain,certain,,01.01.01,DAS01,,CAF0582,"1023.612524194693"
"583",contact,"contact, certain",N,"-9",certain,certain,,01.01.01,DAS01,,CAF0583,"10122.5140653754"
"584",contact,"contact, certain",N,"-9",certain,certain,,01.01.01,DAS01,,CAF0584,"720.1600804149911"
"585",contact,"contact, certain",N,"-9",certain,certain,,01.01.01,DAS01,,CAF0585,"1184.181835813444"
"586",contact,"contact, certain",N,"-9",certain,certain,,01.01.01,DAS01,,CAF0586,"15400.11364100687"
"587",contact,"contact, certain",N,"-9",certain,certain,,01.01.01,DAS01,,CAF0587,"684.5202346558068"
"588",contact,"contact, certain",N,"-9",certain,certain,,01.01.01,DAS01,,CAF0588,"1137.173432510854"
"589",contact,"contact, certain",N,"-9",certain,certain,,01.01.01,DAS01,,CAF0589,"3329.371911130938"
"590",contact,"contact, certain",N,"-9",certain,certain,,01.01.01,DAS01,,CAF0590,"4480.191783894732"
"591",contact,"contact, certain",N,"-9",certain,certain,,01.01.01,DAS01,,CAF0591,"1634.24810114018"
"592",contact,"contact, certain",N,"-9",certain,certain,,01.01.01,DAS01,,CAF0592,"1134.725099565985"
"593",contact,"contact, certain",N,"-9",certain,certain,,01.01.01,DAS01,,CAF0593,"4685.631402044044"
"594",contact,"contact, certain",N,"-9",certain,certain,,01.01.01,DAS01,,CAF0594,"1608.784573843305"
"595",contact,"contact, certain",N,"-9",certain,certain,,01.01.01,DAS01,,CAF0595,"775.085217508603"
"596",contact,"contact, certain",N,"-9",certain,certain,,01.01.01,DAS01,,CAF0596,"780.6110418198423"
"597",contact,"contact, certain",N,"-9",certain,certain,,01.01.01,DAS01,,CAF0597,"535.1537158876757"
"598",contact,"contact, certain",N,"-9",certain,certain,,01.01.01,DAS01,,CAF0598,"379.0493342198905"
"599",contact,"contact, certain",N,"-9",certain,certain,,01.01.01,DAS01,,CAF0599,"1529.169226043884"
"600",contact,"contact, certain",N,"-9",certain,certain,,01.01.01,DAS01,,CAF0600,"10891.87863672095"
"601",contact,"contact, certain",N,"-9",certain,certain,,01.01.01,DAS01,,CAF0601,"1576.292293699905"
"602",contact,"contact, certain",N,"-9",certain,certain,,01.01.01,DAS01,,CAF0602,"1599.634836363272"
"603",contact,"contact, certain",N,"-9",certain,certain,,01.01.01,DAS01,,CAF0603,"194.7540306822135"
"604",contact,"contact, certain",N,"-9",certain,certain,,01.01.01,DAS01,,CAF0604,"6071.413096878313"
"605",contact,"contact, certain",N,"-9",certain,certain,,01.01.01,DAS01,,CAF0605,"2124.492058627461"
"606",contact,"contact, certain",N,"-9",certain,certain,,01.01.01,DAS01,,CAF0606,"1083.660065132939"
"607",contact,"contact, certain",N,"-9",certain,certain,,01.01.01,DAS01,,CAF0607,"8077.366955764823"
"608",contact,"contact, certain",N,"-9",certain,certain,,01.01.01,DAS01,,CAF0608,"1576.625781959709"
"609",contact,"contact, certain",N,"-9",certain,certain,,01.01.01,DAS01,,CAF0609,"2839.296672679264"
"610",contact,"contact, certain",N,"-9",certain,certain,,01.01.01,DAS01,,CAF0610,"483.3557530723642"
"611",contact,"contact, certain",N,"-9",certain,certain,,01.01.01,DAS01,,CAF0611,"1294.233696259167"
"612",contact,"contact, certain",N,"-9",certain,certain,,01.01.01,DAS01,,CAF0612,"769.6148344786425"
"613",contact,"contact, certain",N,"-9",certain,certain,,01.01.01,DAS01,,CAF0613,"1027.476681743943"
"614",contact,"contact, certain",N,"-9",certain,certain,,01.01.01,DAS01,,CAF0614,"1817.187450736802"
"615",contact,"contact, certain",N,"-9",certain,certain,,01.01.01,DAS01,,CAF0615,"1486.917515412242"
"616",contact,"contact, certain",N,"-9",certain,certain,,01.01.01,DAS01,,CAF0616,"2338.674871540234"
"617",contact,"contact, certain",N,"-9",certain,certain,,01.01.01,DAS01,,CAF0617,"5873.330689723024"
"618",contact,"contact, certain",N,"-9",certain,certain,,01.01.01,DAS01,,CAF0618,"6682.416795665764"
"619",contact,"contact, certain",N,"-9",certain,certain,,01.01.01,DAS01,,CAF0619,"1036.046669892615"
"620",contact,"contact, certain",N,"-9",certain,certain,,01.01.01,DAS01,,CAF0620,"858.2152857978868"
"621",contact,"contact, certain",N,"-9",certain,certain,,01.01.01,DAS01,,CAF0621,"479.7670045593902"
"622",contact,"contact, certain",N,"-9",certain,certain,,01.01.01,DAS01,,CAF0622,"2657.485069595824"
"623",contact,"contact, certain",N,"-9",certain,certain,,01.01.01,DAS01,,CAF0623,"2450.582353101424"
"624",contact,"contact, certain",N,"-9",certain,certain,,01.01.01,DAS01,,CAF0624,"3065.342869351899"
"625",contact,"contact, certain",N,"-9",certain,certain,,01.01.01,DAS01,,CAF0625,"982.5268014967066"
"626",contact,"contact, certain",N,"-9",certain,certain,,01.01.01,DAS01,added line to match printed map,CAF0626,"296.4974570857783"
"627",contact,"contact, certain",N,"-9",certain,certain,,01.01.01,DAS01,,CAF0627,"6411.368453833662"
"628",contact,"contact, certain",N,"-9",certain,certain,,01.01.01,DAS01,,CAF0628,"586.8598939717338"
"629",contact,"contact, certain",N,"-9",certain,certain,,01.01.01,DAS01,,CAF0629,"3224.912575820857"
"630",contact,"contact, certain",N,"-9",certain,certain,,01.01.01,DAS01,,CAF0630,"327.7224728532622"
"631",contact,"contact, certain",N,"-9",certain,certain,,01.01.01,DAS01,,CAF0631,"4019.746293596461"
"632",contact,"contact, certain",N,"-9",certain,certain,,01.01.01,DAS01,,CAF0632,"1077.947377387363"
"633",contact,"contact, certain",N,"-9",certain,certain,,01.01.01,DAS01,,CAF0633,"708.7546582385725"
"634",contact,"contact, certain",N,"-9",certain,certain,,01.01.01,DAS01,,CAF0634,"340.978730623679"
"635",contact,"contact, certain",N,"-9",certain,certain,,01.01.01,DAS01,,CAF0635,"7334.969929790249"
"636",contact,"contact, certain",N,"-9",certain,certain,,01.01.01,DAS01,,CAF0636,"274.3390634891687"
"637",contact,"contact, certain",N,"-9",certain,certain,,01.01.01,DAS01,,CAF0637,"1205.123096380742"
"638",contact,"contact, certain",N,"-9",certain,certain,,01.01.01,DAS01,,CAF0638,"2001.887036484868"
"639",contact,"contact, certain",N,"-9",certain,certain,,01.01.01,DAS01,,CAF0639,"608.6894264274857"
"640",contact,"contact, certain",N,"-9",certain,certain,,01.01.01,DAS01,,CAF0640,"1485.311025554835"
"641",contact,"contact, certain",N,"-9",certain,certain,,01.01.01,DAS01,,CAF0641,"6008.440811381972"
"642",contact,"contact, certain",N,"-9",certain,certain,,01.01.01,DAS01,,CAF0642,"9817.095814788348"
"643",contact,"contact, certain",N,"-9",certain,certain,,01.01.01,DAS01,,CAF0643,"3295.156978876626"
"644",contact,"contact, certain",N,"-9",certain,certain,,01.01.01,DAS01,,CAF0644,"2619.631485952447"
"645",contact,"contact, certain",N,"-9",certain,certain,,01.01.01,DAS01,,CAF0645,"1916.535385856348"
"646",contact,"contact, certain",N,"-9",certain,certain,,01.01.01,DAS01,,CAF0646,"258.899861643833"
"647",contact,"contact, certain",N,"-9",certain,certain,,01.01.01,DAS01,,CAF0647,"10682.05517283257"
"648",contact,"contact, certain",N,"-9",certain,certain,,01.01.01,DAS01,,CAF0648,"2087.2514083311"
"649",contact,"contact, certain",N,"-9",certain,certain,,01.01.01,DAS01,,CAF0649,"1047.318203028439"
"650",contact,"contact, certain",N,"-9",certain,certain,,01.01.01,DAS01,,CAF0650,"272.2681104170167"
"651",contact,"contact, certain",N,"-9",certain,certain,,01.01.01,DAS01,,CAF0651,"1363.671696799167"
"652",contact,"contact, certain",N,"-9",certain,certain,,01.01.01,DAS01,,CAF0652,"533.8154655807436"
"653",contact,"contact, certain",N,"-9",certain,certain,,01.01.01,DAS01,,CAF0653,"2123.811846164629"
"654",contact,"contact, certain",N,"-9",certain,certain,,01.01.01,DAS01,,CAF0654,"1353.736249126493"
"655",contact,"contact, certain",N,"-9",certain,certain,,01.01.01,DAS01,,CAF0655,"1941.986913679449"
"656",contact,"contact, certain",N,"-9",certain,certain,,01.01.01,DAS01,,CAF0656,"22443.94120098391"
"657",contact,"contact, certain",N,"-9",certain,certain,,01.01.01,DAS01,,CAF0657,"1334.897289081714"
"658",contact,"contact, certain",N,"-9",certain,certain,,01.01.01,DAS01,,CAF0658,"3926.759023228563"
"659",contact,"contact, certain",N,"-9",certain,certain,,01.01.01,DAS01,,CAF0659,"2905.57249791707"
"660",contact,"contact, certain",N,"-9",certain,certain,,01.01.01,DAS01,,CAF0660,"2768.015041539089"
"661",contact,"contact, certain",N,"-9",certain,certain,,01.01.01,DAS01,,CAF0661,"848.9588560270286"
"662",contact,"contact, certain",N,"-9",certain,certain,,01.01.01,DAS01,,CAF0662,"262.1604098989265"
"663",contact,"contact, certain",N,"-9",certain,certain,,01.01.01,DAS01,,CAF0663,"2379.560366680748"
"664",contact,"contact, certain",N,"-9",certain,certain,,01.01.01,DAS01,,CAF0664,"1010.412757104046"
"665",contact,"contact, certain",N,"-9",certain,certain,,01.01.01,DAS01,,CAF0665,"1786.059670849615"
"666",contact,"contact, certain",N,"-9",certain,certain,,01.01.01,DAS01,,CAF0666,"2189.412262012287"
"667",contact,"contact, certain",N,"-9",certain,certain,,01.01.01,DAS01,,CAF0667,"4131.512720690873"
"668",contact,"contact, certain",N,"-9",certain,certain,,01.01.01,DAS01,,CAF0668,"5834.247453790815"
"669",contact,"contact, certain",N,"-9",certain,certain,,01.01.01,DAS01,,CAF0669,"1005.5700263352"
"670",contact,"contact, certain",N,"-9",certain,certain,,01.01.01,DAS01,,CAF0670,"5944.308054209449"
"671",contact,"contact, certain",N,"-9",certain,certain,,01.01.01,DAS01,,CAF0671,"4968.591477790274"
"672",contact,"contact, certain",N,"-9",certain,certain,,01.01.01,DAS01,,CAF0672,"3951.430277499086"
"673",contact,"contact, certain",N,"-9",certain,certain,,01.01.01,DAS01,,CAF0673,"3152.860677486033"
"674",contact,"contact, certain",N,"-9",certain,certain,,01.01.01,DAS01,,CAF0674,"4904.922180353615"
"675",contact,"contact, certain",N,"-9",certain,certain,,01.01.01,DAS01,,CAF0675,"1283.28350506675"
"676",contact,"contact, certain",N,"-9",certain,certain,,01.01.01,DAS01,,CAF0676,"248.3396975408642"
"677",contact,"contact, certain",N,"-9",certain,certain,,01.01.01,DAS01,,CAF0677,"372.5141730872991"
"678",contact,"contact, certain",N,"-9",certain,certain,,01.01.01,DAS01,,CAF0678,"3015.649542017728"
"679",contact,"contact, certain",N,"-9",certain,certain,,01.01.01,DAS01,,CAF0679,"4218.677666475961"
"680",contact,"contact, certain",N,"-9",certain,certain,,01.01.01,DAS01,,CAF0680,"390.3561448178217"
"681",contact,"contact, certain",N,"-9",certain,certain,,01.01.01,DAS01,,CAF0681,"816.9098915032504"
"682",contact,"contact, certain",N,"-9",certain,certain,,01.01.01,DAS01,,CAF0682,"3635.6731992788"
"683",contact,"contact, certain",N,"-9",certain,certain,,01.01.01,DAS01,,CAF0683,"605.7033488954623"
"684",contact,"contact, certain",N,"-9",certain,certain,,01.01.01,DAS01,,CAF0684,"1723.713321285239"
"685",contact,"contact, certain",N,"-9",certain,certain,,01.01.01,DAS01,,CAF0685,"3938.893953829292"
"686",contact,"contact, certain",N,"-9",certain,certain,,01.01.01,DAS01,,CAF0686,"4965.968433898274"
"687",contact,"contact, certain",N,"-9",certain,certain,,01.01.01,DAS01,,CAF0687,"18382.1186820985"
"688",contact,"contact, certain",N,"-9",certain,certain,,01.01.01,DAS01,,CAF0688,"282.6313403225785"
"689",contact,"contact, certain",N,"-9",certain,certain,,01.01.01,DAS01,,CAF0689,"2641.112921511099"
"690",contact,"contact, certain",N,"-9",certain,certain,,01.01.01,DAS01,,CAF0690,"7746.514778399026"
"691",contact,"contact, certain",N,"-9",certain,certain,,01.01.01,DAS01,,CAF0691,"484.9598418732617"
"692",contact,"contact, certain",N,"-9",certain,certain,,01.01.01,DAS01,,CAF0692,"63.98982278451869"
"693",contact,"contact, certain",N,"-9",certain,certain,,01.01.01,DAS01,,CAF0693,"2386.858697678608"
"694",contact,"contact, certain",N,"-9",certain,certain,,01.01.01,DAS01,,CAF0694,"1259.159794733714"
"695",contact,"contact, certain",N,"-9",certain,certain,,01.01.01,DAS01,,CAF0695,"4142.649409499141"
"696",contact,"contact, certain",N,"-9",certain,certain,,01.01.01,DAS01,,CAF0696,"377.3232009096172"
"697",contact,"contact, certain",N,"-9",certain,certain,,01.01.01,DAS01,,CAF0697,"3890.892357812247"
"698",contact,"contact, certain",N,"-9",certain,certain,,01.01.01,DAS01,,CAF0698,"975.4152886010999"
"699",contact,"contact, certain",N,"-9",certain,certain,,01.01.01,DAS01,,CAF0699,"511.1472163059721"
"700",contact,"contact, certain",N,"-9",certain,certain,,01.01.01,DAS01,,CAF0700,"18259.60220712581"
"701",contact,"contact, certain",N,"-9",certain,certain,,01.01.01,DAS01,,CAF0701,"2383.892387440582"
"702",contact,"contact, certain",N,"-9",certain,certain,,01.01.01,DAS01,,CAF0702,"7238.736292238486"
"703",contact,"contact, certain",N,"-9",certain,certain,,01.01.01,DAS01,,CAF0703,"329.2472553080129"
"704",contact,"contact, certain",N,"-9",certain,certain,,01.01.01,DAS01,,CAF0704,"5054.705879887098"
"705",contact,"contact, certain",N,"-9",certain,certain,,01.01.01,DAS01,,CAF0705,"1484.596824174179"
"706",contact,"contact, certain",N,"-9",certain,certain,,01.01.01,DAS01,,CAF0706,"116.4556315896661"
"707",contact,"contact, certain",N,"-9",certain,certain,,01.01.01,DAS01,,CAF0707,"122.6372641098172"
"708",contact,"contact, certain",N,"-9",certain,certain,,01.01.01,DAS01,,CAF0708,"4643.430141177895"
"709",contact,"contact, certain",N,"-9",certain,certain,,01.01.01,DAS01,,CAF0709,"3094.961004522376"
"710",contact,"contact, certain",N,"-9",certain,certain,,01.01.01,DAS01,,CAF0710,"904.1292407609085"
"711",contact,"contact, certain",N,"-9",certain,certain,,01.01.01,DAS01,,CAF0711,"2236.271335020214"
"712",contact,"contact, certain",N,"-9",certain,certain,,01.01.01,DAS01,,CAF0712,"1202.846995455091"
"713",contact,"contact, certain",N,"-9",certain,certain,,01.01.01,DAS01,,CAF0713,"5962.576571926101"
"714",contact,"contact, certain",N,"-9",certain,certain,,01.01.01,DAS01,,CAF0714,"10906.46939541157"
"715",contact,"contact, certain",N,"-9",certain,certain,,01.01.01,DAS01,,CAF0715,"1412.544772020943"
"716",contact,"contact, certain",N,"-9",certain,certain,,01.01.01,DAS01,,CAF0716,"723.5435463109621"
"717",contact,"contact, certain",N,"-9",certain,certain,,01.01.01,DAS01,,CAF0717,"1288.550725024322"
"718",contact,"contact, certain",N,"-9",certain,certain,,01.01.01,DAS01,,CAF0718,"4351.298906589276"
"719",contact,"contact, certain",N,"-9",certain,certain,,01.01.01,DAS01,,CAF0719,"882.4116525651073"
"720",contact,"contact, certain",N,"-9",certain,certain,,01.01.01,DAS01,,CAF0720,"1278.445744568881"
"721",contact,"contact, certain",N,"-9",certain,certain,,01.01.01,DAS01,,CAF0721,"288.8572024753896"
"722",contact,"contact, certain",N,"-9",certain,certain,,01.01.01,DAS01,,CAF0722,"502.9849549978506"
"723",contact,"contact, certain",N,"-9",certain,certain,,01.01.01,DAS01,,CAF0723,"25017.44020929427"
"724",contact,"contact, certain",N,"-9",certain,certain,,01.01.01,DAS01,,CAF0724,"1282.792690724354"
"725",contact,"contact, certain",N,"-9",certain,certain,,01.01.01,DAS01,,CAF0725,"10320.14320951901"
"726",contact,"contact, certain",N,"-9",certain,certain,,01.01.01,DAS01,,CAF0726,"3232.046054301043"
"727",contact,"contact, certain",N,"-9",certain,certain,,01.01.01,DAS01,,CAF0727,"665.5880695840315"
"728",contact,"contact, certain",N,"-9",certain,certain,,01.01.01,DAS01,,CAF0728,"268.3991026669065"
"729",contact,"contact, certain",N,"-9",certain,certain,,01.01.01,DAS01,,CAF0729,"3499.373958910733"
"730",contact,"contact, certain",N,"-9",certain,certain,,01.01.01,DAS01,,CAF0730,"751.4486114519883"
"731",contact,"contact, certain",N,"-9",certain,certain,,01.01.01,DAS01,,CAF0731,"8935.849118725313"
"732",contact,"contact, certain",N,"-9",certain,certain,,01.01.01,DAS01,,CAF0732,"247.5091983425341"
"733",contact,"contact, certain",N,"-9",certain,certain,,01.01.01,DAS01,,CAF0733,"1181.847059188261"
"734",contact,"contact, certain",N,"-9",certain,certain,,01.01.01,DAS01,,CAF0734,"2377.513348836532"
"735",contact,"contact, certain",N,"-9",certain,certain,,01.01.01,DAS01,,CAF0735,"10644.75085360746"
"736",contact,"contact, certain",N,"-9",certain,certain,,01.01.01,DAS01,,CAF0736,"3754.729229690936"
"737",contact,"contact, certain",N,"-9",certain,certain,,01.01.01,DAS01,,CAF0737,"6474.315390050539"
"738",contact,"contact, certain",N,"-9",certain,certain,,01.01.01,DAS01,,CAF0738,"1456.238838580024"
"739",contact,"contact, certain",N,"-9",certain,certain,,01.01.01,DAS01,,CAF0739,"7123.247777013974"
"740",contact,"contact, certain",N,"-9",certain,certain,,01.01.01,DAS01,,CAF0740,"1956.094828183237"
"741",contact,"contact, certain",N,"-9",certain,certain,,01.01.01,DAS01,,CAF0741,"1353.740151580593"
"742",contact,"contact, certain",N,"-9",certain,certain,,01.01.01,DAS01,,CAF0742,"2111.994000624259"
"743",contact,"contact, certain",N,"-9",certain,certain,,01.01.01,DAS01,,CAF0743,"17367.56228117353"
"744",contact,"contact, certain",N,"-9",certain,certain,,01.01.01,DAS01,,CAF0744,"2781.347761981988"
"745",contact,"contact, certain",N,"-9",certain,certain,,01.01.01,DAS01,,CAF0745,"3295.344279558622"
"746",contact,"contact, certain",N,"-9",certain,certain,,01.01.01,DAS01,,CAF0746,"3498.18327691231"
"747",contact,"contact, certain",N,"-9",certain,certain,,01.01.01,DAS01,,CAF0747,"2652.317737059716"
"748",contact,"contact, certain",N,"-9",certain,certain,,01.01.01,DAS01,,CAF0748,"1044.929106131946"
"749",contact,"contact, certain",N,"-9",certain,certain,,01.01.01,DAS01,,CAF0749,"2867.215845740688"
"750",contact,"contact, certain",N,"-9",certain,certain,,01.01.01,DAS01,,CAF0750,"4639.571902196998"
"751",contact,"contact, certain",N,"-9",certain,certain,,01.01.01,DAS01,,CAF0751,"3298.203792526102"
"752",contact,"contact, certain",N,"-9",certain,certain,,01.01.01,DAS01,,CAF0752,"544.6431844414299"
"753",contact,"contact, certain",N,"-9",certain,certain,,01.01.01,DAS01,,CAF0753,"162.1733286581043"
"754",contact,"contact, certain",N,"-9",certain,certain,,01.01.01,DAS01,,CAF0754,"332.6000307728195"
"755",contact,"contact, certain",N,"-9",certain,certain,,01.01.01,DAS01,,CAF0755,"2965.814992986128"
"756",contact,"contact, certain",N,"-9",certain,certain,,01.01.01,DAS01,,CAF0756,"3936.208720574939"
"757",contact,"contact, certain",N,"-9",certain,certain,,01.01.01,DAS01,,CAF0757,"694.140155681059"
"758",contact,"contact, certain",N,"-9",certain,certain,,01.01.01,DAS01,,CAF0758,"597.2472735581742"
"759",contact,"contact, certain",N,"-9",certain,certain,,01.01.01,DAS01,,CAF0759,"92.86248396952092"
"760",contact,"contact, certain",N,"-9",certain,certain,,01.01.01,DAS01,,CAF0760,"998.7312389026824"
"761",contact,"contact, certain",N,"-9",certain,certain,,01.01.01,DAS01,,CAF0761,"1133.763697833492"
"762",contact,"contact, certain",N,"-9",certain,certain,,01.01.01,DAS01,,CAF0762,"255.3878635775716"
"763",contact,"contact, certain",N,"-9",certain,certain,,01.01.01,DAS01,,CAF0763,"1199.507740254874"
"764",contact,"contact, certain",N,"-9",certain,certain,,01.01.01,DAS01,,CAF0764,"7507.199889830948"
"765",contact,"contact, certain",N,"-9",certain,certain,,01.01.01,DAS01,,CAF0765,"1411.45215608031"
"766",contact,"contact, certain",N,"-9",certain,certain,,01.01.01,DAS01,,CAF0766,"2559.120335785211"
"767",contact,"contact, certain",N,"-9",certain,certain,,01.01.01,DAS01,,CAF0767,"871.2446930229464"
"768",contact,"contact, certain",N,"-9",certain,certain,,01.01.01,DAS01,,CAF0768,"3515.037803779392"
"769",contact,"contact, certain",N,"-9",certain,certain,,01.01.01,DAS01,,CAF0769,"316.2399749904756"
"770",contact,"contact, certain",N,"-9",certain,certain,,01.01.01,DAS01,,CAF0770,"4335.919410969032"
"771",contact,"contact, certain",N,"-9",certain,certain,,01.01.01,DAS01,,CAF0771,"2720.527756916925"
"772",contact,"contact, certain",N,"-9",certain,certain,,01.01.01,DAS01,,CAF0772,"8083.007549870988"
"773",contact,"contact, certain",N,"-9",certain,certain,,01.01.01,DAS01,,CAF0773,"1384.888393811937"
"774",contact,"contact, certain",N,"-9",certain,certain,,01.01.01,DAS01,,CAF0774,"1844.594331426785"
"775",contact,"contact, certain",N,"-9",certain,certain,,01.01.01,DAS01,,CAF0775,"216.6246874208326"
"776",contact,"contact, certain",N,"-9",certain,certain,,01.01.01,DAS01,,CAF0776,"8323.014985290714"
"777",contact,"contact, certain",N,"-9",certain,certain,,01.01.01,DAS01,,CAF0777,"971.8434495394481"
"778",contact,"contact, certain",N,"-9",certain,certain,,01.01.01,DAS01,,CAF0778,"2863.421623862607"
"779",contact,"contact, certain",N,"-9",certain,certain,,01.01.01,DAS01,,CAF0779,"12464.08590302864"
"780",contact,"contact, certain",N,"-9",certain,certain,,01.01.01,DAS01,,CAF0780,"560.3356950375656"
"781",contact,"contact, certain",N,"-9",certain,certain,,01.01.01,DAS01,,CAF0781,"919.7457206849331"
"782",contact,"contact, certain",N,"-9",certain,certain,,01.01.01,DAS01,,CAF0782,"2469.296938146369"
"783",contact,"contact, certain",N,"-9",certain,certain,,01.01.01,DAS01,,CAF0783,"9497.098234498721"
"784",contact,"contact, certain",N,"-9",certain,certain,,01.01.01,DAS01,,CAF0784,"699.9688074108557"
"785",contact,"contact, certain",N,"-9",certain,certain,,01.01.01,DAS01,,CAF0785,"889.5964603686905"
"786",contact,"contact, certain",N,"-9",certain,certain,,01.01.01,DAS01,,CAF0786,"420.5180088301391"
"787",contact,"contact, certain",N,"-9",certain,certain,,01.01.01,DAS01,,CAF0787,"260.2522002408972"
"788",contact,"contact, certain",N,"-9",certain,certain,,01.01.01,DAS01,,CAF0788,"882.4488087947608"
"789",contact,"contact, certain",N,"-9",certain,certain,,01.01.01,DAS01,,CAF0789,"451.063924089992"
"790",contact,"contact, certain",N,"-9",certain,certain,,01.01.01,DAS01,,CAF0790,"1107.626046317067"
"791",contact,"contact, certain",N,"-9",certain,certain,,01.01.01,DAS01,,CAF0791,"1720.46574633627"
"792",contact,"contact, certain",N,"-9",certain,certain,,01.01.01,DAS01,,CAF0792,"2220.446016448309"
"793",contact,"contact, certain",N,"-9",certain,certain,,01.01.01,DAS01,,CAF0793,"1528.503809571888"
"794",contact,"contact, certain",N,"-9",certain,certain,,01.01.01,DAS01,,CAF0794,"543.5715396284229"
"795",contact,"contact, certain",N,"-9",certain,certain,,01.01.01,DAS01,,CAF0795,"1250.661054447536"
"796",contact,"contact, certain",N,"-9",certain,certain,,01.01.01,DAS01,,CAF0796,"26296.71181231591"
"797",contact,"contact, certain",N,"-9",certain,certain,,01.01.01,DAS01,,CAF0797,"1028.173958017647"
"798",contact,"contact, certain",N,"-9",certain,certain,,01.01.01,DAS01,,CAF0798,"1422.220091567767"
"799",contact,"contact, certain",N,"-9",certain,certain,,01.01.01,DAS01,,CAF0799,"2394.78191428315"
"800",contact,"contact, certain",N,"-9",certain,certain,,01.01.01,DAS01,,CAF0800,"1373.768141332856"
"801",contact,"contact, certain",N,"-9",certain,certain,,01.01.01,DAS01,,CAF0801,"326.2633242917762"
"802",contact,"contact, certain",N,"-9",certain,certain,,01.01.01,DAS01,,CAF0802,"420.3319147586427"
"803",contact,"contact, certain",N,"-9",certain,certain,,01.01.01,DAS01,,CAF0803,"1705.572792276048"
"804",contact,"contact, certain",N,"-9",certain,certain,,01.01.01,DAS01,,CAF0804,"3300.800815273074"
"805",contact,"contact, certain",N,"-9",certain,certain,,01.01.01,DAS01,,CAF0805,"3380.409860244775"
"806",contact,"contact, certain",N,"-9",certain,certain,,01.01.01,DAS01,,CAF0806,"393.983693136635"
"807",contact,"contact, certain",N,"-9",certain,certain,,01.01.01,DAS01,,CAF0807,"386.7494717473527"
"808",contact,"contact, certain",N,"-9",certain,certain,,01.01.01,DAS01,,CAF0808,"738.1921770674885"
"809",contact,"contact, certain",N,"-9",certain,certain,,01.01.01,DAS01,,CAF0809,"2517.893885312581"
"810",contact,"contact, certain",N,"-9",certain,certain,,01.01.01,DAS01,,CAF0810,"4558.15678142083"
"811",contact,"contact, certain",N,"-9",certain,certain,,01.01.01,DAS01,,CAF0811,"948.2084018331553"
"812",contact,"contact, certain",N,"-9",certain,certain,,01.01.01,DAS01,,CAF0812,"3885.649742660116"
"813",contact,"contact, certain",N,"-9",certain,certain,,01.01.01,DAS01,,CAF0813,"643.2945541079876"
"814",contact,"contact, certain",N,"-9",certain,certain,,01.01.01,DAS01,,CAF0814,"1872.093457601401"
"815",contact,"contact, certain",N,"-9",certain,certain,,01.01.01,DAS01,,CAF0815,"3124.791923897561"
"816",contact,"contact, certain",N,"-9",certain,certain,,01.01.01,DAS01,,CAF0816,"1888.509866418475"
"817",contact,"contact, certain",N,"-9",certain,certain,,01.01.01,DAS01,,CAF0817,"3188.503262671365"
"818",contact,"contact, certain",N,"-9",certain,certain,,01.01.01,DAS01,,CAF0818,"929.4394215350929"
"819",contact,"contact, certain",N,"-9",certain,certain,,01.01.01,DAS01,,CAF0819,"1443.821882315219"
"820",contact,"contact, certain",N,"-9",certain,certain,,01.01.01,DAS01,,CAF0820,"9402.473910193898"
"821",contact,"contact, certain",N,"-9",certain,certain,,01.01.01,DAS01,,CAF0821,"857.0874720459867"
"822",contact,"contact, certain",N,"-9",certain,certain,,01.01.01,DAS01,,CAF0822,"212.8250343444837"
"823",contact,"contact, certain",N,"-9",certain,certain,,01.01.01,DAS01,,CAF0823,"4786.453761491548"
"824",contact,"contact, certain",N,"-9",certain,certain,,01.01.01,DAS01,,CAF0824,"8488.26958742289"
"825",contact,"contact, certain",N,"-9",certain,certain,,01.01.01,DAS01,,CAF0825,"1344.789842733682"
"826",contact,"contact, certain",N,"-9",certain,certain,,01.01.01,DAS01,,CAF0826,"1211.042190607855"
"827",contact,"contact, certain",N,"-9",certain,certain,,01.01.01,DAS01,,CAF0827,"232.7460742100297"
"828",contact,"contact, certain",N,"-9",certain,certain,,01.01.01,DAS01,,CAF0828,"590.5262755393769"
"829",contact,"contact, certain",N,"-9",certain,certain,,01.01.01,DAS01,,CAF0829,"437.0370979645675"
"830",contact,"contact, certain",N,"-9",certain,certain,,01.01.01,DAS01,,CAF0830,"800.7986041186853"
"831",contact,"contact, certain",N,"-9",certain,certain,,01.01.01,DAS01,,CAF0831,"1378.058342758487"
"832",contact,"contact, certain",N,"-9",certain,certain,,01.01.01,DAS01,,CAF0832,"6874.707552518247"
"833",contact,"contact, certain",N,"-9",certain,certain,,01.01.01,DAS01,,CAF0833,"6611.111197064828"
"834",contact,"contact, certain",N,"-9",certain,certain,,01.01.01,DAS01,,CAF0834,"7148.959463040318"
"835",contact,"contact, certain",N,"-9",certain,certain,,01.01.01,DAS01,,CAF0835,"3389.70654771778"
"836",contact,"contact, certain",N,"-9",certain,certain,,01.01.01,DAS01,,CAF0836,"2052.131971698987"
"837",contact,"contact, certain",N,"-9",certain,certain,,01.01.01,DAS01,,CAF0837,"4916.296132395642"
"838",contact,"contact, certain",N,"-9",certain,certain,,01.01.01,DAS01,,CAF0838,"7502.517123357784"
"839",contact,"contact, certain",N,"-9",certain,certain,,01.01.01,DAS01,,CAF0839,"1015.79200575639"
"840",contact,"contact, certain",N,"-9",certain,certain,,01.01.01,DAS01,,CAF0840,"2023.483006574046"
"841",contact,"contact, certain",N,"-9",certain,certain,,01.01.01,DAS01,,CAF0841,"258.3166817429268"
"842",contact,"contact, certain",N,"-9",certain,certain,,01.01.01,DAS01,,CAF0842,"4607.453246595833"
"843",contact,"contact, certain",N,"-9",certain,certain,,01.01.01,DAS01,,CAF0843,"5024.268314676457"
"844",contact,"contact, certain",N,"-9",certain,certain,,01.01.01,DAS01,,CAF0844,"1449.593541351052"
"845",contact,"contact, certain",N,"-9",certain,certain,,01.01.01,DAS01,,CAF0845,"988.8479810887466"
"846",contact,"contact, certain",N,"-9",certain,certain,,01.01.01,DAS01,,CAF0846,"2659.074799622736"
"847",contact,"contact, certain",N,"-9",certain,certain,,01.01.01,DAS01,,CAF0847,"12420.16571903484"
"848",contact,"contact, certain",N,"-9",certain,certain,,01.01.01,DAS01,,CAF0848,"3494.774734840927"
"849",contact,"contact, certain",N,"-9",certain,certain,,01.01.01,DAS01,,CAF0849,"2713.039567725792"
"850",contact,"contact, certain",N,"-9",certain,certain,,01.01.01,DAS01,,CAF0850,"2069.300075718217"
"851",contact,"contact, certain",N,"-9",certain,certain,,01.01.01,DAS01,,CAF0851,"405.7031589586231"
"852",contact,"contact, certain",N,"-9",certain,certain,,01.01.01,DAS01,,CAF0852,"3211.262852037099"
"853",contact,"contact, certain",N,"-9",certain,certain,,01.01.01,DAS01,,CAF0853,"10797.29137955546"
"854",contact,"contact, certain",N,"-9",certain,certain,,01.01.01,DAS01,,CAF0854,"475.1950027749751"
"855",contact,"contact, certain",N,"-9",certain,certain,,01.01.01,DAS01,,CAF0855,"2437.557854350262"
"856",contact,"contact, certain",N,"-9",certain,certain,,01.01.01,DAS01,,CAF0856,"4303.131071002953"
"857",contact,"contact, certain",N,"-9",certain,certain,,01.01.01,DAS01,,CAF0857,"575.4737388945803"
"858",contact,"contact, certain",N,"-9",certain,certain,,01.01.01,DAS01,,CAF0858,"13618.55949013903"
"859",contact,"contact, certain",N,"-9",certain,certain,,01.01.01,DAS01,,CAF0859,"4151.943363858652"
"860",contact,"contact, certain",N,"-9",certain,certain,,01.01.01,DAS01,,CAF0860,"1243.257391529986"
"861",contact,"contact, certain",N,"-9",certain,certain,,01.01.01,DAS01,,CAF0861,"652.4146054409778"
"862",contact,"contact, certain",N,"-9",certain,certain,,01.01.01,DAS01,,CAF0862,"1876.20222563885"
"863",contact,"contact, certain",N,"-9",certain,certain,,01.01.01,DAS01,,CAF0863,"1799.256406912857"
"864",contact,"contact, certain",N,"-9",certain,certain,,01.01.01,DAS01,,CAF0864,"12009.01560252322"
"865",contact,"contact, certain",N,"-9",certain,certain,,01.01.01,DAS01,,CAF0865,"641.3576543172527"
"866",contact,"contact, certain",N,"-9",certain,certain,,01.01.01,DAS01,,CAF0866,"3152.500844706558"
"867",contact,"contact, certain",N,"-9",certain,certain,,01.01.01,DAS01,,CAF0867,"286.5696427526709"
"868",contact,"contact, certain",N,"-9",certain,certain,,01.01.01,DAS01,,CAF0868,"3203.830195420096"
"869",contact,"contact, certain",N,"-9",certain,certain,,01.01.01,DAS01,,CAF0869,"4119.105410720781"
"870",contact,"contact, certain",N,"-9",certain,certain,,01.01.01,DAS01,,CAF0870,"898.9599389725261"
"871",contact,"contact, certain",N,"-9",certain,certain,,01.01.01,DAS01,,CAF0871,"1850.793308085317"
"872",contact,"contact, certain",N,"-9",certain,certain,,01.01.01,DAS01,,CAF0872,"1505.9478268732"
"873",contact,"contact, certain",N,"-9",certain,certain,,01.01.01,DAS01,,CAF0873,"5930.733816908842"
"874",contact,"contact, certain",N,"-9",certain,certain,,01.01.01,DAS01,,CAF0874,"798.3649850609185"
"875",contact,"contact, certain",N,"-9",certain,certain,,01.01.01,DAS01,,CAF0875,"808.0963920492002"
"876",contact,"contact, certain",N,"-9",certain,certain,,01.01.01,DAS01,,CAF0876,"872.2156390884155"
"877",contact,"contact, certain",N,"-9",certain,certain,,01.01.01,DAS01,,CAF0877,"5519.222177679331"
"878",contact,"contact, certain",N,"-9",certain,certain,,01.01.01,DAS01,,CAF0878,"1021.601442933088"
"879",contact,"contact, certain",N,"-9",certain,certain,,01.01.01,DAS01,,CAF0879,"892.8698598984074"
"880",contact,"contact, certain",N,"-9",certain,certain,,01.01.01,DAS01,,CAF0880,"1213.766296975461"
"881",contact,"contact, certain",N,"-9",certain,certain,,01.01.01,DAS01,,CAF0881,"209.0088303074741"
"882",contact,"contact, certain",N,"-9",certain,certain,,01.01.01,DAS01,,CAF0882,"1274.922852628103"
"883",contact,"contact, certain",N,"-9",certain,certain,,01.01.01,DAS01,,CAF0883,"996.5168946998557"
"884",contact,"contact, certain",N,"-9",certain,certain,,01.01.01,DAS01,,CAF0884,"3248.084026086382"
"885",contact,"contact, certain",N,"-9",certain,certain,,01.01.01,DAS01,,CAF0885,"3467.521457638642"
"886",contact,"contact, certain",N,"-9",certain,certain,,01.01.01,DAS01,,CAF0886,"3295.264139842135"
"887",contact,"contact, certain",N,"-9",certain,certain,,01.01.01,DAS01,,CAF0887,"2579.340581709234"
"888",contact,"contact, certain",N,"-9",certain,certain,,01.01.01,DAS01,,CAF0888,"1346.150433648686"
"889",contact,"contact, certain",N,"-9",certain,certain,,01.01.01,DAS01,,CAF0889,"1696.025322304274"
"890",contact,"contact, certain",N,"-9",certain,certain,,01.01.01,DAS01,,CAF0890,"563.3918648030698"
"891",contact,"contact, certain",N,"-9",certain,certain,,01.01.01,DAS01,,CAF0891,"1192.300977010677"
"892",contact,"contact, certain",N,"-9",certain,certain,,01.01.01,DAS01,,CAF0892,"859.1604154563504"
"893",contact,"contact, certain",N,"-9",certain,certain,,01.01.01,DAS01,,CAF0893,"4809.362631551419"
"894",contact,"contact, certain",N,"-9",certain,certain,,01.01.01,DAS01,,CAF0894,"1412.497222222457"
"895",contact,"contact, certain",N,"-9",certain,certain,,01.01.01,DAS01,,CAF0895,"11935.76885374679"
"896",contact,"contact, certain",N,"-9",certain,certain,,01.01.01,DAS01,,CAF0896,"861.3646256035659"
"897",contact,"contact, certain",N,"-9",certain,certain,,01.01.01,DAS01,,CAF0897,"5327.619531154049"
"898",contact,"contact, certain",N,"-9",certain,certain,,01.01.01,DAS01,,CAF0898,"2486.677376464063"
"899",contact,"contact, certain",N,"-9",certain,certain,,01.01.01,DAS01,,CAF0899,"2062.856682907849"
"900",contact,"contact, certain",N,"-9",certain,certain,,01.01.01,DAS01,,CAF0900,"2533.027253617964"
"901",contact,"contact, certain",N,"-9",certain,certain,,01.01.01,DAS01,,CAF0901,"282.1200724672217"
"902",contact,"contact, certain",N,"-9",certain,certain,,01.01.01,DAS01,,CAF0902,"271.5155096825275"
"903",contact,"contact, certain",N,"-9",certain,certain,,01.01.01,DAS01,,CAF0903,"747.7173128141089"
"904",contact,"contact, certain",N,"-9",certain,certain,,01.01.01,DAS01,,CAF0904,"542.7909933219104"
"905",contact,"contact, certain",N,"-9",certain,certain,,01.01.01,DAS01,,CAF0905,"424.4616249856279"
"906",contact,"contact, certain",N,"-9",certain,certain,,01.01.01,DAS01,,CAF0906,"317.9980645731858"
"907",contact,"contact, certain",N,"-9",certain,certain,,01.01.01,DAS01,,CAF0907,"1040.283034937286"
"908",contact,"contact, certain",N,"-9",certain,certain,,01.01.01,DAS01,,CAF0908,"3693.091764729569"
"909",contact,"contact, certain",N,"-9",certain,certain,,01.01.01,DAS01,,CAF0909,"645.1809750320613"
"910",contact,"contact, certain",N,"-9",certain,certain,,01.01.01,DAS01,,CAF0910,"3833.53467921801"
"911",contact,"contact, certain",N,"-9",certain,certain,,01.01.01,DAS01,,CAF0911,"5313.928931203544"
"912",contact,"contact, certain",N,"-9",certain,certain,,01.01.01,DAS01,,CAF0912,"384.0472364701299"
"913",contact,"contact, certain",N,"-9",certain,certain,,01.01.01,DAS01,,CAF0913,"1265.922424922172"
"914",contact,"contact, certain",N,"-9",certain,certain,,01.01.01,DAS01,,CAF0914,"620.2345967303241"
"915",contact,"contact, certain",N,"-9",certain,certain,,01.01.01,DAS01,,CAF0915,"652.6604388167962"
"916",contact,"contact, certain",N,"-9",certain,certain,,01.01.01,DAS01,,CAF0916,"831.4087797142362"
"917",contact,"contact, certain",N,"-9",certain,certain,,01.01.01,DAS01,,CAF0917,"770.0644723672759"
"918",contact,"contact, certain",N,"-9",certain,certain,,01.01.01,DAS01,,CAF0918,"1034.204582649417"
"919",contact,"contact, certain",N,"-9",certain,certain,,01.01.01,DAS01,,CAF0919,"792.5128233852471"
"920",contact,"contact, certain",N,"-9",certain,certain,,01.01.01,DAS01,,CAF0920,"375.8661296770102"
"921",contact,"contact, certain",N,"-9",certain,certain,,01.01.01,DAS01,,CAF0921,"958.9987848613"
"922",contact,"contact, certain",N,"-9",certain,certain,,01.01.01,DAS01,,CAF0922,"1579.551740033229"
"923",contact,"contact, certain",N,"-9",certain,certain,,01.01.01,DAS01,,CAF0923,"348.0814902722897"
"924",contact,"contact, certain",N,"-9",certain,certain,,01.01.01,DAS01,,CAF0924,"7510.054677312226"
"925",contact,"contact, certain",N,"-9",certain,certain,,01.01.01,DAS01,,CAF0925,"749.878129170684"
"926",contact,"contact, certain",N,"-9",certain,certain,,01.01.01,DAS01,,CAF0926,"1049.735435219615"
"927",contact,"contact, certain",N,"-9",certain,certain,,01.01.01,DAS01,,CAF0927,"1363.651494937441"
"928",contact,"contact, certain",N,"-9",certain,certain,,01.01.01,DAS01,,CAF0928,"2259.856750566599"
"929",contact,"contact, certain",N,"-9",certain,certain,,01.01.01,DAS01,,CAF0929,"6259.648314723344"
"930",contact,"contact, certain",N,"-9",certain,certain,,01.01.01,DAS01,,CAF0930,"5356.056845629567"
"931",contact,"contact, certain",N,"-9",certain,certain,,01.01.01,DAS01,,CAF0931,"125036.7474173261"
"932",contact,"contact, certain",N,"-9",certain,certain,,01.01.01,DAS01,,CAF0932,"3847.458639467712"
"933",contact,"contact, certain",N,"-9",certain,certain,,01.01.01,DAS01,,CAF0933,"4739.057777308439"
"934",contact,"contact, certain",N,"-9",certain,certain,,01.01.01,DAS01,,CAF0934,"770.7224974719265"
"935",contact,"contact, certain",N,"-9",certain,certain,,01.01.01,DAS01,,CAF0935,"370.1410148190299"
"936",contact,"contact, certain",N,"-9",certain,certain,,01.01.01,DAS01,,CAF0936,"253.5724407444955"
"937",contact,"contact, certain",N,"-9",certain,certain,,01.01.01,DAS01,,CAF0937,"1691.652590784979"
"938",contact,"contact, certain",N,"-9",certain,certain,,01.01.01,DAS01,,CAF0938,"274.3383125943848"
"939",contact,"contact, certain",N,"-9",certain,certain,,01.01.01,DAS01,,CAF0939,"495.5923758341437"
"940",contact,"contact, certain",N,"-9",certain,certain,,01.01.01,DAS01,,CAF0940,"5251.073716522107"
"941",contact,"contact, certain",N,"-9",certain,certain,,01.01.01,DAS01,,CAF0941,"2294.710427628043"
"942",contact,"contact, certain",N,"-9",certain,certain,,01.01.01,DAS01,,CAF0942,"675.6980727429133"
"943",contact,"contact, certain",N,"-9",certain,certain,,01.01.01,DAS01,,CAF0943,"15746.6729254896"
"944",contact,"contact, certain",N,"-9",certain,certain,,01.01.01,DAS01,,CAF0944,"834.0050845548253"
"945",contact,"contact, certain",N,"-9",certain,certain,,01.01.01,DAS01,,CAF0945,"2813.953849039293"
"946",contact,"contact, certain",N,"-9",certain,certain,,01.01.01,DAS01,,CAF0946,"846.5676246751987"
"947",contact,"contact, certain",N,"-9",certain,certain,,01.01.01,DAS01,,CAF0947,"2715.302322648226"
"948",contact,"contact, certain",N,"-9",certain,certain,,01.01.01,DAS01,,CAF0948,"501.2096178325185"
"949",contact,"contact, certain",N,"-9",certain,certain,,01.01.01,DAS01,,CAF0949,"2481.01237053302"
"950",contact,"contact, certain",N,"-9",certain,certain,,01.01.01,DAS01,,CAF0950,"1113.693898147133"
"951",contact,"contact, certain",N,"-9",certain,certain,,01.01.01,DAS01,,CAF0951,"140.4016780506186"
"952",contact,"contact, certain",N,"-9",certain,certain,,01.01.01,DAS01,,CAF0952,"7044.087673942287"
"953",contact,"contact, certain",N,"-9",certain,certain,,01.01.01,DAS01,,CAF0953,"2636.005194176712"
"954",contact,"contact, certain",N,"-9",certain,certain,,01.01.01,DAS01,,CAF0954,"2514.685723913672"
"955",contact,"contact, certain",N,"-9",certain,certain,,01.01.01,DAS01,,CAF0955,"6057.49205799685"
"956",contact,"contact, certain",N,"-9",certain,certain,,01.01.01,DAS01,,CAF0956,"875.0450790299014"
"957",contact,"contact, certain",N,"-9",certain,certain,,01.01.01,DAS01,,CAF0957,"1226.913237154809"
"958",contact,"contact, certain",N,"-9",certain,certain,,01.01.01,DAS01,,CAF0958,"551.37266308553"
"959",contact,"contact, certain",N,"-9",certain,certain,,01.01.01,DAS01,,CAF0959,"5759.927057692748"
"960",contact,"contact, certain",N,"-9",certain,certain,,01.01.01,DAS01,,CAF0960,"6167.42350226321"
"961",contact,"contact, certain",N,"-9",certain,certain,,01.01.01,DAS01,,CAF0961,"1596.263873925124"
"962",contact,"contact, certain",N,"-9",certain,certain,,01.01.01,DAS01,,CAF0962,"191.4464066232279"
"963",contact,"contact, certain",N,"-9",certain,certain,,01.01.01,DAS01,,CAF0963,"7564.860111270049"
"964",contact,"contact, certain",N,"-9",certain,certain,,01.01.01,DAS01,,CAF0964,"922.1983293389377"
"965",contact,"contact, certain",N,"-9",certain,certain,,01.01.01,DAS01,,CAF0965,"363.4646964995756"
"966",contact,"contact, certain",N,"-9",certain,certain,,01.01.01,DAS01,,CAF0966,"6347.457930170732"
"967",contact,"contact, certain",N,"-9",certain,certain,,01.01.01,DAS01,,CAF0967,"1185.532873071833"
"968",contact,"contact, certain",N,"-9",certain,certain,,01.01.01,DAS01,,CAF0968,"209.7432256471648"
"969",contact,"contact, certain",N,"-9",certain,certain,,01.01.01,DAS01,,CAF0969,"261.4792224175014"
"970",contact,"contact, certain",N,"-9",certain,certain,,01.01.01,DAS01,,CAF0970,"291.9254696023769"
"971",contact,"contact, certain",N,"-9",certain,certain,,01.01.01,DAS01,,CAF0971,"9563.06798121228"
"972",contact,"contact, certain",N,"-9",certain,certain,,01.01.01,DAS01,,CAF0972,"570.4172332380092"
"973",contact,"contact, certain",N,"-9",certain,certain,,01.01.01,DAS01,,CAF0973,"9298.56990177415"
"974",contact,"contact, certain",N,"-9",certain,certain,,01.01.01,DAS01,,CAF0974,"5855.544550274184"
"975",contact,"contact, certain",N,"-9",certain,certain,,01.01.01,DAS01,,CAF0975,"2188.087222700683"
"976",contact,"contact, certain",N,"-9",certain,certain,,01.01.01,DAS01,,CAF0976,"1024.80699705022"
"977",contact,"contact, certain",N,"-9",certain,certain,,01.01.01,DAS01,,CAF0977,"6115.707968465329"
"978",contact,"contact, certain",N,"-9",certain,certain,,01.01.01,DAS01,,CAF0978,"883.3396896466031"
"979",contact,"contact, certain",N,"-9",certain,certain,,01.01.01,DAS01,,CAF0979,"2668.666490129731"
"980",contact,"contact, certain",N,"-9",certain,certain,,01.01.01,DAS01,,CAF0980,"1263.133402888666"
"981",contact,"contact, certain",N,"-9",certain,certain,,01.01.01,DAS01,,CAF0981,"8541.670719946971"
"982",contact,"contact, certain",N,"-9",certain,certain,,01.01.01,DAS01,,CAF0982,"629.7090012434685"
"983",contact,"contact, certain",N,"-9",certain,certain,,01.01.01,DAS01,,CAF0983,"1114.273489252654"
"984",contact,"contact, certain",N,"-9",certain,certain,,01.01.01,DAS01,,CAF0984,"559.6742399391254"
"985",contact,"contact, certain",N,"-9",certain,certain,,01.01.01,DAS01,,CAF0985,"1209.164963625095"
"986",contact,"contact, certain",N,"-9",certain,certain,,01.01.01,DAS01,,CAF0986,"311.5516593526236"
"987",contact,"contact, certain",N,"-9",certain,certain,,01.01.01,DAS01,,CAF0987,"1546.221577870755"
"988",contact,"contact, certain",N,"-9",certain,certain,,01.01.01,DAS01,,CAF0988,"1343.732379821963"
"989",contact,"contact, certain",N,"-9",certain,certain,,01.01.01,DAS01,,CAF0989,"802.0722951101386"
"990",contact,"contact, certain",N,"-9",certain,certain,,01.01.01,DAS01,,CAF0990,"12470.5343964128"
"991",contact,"contact, certain",N,"-9",certain,certain,,01.01.01,DAS01,,CAF0991,"421.8159919864784"
"992",contact,"contact, certain",N,"-9",certain,certain,,01.01.01,DAS01,,CAF0992,"138.3023246467751"
"993",contact,"contact, certain",N,"-9",certain,certain,,01.01.01,DAS01,,CAF0993,"3753.973637789379"
"994",contact,"contact, certain",N,"-9",certain,certain,,01.01.01,DAS01,,CAF0994,"2717.182032814989"
"995",contact,"contact, certain",N,"-9",certain,certain,,01.01.01,DAS01,,CAF0995,"1701.500170565509"
"996",contact,"contact, certain",N,"-9",certain,certain,,01.01.01,DAS01,,CAF0996,"464.2367908855061"
"997",contact,"contact, certain",N,"-9",certain,certain,,01.01.01,DAS01,,CAF0997,"252.9263613173561"
"998",contact,"contact, certain",N,"-9",certain,certain,,01.01.01,DAS01,,CAF0998,"591.8513079202795"
"999",contact,"contact, certain",N,"-9",certain,certain,,01.01.01,DAS01,,CAF0999,"5387.442635174653"
"1000",contact,"contact, certain",N,"-9",certain,certain,,01.01.01,DAS01,,CAF1000,"1089.989344246511"
"1001",contact,"contact, certain",N,"-9",certain,certain,,01.01.01,DAS01,,CAF1001,"324.1630927439979"
"1002",contact,"contact, certain",N,"-9",certain,certain,,01.01.01,DAS01,,CAF1002,"9267.84219929438"
"1003",contact,"contact, certain",N,"-9",certain,certain,,01.01.01,DAS01,,CAF1003,"10334.81022685931"
"1004",contact,"contact, certain",N,"-9",certain,certain,,01.01.01,DAS01,,CAF1004,"607.3723326459874"
"1005",contact,"contact, certain",N,"-9",certain,certain,,01.01.01,DAS01,,CAF1005,"12202.64742943746"
"1006",contact,"contact, certain",N,"-9",certain,certain,,01.01.01,DAS01,,CAF1006,"615.6117775954638"
"1007",contact,"contact, certain",N,"-9",certain,certain,,01.01.01,DAS01,,CAF1007,"4455.819470117752"
"1008",contact,"contact, certain",N,"-9",certain,certain,,01.01.01,DAS01,,CAF1008,"5272.615949745103"
"1009",contact,"contact, certain",N,"-9",certain,certain,,01.01.01,DAS01,,CAF1009,"1148.38489089148"
"1010",contact,"contact, certain",N,"-9",certain,certain,,01.01.01,DAS01,,CAF1010,"316.9279553514527"
"1011",contact,"contact, certain",N,"-9",certain,certain,,01.01.01,DAS01,,CAF1011,"3074.990863445853"
"1012",contact,"contact, certain",N,"-9",certain,certain,,01.01.01,DAS01,,CAF1012,"5395.558718610483"
"1013",contact,"contact, certain",N,"-9",certain,certain,,01.01.01,DAS01,,CAF1013,"525.4279184943266"
"1014",contact,"contact, certain",N,"-9",certain,certain,,01.01.01,DAS01,,CAF1014,"25174.49901651742"
"1015",contact,"contact, certain",N,"-9",certain,certain,,01.01.01,DAS01,,CAF1015,"627.3262105801708"
"1016",contact,"contact, certain",N,"-9",certain,certain,,01.01.01,DAS01,,CAF1016,"602.6403531970769"
"1017",contact,"contact, certain",N,"-9",certain,certain,,01.01.01,DAS01,,CAF1017,"798.0848962945194"
"1018",contact,"contact, certain",N,"-9",certain,certain,,01.01.01,DAS01,,CAF1018,"605.3544783502268"
"1019",contact,"contact, certain",N,"-9",certain,certain,,01.01.01,DAS01,,CAF1019,"152.9732934193933"
"1020",contact,"contact, certain",N,"-9",certain,certain,,01.01.01,DAS01,,CAF1020,"2943.560187808883"
"1021",contact,"contact, certain",N,"-9",certain,certain,,01.01.01,DAS01,,CAF1021,"3990.431452839343"
"1022",contact,"contact, certain",N,"-9",certain,certain,,01.01.01,DAS01,,CAF1022,"2783.49477004554"
"1023",contact,"contact, certain",N,"-9",certain,certain,,01.01.01,DAS01,,CAF1023,"2267.244288338917"
"1024",contact,"contact, certain",N,"-9",certain,certain,,01.01.01,DAS01,,CAF1024,"6386.414879689907"
"1025",contact,"contact, certain",N,"-9",certain,certain,,01.01.01,DAS01,,CAF1025,"475.3093258020485"
"1026",contact,"contact, certain",N,"-9",certain,certain,,01.01.01,DAS01,,CAF1026,"18568.9735406225"
"1027",contact,"contact, certain",N,"-9",certain,certain,,01.01.01,DAS01,,CAF1027,"1161.665559496569"
"1028",contact,"contact, certain",N,"-9",certain,certain,,01.01.01,DAS01,,CAF1028,"626.4186928047093"
"1029",contact,"contact, certain",N,"-9",certain,certain,,01.01.01,DAS01,,CAF1029,"4643.416353051727"
"1030",contact,"contact, certain",N,"-9",certain,certain,,01.01.01,DAS01,,CAF1030,"5390.000351407469"
"1031",contact,"contact, certain",N,"-9",certain,certain,,01.01.01,DAS01,,CAF1031,"440.949451143979"
"1032",contact,"contact, certain",N,"-9",certain,certain,,01.01.01,DAS01,,CAF1032,"5081.837722212636"
"1033",contact,"contact, certain",N,"-9",certain,certain,,01.01.01,DAS01,,CAF1033,"16813.09458643406"
"1034",contact,"contact, certain",N,"-9",certain,certain,,01.01.01,DAS01,,CAF1034,"756.1890717645307"
"1035",contact,"contact, certain",N,"-9",certain,certain,,01.01.01,DAS01,,CAF1035,"7411.705063679256"
"1036",contact,"contact, certain",N,"-9",certain,certain,,01.01.01,DAS01,,CAF1036,"5846.65155120794"
"1037",contact,"contact, certain",N,"-9",certain,certain,,01.01.01,DAS01,,CAF1037,"1979.210008922587"
"1038",contact,"contact, certain",N,"-9",certain,certain,,01.01.01,DAS01,,CAF1038,"675.6564420484764"
"1039",contact,"contact, certain",N,"-9",certain,certain,,01.01.01,DAS01,,CAF1039,"2453.872181309093"
"1040",contact,"contact, certain",N,"-9",certain,certain,,01.01.01,DAS01,,CAF1040,"3308.668944883194"
"1041",contact,"contact, certain",N,"-9",certain,certain,,01.01.01,DAS01,,CAF1041,"3435.78175430143"
"1042",contact,"contact, certain",N,"-9",certain,certain,,01.01.01,DAS01,,CAF1042,"5001.048955803794"
"1043",contact,"contact, certain",N,"-9",certain,certain,,01.01.01,DAS01,,CAF1043,"2577.265489339147"
"1044",contact,"contact, certain",N,"-9",certain,certain,,01.01.01,DAS01,,CAF1044,"575.4623236648954"
"1045",contact,"contact, certain",N,"-9",certain,certain,,01.01.01,DAS01,,CAF1045,"581.2521556889349"
"1046",contact,"contact, certain",N,"-9",certain,certain,,01.01.01,DAS01,,CAF1046,"339.7550445277832"
"1047",contact,"contact, certain",N,"-9",certain,certain,,01.01.01,DAS01,,CAF1047,"1487.353646197461"
"1048",contact,"contact, certain",N,"-9",certain,certain,,01.01.01,DAS01,,CAF1048,"385.7870798938836"
"1049",contact,"contact, certain",N,"-9",certain,certain,,01.01.01,DAS01,,CAF1049,"582.7076139488215"
"1050",contact,"contact, certain",N,"-9",certain,certain,,01.01.01,DAS01,,CAF1050,"2508.640583130426"
"1051",contact,"contact, certain",N,"-9",certain,certain,,01.01.01,DAS01,,CAF1051,"602.7509524074096"
"1052",contact,"contact, certain",N,"-9",certain,certain,,01.01.01,DAS01,,CAF1052,"4241.20455464143"
"1053",contact,"contact, certain",N,"-9",certain,certain,,01.01.01,DAS01,,CAF1053,"2999.394390953481"
"1054",contact,"contact, certain",N,"-9",certain,certain,,01.01.01,DAS01,,CAF1054,"1615.915449348213"
"1055",contact,"contact, certain",N,"-9",certain,certain,,01.01.01,DAS01,,CAF1055,"1958.585594422909"
"1056",contact,"contact, certain",N,"-9",certain,certain,,01.01.01,DAS01,,CAF1056,"720.6543406747908"
"1057",contact,"contact, certain",N,"-9",certain,certain,,01.01.01,DAS01,,CAF1057,"446.3486602480162"
"1058",contact,"contact, certain",N,"-9",certain,certain,,01.01.01,DAS01,,CAF1058,"782.1092296064827"
"1059",contact,"contact, certain",N,"-9",certain,certain,,01.01.01,DAS01,,CAF1059,"485.9215651690396"
"1060",contact,"contact, certain",N,"-9",certain,certain,,01.01.01,DAS01,,CAF1060,"405.3098331273661"
"1061",contact,"contact, certain",N,"-9",certain,certain,,01.01.01,DAS01,,CAF1061,"2093.563688246866"
"1062",contact,"contact, certain",N,"-9",certain,certain,,01.01.01,DAS01,,CAF1062,"2777.179640025446"
"1063",contact,"contact, certain",N,"-9",certain,certain,,01.01.01,DAS01,,CAF1063,"3119.259568031282"
"1064",contact,"contact, certain",N,"-9",certain,certain,,01.01.01,DAS01,,CAF1064,"919.2745819092577"
"1065",contact,"contact, certain",N,"-9",certain,certain,,01.01.01,DAS01,,CAF1065,"11937.00024405185"
"1066",contact,"contact, certain",N,"-9",certain,certain,,01.01.01,DAS01,,CAF1066,"4845.183691372898"
"1067",contact,"contact, certain",N,"-9",certain,certain,,01.01.01,DAS01,,CAF1067,"2842.329094327817"
"1068",contact,"contact, certain",N,"-9",certain,certain,,01.01.01,DAS01,,CAF1068,"200.9676005837757"
"1069",contact,"contact, certain",N,"-9",certain,certain,,01.01.01,DAS01,,CAF1069,"2370.404860692118"
"1070",contact,"contact, certain",N,"-9",certain,certain,,01.01.01,DAS01,,CAF1070,"594.9425664903861"
"1071",contact,"contact, certain",N,"-9",certain,certain,,01.01.01,DAS01,changed from 'fault' to 'contact' to match printed map,CAF1071,"1283.911250577104"
"1072",contact,"contact, certain",N,"-9",certain,certain,,01.01.01,DAS01,,CAF1072,"1933.297866877931"
"1073",contact,"contact, certain",N,"-9",certain,certain,,01.01.01,DAS01,,CAF1073,"171.584585009871"
"1074",contact,"contact, certain",N,"-9",certain,certain,,01.01.01,DAS01,,CAF1074,"850.1110216347881"
"1075",contact,"contact, certain",N,"-9",certain,certain,,01.01.01,DAS01,,CAF1075,"3522.471850260436"
"1076",contact,"contact, certain",N,"-9",certain,certain,,01.01.01,DAS01,,CAF1076,"1129.967263528661"
"1077",contact,"contact, certain",N,"-9",certain,certain,,01.01.01,DAS01,,CAF1077,"148.6197877308039"
"1078",contact,"contact, certain",N,"-9",certain,certain,,01.01.01,DAS01,,CAF1078,"580.3244650016416"
"1079",contact,"contact, certain",N,"-9",certain,certain,,01.01.01,DAS01,,CAF1079,"2552.964229927712"
"1080",contact,"contact, certain",N,"-9",certain,certain,,01.01.01,DAS01,,CAF1080,"886.9489446441678"
"1081",contact,"contact, certain",N,"-9",certain,certain,,01.01.01,DAS01,,CAF1081,"2577.730187881756"
"1082",contact,"contact, certain",N,"-9",certain,certain,,01.01.01,DAS01,,CAF1082,"234.7718089619297"
"1083",contact,"contact, certain",N,"-9",certain,certain,,01.01.01,DAS01,,CAF1083,"3903.308301349286"
"1084",contact,"contact, certain",N,"-9",certain,certain,,01.01.01,DAS01,,CAF1084,"3402.74131158688"
"1085",contact,"contact, certain",N,"-9",certain,certain,,01.01.01,DAS01,,CAF1085,"7379.084484178369"
"1086",contact,"contact, certain",N,"-9",certain,certain,,01.01.01,DAS01,,CAF1086,"556.4603313848385"
"1087",contact,"contact, certain",N,"-9",certain,certain,,01.01.01,DAS01,,CAF1087,"4056.5503963263"
"1088",contact,"contact, certain",N,"-9",certain,certain,,01.01.01,DAS01,,CAF1088,"1316.806770290347"
"1089",contact,"contact, certain",N,"-9",certain,certain,,01.01.01,DAS01,,CAF1089,"1879.458450189939"
"1090",contact,"contact, certain",N,"-9",certain,certain,,01.01.01,DAS01,,CAF1090,"1958.164722059779"
"1091",contact,"contact, certain",N,"-9",certain,certain,,01.01.01,DAS01,,CAF1091,"200.5745230946342"
"1092",contact,"contact, certain",N,"-9",certain,certain,,01.01.01,DAS01,,CAF1092,"3332.067488842884"
"1093",contact,"contact, certain",N,"-9",certain,certain,,01.01.01,DAS01,,CAF1093,"3480.588593556712"
"1094",contact,"contact, certain",N,"-9",certain,certain,,01.01.01,DAS01,,CAF1094,"4224.248900223087"
"1095",contact,"contact, certain",N,"-9",certain,certain,,01.01.01,DAS01,,CAF1095,"929.0120446424313"
"1096",contact,"contact, certain",N,"-9",certain,certain,,01.01.01,DAS01,,CAF1096,"3879.052262034599"
"1097",contact,"contact, certain",N,"-9",certain,certain,,01.01.01,DAS01,,CAF1097,"3608.575293285787"
"1098",contact,"contact, certain",N,"-9",certain,certain,,01.01.01,DAS01,,CAF1098,"1502.036378732681"
"1099",contact,"contact, certain",N,"-9",certain,certain,,01.01.01,DAS01,,CAF1099,"1010.135388533526"
"1100",contact,"contact, certain",N,"-9",certain,certain,,01.01.01,DAS01,,CAF1100,"1578.876460586353"
"1101",contact,"contact, certain",N,"-9",certain,certain,,01.01.01,DAS01,,CAF1101,"548.2733150508479"
"1102",contact,"contact, certain",N,"-9",certain,certain,,01.01.01,DAS01,,CAF1102,"840.7787582968114"
"1103",contact,"contact, certain",N,"-9",certain,certain,,01.01.01,DAS01,,CAF1103,"277.3231389368288"
"1104",contact,"contact, certain",N,"-9",certain,certain,,01.01.01,DAS01,,CAF1104,"2027.12114808739"
"1105",contact,"contact, certain",N,"-9",certain,certain,,01.01.01,DAS01,,CAF1105,"3419.774771920908"
"1106",contact,"contact, certain",N,"-9",certain,certain,,01.01.01,DAS01,,CAF1106,"405.2767214864331"
"1107",contact,"contact, certain",N,"-9",certain,certain,,01.01.01,DAS01,,CAF1107,"12616.73376059858"
"1108",contact,"contact, certain",N,"-9",certain,certain,,01.01.01,DAS01,,CAF1108,"5215.816951385214"
"1109",contact,"contact, certain",N,"-9",certain,certain,,01.01.01,DAS01,,CAF1109,"2009.124068312139"
"1110",contact,"contact, certain",N,"-9",certain,certain,,01.01.01,DAS01,,CAF1110,"4190.074484038679"
"1111",contact,"contact, certain",N,"-9",certain,certain,,01.01.01,DAS01,,CAF1111,"4334.928326777069"
"1112",contact,"contact, certain",N,"-9",certain,certain,,01.01.01,DAS01,,CAF1112,"326.5867482840384"
"1113",contact,"contact, certain",N,"-9",certain,certain,,01.01.01,DAS01,,CAF1113,"564.8654709687282"
"1114",contact,"contact, certain",N,"-9",certain,certain,,01.01.01,DAS01,,CAF1114,"4216.571560935187"
"1115",contact,"contact, certain",N,"-9",certain,certain,,01.01.01,DAS01,,CAF1115,"1372.594493543329"
"1116",contact,"contact, certain",N,"-9",certain,certain,,01.01.01,DAS01,,CAF1116,"3876.869627905877"
"1117",contact,"contact, certain",N,"-9",certain,certain,,01.01.01,DAS01,,CAF1117,"1031.364913389832"
"1118",contact,"contact, certain",N,"-9",certain,certain,,01.01.01,DAS01,,CAF1118,"383.5342301019028"
"1119",contact,"contact, certain",N,"-9",certain,certain,,01.01.01,DAS01,,CAF1119,"141.5558136947925"
"1120",contact,"contact, certain",N,"-9",certain,certain,,01.01.01,DAS01,,CAF1120,"3363.645414964598"
"1121",contact,"contact, certain",N,"-9",certain,certain,,01.01.01,DAS01,,CAF1121,"8406.395676267204"
"1122",contact,"contact, certain",N,"-9",certain,certain,,01.01.01,DAS01,,CAF1122,"6593.343821116105"
"1123",contact,"contact, certain",N,"-9",certain,certain,,01.01.01,DAS01,,CAF1123,"7448.746952807352"
"1124",contact,"contact, certain",N,"-9",certain,certain,,01.01.01,DAS01,,CAF1124,"3708.407536939561"
"1125",contact,"contact, certain",N,"-9",certain,certain,,01.01.01,DAS01,,CAF1125,"485.9071215009878"
"1126",contact,"contact, certain",N,"-9",certain,certain,,01.01.01,DAS01,,CAF1126,"258.2675432289666"
"1127",contact,"contact, certain",N,"-9",certain,certain,,01.01.01,DAS01,,CAF1127,"362.3643820182372"
"1128",contact,"contact, certain",N,"-9",certain,certain,,01.01.01,DAS01,,CAF1128,"2810.395838034023"
"1129",contact,"contact, certain",N,"-9",certain,certain,,01.01.01,DAS01,,CAF1129,"187.9696635395936"
"1130",contact,"contact, certain",N,"-9",certain,certain,,01.01.01,DAS01,,CAF1130,"2063.421731320136"
"1131",contact,"contact, certain",N,"-9",certain,certain,,01.01.01,DAS01,,CAF1131,"444.5983491301276"
"1132",contact,"contact, certain",N,"-9",certain,certain,,01.01.01,DAS01,,CAF1132,"2066.856808677539"
"1133",contact,"contact, certain",N,"-9",certain,certain,,01.01.01,DAS01,,CAF1133,"1356.588031462028"
"1134",contact,"contact, certain",N,"-9",certain,certain,,01.01.01,DAS01,,CAF1134,"1372.735732322708"
"1135",contact,"contact, certain",N,"-9",certain,certain,,01.01.01,DAS01,,CAF1135,"3016.587067969082"
"1136",contact,"contact, certain",N,"-9",certain,certain,,01.01.01,DAS01,,CAF1136,"3942.049887172687"
"1137",contact,"contact, certain",N,"-9",certain,certain,,01.01.01,DAS01,,CAF1137,"1376.499011929119"
"1138",contact,"contact, certain",N,"-9",certain,certain,,01.01.01,DAS01,,CAF1138,"5357.601492443474"
"1139",contact,"contact, certain",N,"-9",certain,certain,,01.01.01,DAS01,,CAF1139,"3659.950481202025"
"1140",contact,"contact, certain",N,"-9",certain,certain,,01.01.01,DAS01,,CAF1140,"1511.996089905147"
"1141",contact,"contact, certain",N,"-9",certain,certain,,01.01.01,DAS01,,CAF1141,"2557.57890810136"
"1142",contact,"contact, certain",N,"-9",certain,certain,,01.01.01,DAS01,,CAF1142,"3710.275034682803"
"1143",contact,"contact, certain",N,"-9",certain,certain,,01.01.01,DAS01,,CAF1143,"1204.974252202076"
"1144",contact,"contact, certain",N,"-9",certain,certain,,01.01.01,DAS01,,CAF1144,"274.9114745360608"
"1145",contact,"contact, certain",N,"-9",certain,certain,,01.01.01,DAS01,,CAF1145,"6665.44763985369"
"1146",contact,"contact, certain",N,"-9",certain,certain,,01.01.01,DAS01,,CAF1146,"2644.717972402605"
"1147",contact,"contact, certain",N,"-9",certain,certain,,01.01.01,DAS01,,CAF1147,"3097.393297495445"
"1148",contact,"contact, certain",N,"-9",certain,certain,,01.01.01,DAS01,,CAF1148,"399.2551807621081"
"1149",contact,"contact, certain",N,"-9",certain,certain,,01.01.01,DAS01,,CAF1149,"592.3377830661948"
"1150",contact,"contact, certain",N,"-9",certain,certain,,01.01.01,DAS01,,CAF1150,"4286.111023018912"
"1151",contact,"contact, certain",N,"-9",certain,certain,,01.01.01,DAS01,,CAF1151,"1555.1390210581"
"1152",contact,"contact, certain",N,"-9",certain,certain,,01.01.01,DAS01,,CAF1152,"716.9379161606807"
"1153",contact,"contact, certain",N,"-9",certain,certain,,01.01.01,DAS01,,CAF1153,"969.6218465375644"
"1154",contact,"contact, certain",N,"-9",certain,certain,,01.01.01,DAS01,,CAF1154,"1547.940950121517"
"1155",contact,"contact, certain",N,"-9",certain,certain,,01.01.01,DAS01,,CAF1155,"336.7254719110551"
"1156",contact,"contact, certain",N,"-9",certain,certain,,01.01.01,DAS01,,CAF1156,"20048.67672576176"
"1157",contact,"contact, certain",N,"-9",certain,certain,,01.01.01,DAS01,,CAF1157,"512.4503933565311"
"1158",contact,"contact, certain",N,"-9",certain,certain,,01.01.01,DAS01,,CAF1158,"6325.875906912554"
"1159",contact,"contact, certain",N,"-9",certain,certain,,01.01.01,DAS01,,CAF1159,"983.9544386736209"
"1160",contact,"contact, certain",N,"-9",certain,certain,,01.01.01,DAS01,,CAF1160,"12381.17166551056"
"1161",contact,"contact, certain",N,"-9",certain,certain,,01.01.01,DAS01,,CAF1161,"540.2826853375259"
"1162",contact,"contact, certain",N,"-9",certain,certain,,01.01.01,DAS01,,CAF1162,"5427.119061996092"
"1163",contact,"contact, certain",N,"-9",certain,certain,,01.01.01,DAS01,,CAF1163,"2504.767427941863"
"1164",contact,"contact, certain",N,"-9",certain,certain,,01.01.01,DAS01,,CAF1164,"2415.919189627017"
"1165",contact,"contact, certain",N,"-9",certain,certain,,01.01.01,DAS01,,CAF1165,"210.5380987804044"
"1166",contact,"contact, certain",N,"-9",certain,certain,,01.01.01,DAS01,,CAF1166,"2784.163836302275"
"1167",contact,"contact, certain",N,"-9",certain,certain,,01.01.01,DAS01,,CAF1167,"1680.804718642477"
"1168",contact,"contact, certain",N,"-9",certain,certain,,01.01.01,DAS01,,CAF1168,"1336.184111351092"
"1169",contact,"contact, certain",N,"-9",certain,certain,,01.01.01,DAS01,,CAF1169,"16915.61275251079"
"1170",contact,"contact, certain",N,"-9",certain,certain,,01.01.01,DAS01,,CAF1170,"1295.757411528606"
"1171",contact,"contact, certain",N,"-9",certain,certain,,01.01.01,DAS01,,CAF1171,"277.9317479969642"
"1172",contact,"contact, certain",N,"-9",certain,certain,,01.01.01,DAS01,,CAF1172,"1038.623549369664"
"1173",contact,"contact, certain",N,"-9",certain,certain,,01.01.01,DAS01,,CAF1173,"783.6388260072365"
"1174",contact,"contact, certain",N,"-9",certain,certain,,01.01.01,DAS01,,CAF1174,"6459.090051851646"
"1175",contact,"contact, certain",N,"-9",certain,certain,,01.01.01,DAS01,,CAF1175,"2027.86831847262"
"1176",contact,"contact, certain",N,"-9",certain,certain,,01.01.01,DAS01,,CAF1176,"4867.499401769422"
"1177",contact,"contact, certain",N,"-9",certain,certain,,01.01.01,DAS01,,CAF1177,"3551.386444231212"
"1178",contact,"contact, certain",N,"-9",certain,certain,,01.01.01,DAS01,,CAF1178,"7433.407279017354"
"1179",contact,"contact, certain",N,"-9",certain,certain,,01.01.01,DAS01,,CAF1179,"2500.602375990603"
"1180",contact,"contact, certain",N,"-9",certain,certain,,01.01.01,DAS01,,CAF1180,"3857.048292175008"
"1181",contact,"contact, certain",N,"-9",certain,certain,,01.01.01,DAS01,,CAF1181,"129.9999297415796"
"1182",contact,"contact, certain",N,"-9",certain,certain,,01.01.01,DAS01,,CAF1182,"2311.901331322874"
"1183",contact,"contact, certain",N,"-9",certain,certain,,01.01.01,DAS01,,CAF1183,"152.5412737625205"
"1184",contact,"contact, certain",N,"-9",certain,certain,,01.01.01,DAS01,,CAF1184,"1396.523191933349"
"1185",contact,"contact, certain",N,"-9",certain,certain,,01.01.01,DAS01,,CAF1185,"7238.343669454273"
"1186",contact,"contact, certain",N,"-9",certain,certain,,01.01.01,DAS01,,CAF1186,"488.1358980230618"
"1187",contact,"contact, certain",N,"-9",certain,certain,,01.01.01,DAS01,,CAF1187,"211.9894289075444"
"1188",contact,"contact, certain",N,"-9",certain,certain,,01.01.01,DAS01,,CAF1188,"1096.843556717379"
"1189",contact,"contact, certain",N,"-9",certain,certain,,01.01.01,DAS01,,CAF1189,"571.2703828827892"
"1190",contact,"contact, certain",N,"-9",certain,certain,,01.01.01,DAS01,,CAF1190,"1800.896323925575"
"1191",contact,"contact, certain",N,"-9",certain,certain,,01.01.01,DAS01,,CAF1191,"1805.255998061927"
"1192",contact,"contact, certain",N,"-9",certain,certain,,01.01.01,DAS01,,CAF1192,"1336.281030767268"
"1193",contact,"contact, certain",N,"-9",certain,certain,,01.01.01,DAS01,,CAF1193,"3616.1430825088"
"1194",contact,"contact, certain",N,"-9",certain,certain,,01.01.01,DAS01,,CAF1194,"6188.28755021138"
"1195",contact,"contact, certain",N,"-9",certain,certain,,01.01.01,DAS01,,CAF1195,"2244.981978640768"
"1196",contact,"contact, certain",N,"-9",certain,certain,,01.01.01,DAS01,,CAF1196,"23407.62689024064"
"1197",contact,"contact, certain",N,"-9",certain,certain,,01.01.01,DAS01,,CAF1197,"356.6386389974895"
"1198",contact,"contact, certain",N,"-9",certain,certain,,01.01.01,DAS01,,CAF1198,"416.5553797169732"
"1199",contact,"contact, certain",N,"-9",certain,certain,,01.01.01,DAS01,,CAF1199,"972.6994646595774"
"1200",contact,"contact, certain",N,"-9",certain,certain,,01.01.01,DAS01,,CAF1200,"1224.360153824807"
"1201",contact,"contact, certain",N,"-9",certain,certain,,01.01.01,DAS01,,CAF1201,"1463.680626649976"
"1202",contact,"contact, certain",N,"-9",certain,certain,,01.01.01,DAS01,,CAF1202,"209.1383273583635"
"1203",contact,"contact, certain",N,"-9",certain,certain,,01.01.01,DAS01,,CAF1203,"1855.470380525884"
"1204",contact,"contact, certain",N,"-9",certain,certain,,01.01.01,DAS01,,CAF1204,"366.6433214502071"
"1205",contact,"contact, certain",N,"-9",certain,certain,,01.01.01,DAS01,,CAF1205,"1769.459682035416"
"1206",contact,"contact, certain",N,"-9",certain,certain,,01.01.01,DAS01,,CAF1206,"310.2411222841629"
"1207",contact,"contact, certain",N,"-9",certain,certain,,01.01.01,DAS01,,CAF1207,"6329.501714450907"
"1208",contact,"contact, certain",N,"-9",certain,certain,,01.01.01,DAS01,,CAF1208,"925.7334562760232"
"1209",contact,"contact, certain",N,"-9",certain,certain,,01.01.01,DAS01,,CAF1209,"582.457790050068"
"1210",contact,"contact, certain",N,"-9",certain,certain,,01.01.01,DAS01,,CAF1210,"8846.065953486301"
"1211",contact,"contact, certain",N,"-9",certain,certain,,01.01.01,DAS01,,CAF1211,"3175.416969405891"
"1212",contact,"contact, certain",N,"-9",certain,certain,,01.01.01,DAS01,,CAF1212,"15339.54834365255"
"1213",contact,"contact, certain",N,"-9",certain,certain,,01.01.01,DAS01,,CAF1213,"190.2232029121888"
"1214",contact,"contact, certain",N,"-9",certain,certain,,01.01.01,DAS01,,CAF1214,"16811.64757787828"
"1215",contact,"contact, certain",N,"-9",certain,certain,,01.01.01,DAS01,,CAF1215,"2098.510709989313"
"1216",contact,"contact, certain",N,"-9",certain,certain,,01.01.01,DAS01,,CAF1216,"1426.896558847314"
"1217",contact,"contact, certain",N,"-9",certain,certain,,01.01.01,DAS01,,CAF1217,"739.9971192449151"
"1218",contact,"contact, certain",N,"-9",certain,certain,,01.01.01,DAS01,,CAF1218,"2186.006083646928"
"1219",contact,"contact, certain",N,"-9",certain,certain,,01.01.01,DAS01,,CAF1219,"5925.237982978532"
"1220",contact,"contact, certain",N,"-9",certain,certain,,01.01.01,DAS01,,CAF1220,"585.2135443977874"
"1221",contact,"contact, certain",N,"-9",certain,certain,,01.01.01,DAS01,,CAF1221,"1906.661578684479"
"1222",contact,"contact, certain",N,"-9",certain,certain,,01.01.01,DAS01,,CAF1222,"1503.574229838602"
"1223",contact,"contact, certain",N,"-9",certain,certain,,01.01.01,DAS01,,CAF1223,"989.6082782874721"
"1224",contact,"contact, certain",N,"-9",certain,certain,,01.01.01,DAS01,,CAF1224,"981.0373874768078"
"1225",contact,"contact, certain",N,"-9",certain,certain,,01.01.01,DAS01,,CAF1225,"6627.30294857601"
"1226",contact,"contact, certain",N,"-9",certain,certain,,01.01.01,DAS01,,CAF1226,"1201.828171755953"
"1227",contact,"contact, certain",N,"-9",certain,certain,,01.01.01,DAS01,,CAF1227,"4627.641900269707"
"1228",contact,"contact, certain",N,"-9",certain,certain,,01.01.01,DAS01,,CAF1228,"6226.866236302585"
"1229",contact,"contact, certain",N,"-9",certain,certain,,01.01.01,DAS01,,CAF1229,"6469.993415931038"
"1230",contact,"contact, certain",N,"-9",certain,certain,,01.01.01,DAS01,,CAF1230,"2592.552251768153"
"1231",contact,"contact, certain",N,"-9",certain,certain,,01.01.01,DAS01,,CAF1231,"2134.888220521005"
"1232",contact,"contact, certain",N,"-9",certain,certain,,01.01.01,DAS01,,CAF1232,"860.6781270930421"
"1233",contact,"contact, certain",N,"-9",certain,certain,,01.01.01,DAS01,,CAF1233,"1111.16659123243"
"1234",contact,"contact, certain",N,"-9",certain,certain,,01.01.01,DAS01,,CAF1234,"868.0359326969894"
"1235",contact,"contact, certain",N,"-9",certain,certain,,01.01.01,DAS01,,CAF1235,"3493.842522128485"
"1236",contact,"contact, certain",N,"-9",certain,certain,,01.01.01,DAS01,,CAF1236,"262.6382935917487"
"1237",contact,"contact, certain",N,"-9",certain,certain,,01.01.01,DAS01,,CAF1237,"13850.4122074393"
"1238",contact,"contact, certain",N,"-9",certain,certain,,01.01.01,DAS01,,CAF1238,"979.460777272639"
"1239",contact,"contact, certain",N,"-9",certain,certain,,01.01.01,DAS01,,CAF1239,"2352.069045839569"
"1240",contact,"contact, certain",N,"-9",certain,certain,,01.01.01,DAS01,,CAF1240,"400.0040407254919"
"1241",contact,"contact, certain",N,"-9",certain,certain,,01.01.01,DAS01,,CAF1241,"3589.176856249268"
"1242",contact,"contact, certain",N,"-9",certain,certain,,01.01.01,DAS01,,CAF1242,"3474.04791151607"
"1243",contact,"contact, certain",N,"-9",certain,certain,,01.01.01,DAS01,,CAF1243,"2835.82815154978"
"1244",contact,"contact, certain",N,"-9",certain,certain,,01.01.01,DAS01,,CAF1244,"1435.931976268699"
"1245",contact,"contact, certain",N,"-9",certain,certain,,01.01.01,DAS01,,CAF1245,"999.2686779493737"
"1246",contact,"contact, certain",N,"-9",certain,certain,,01.01.01,DAS01,,CAF1246,"13652.49997094564"
"1247",contact,"contact, certain",N,"-9",certain,certain,,01.01.01,DAS01,,CAF1247,"685.1261059506002"
"1248",contact,"contact, certain",N,"-9",certain,certain,,01.01.01,DAS01,,CAF1248,"121.5474695200552"
"1249",contact,"contact, certain",N,"-9",certain,certain,,01.01.01,DAS01,,CAF1249,"1770.855200369099"
"1250",contact,"contact, certain",N,"-9",certain,certain,,01.01.01,DAS01,,CAF1250,"3630.405171527646"
"1251",contact,"contact, certain",N,"-9",certain,certain,,01.01.01,DAS01,,CAF1251,"7719.158345053123"
"1252",contact,"contact, certain",N,"-9",certain,certain,,01.01.01,DAS01,,CAF1252,"6035.042468260493"
"1253",contact,"contact, certain",N,"-9",certain,certain,,01.01.01,DAS01,,CAF1253,"5338.256000288285"
"1254",contact,"contact, certain",N,"-9",certain,certain,,01.01.01,DAS01,,CAF1254,"7367.929208696753"
"1255",contact,"contact, certain",N,"-9",certain,certain,,01.01.01,DAS01,,CAF1255,"1981.329625170689"
"1256",contact,"contact, certain",N,"-9",certain,certain,,01.01.01,DAS01,,CAF1256,"1005.294032627021"
"1257",contact,"contact, certain",N,"-9",certain,certain,,01.01.01,DAS01,,CAF1257,"3708.16432325879"
"1258",contact,"contact, certain",N,"-9",certain,certain,,01.01.01,DAS01,,CAF1258,"8531.102773044393"
"1259",contact,"contact, certain",N,"-9",certain,certain,,01.01.01,DAS01,,CAF1259,"1750.761389185388"
"1260",contact,"contact, certain",N,"-9",certain,certain,,01.01.01,DAS01,,CAF1260,"1153.66206898818"
"1261",contact,"contact, certain",N,"-9",certain,certain,,01.01.01,DAS01,,CAF1261,"635.6382866452643"
"1262",contact,"contact, certain",N,"-9",certain,certain,,01.01.01,DAS01,,CAF1262,"899.9686395558364"
"1263",contact,"contact, certain",N,"-9",certain,certain,,01.01.01,DAS01,,CAF1263,"497.3528964781684"
"1264",contact,"contact, certain",N,"-9",certain,certain,,01.01.01,DAS01,,CAF1264,"33722.42547152319"
"1265",contact,"contact, certain",N,"-9",certain,certain,,01.01.01,DAS01,,CAF1265,"1844.251904175622"
"1266",contact,"contact, certain",N,"-9",certain,certain,,01.01.01,DAS01,,CAF1266,"10490.91024675179"
"1267",contact,"contact, certain",N,"-9",certain,certain,,01.01.01,DAS01,,CAF1267,"362.3113574238524"
"1268",contact,"contact, certain",N,"-9",certain,certain,,01.01.01,DAS01,,CAF1268,"2192.17040287934"
"1269",contact,"contact, certain",N,"-9",certain,certain,,01.01.01,DAS01,,CAF1269,"3253.643688399781"
"1270",contact,"contact, certain",N,"-9",certain,certain,,01.01.01,DAS01,,CAF1270,"755.5135318267475"
"1271",contact,"contact, certain",N,"-9",certain,certain,,01.01.01,DAS01,,CAF1271,"2552.766892757824"
"1272",contact,"contact, certain",N,"-9",certain,certain,,01.01.01,DAS01,,CAF1272,"8225.112535780201"
"1273",contact,"contact, certain",N,"-9",certain,certain,,01.01.01,DAS01,,CAF1273,"4292.117273774861"
"1274",contact,"contact, certain",N,"-9",certain,certain,,01.01.01,DAS01,,CAF1274,"608.2401644334961"
"1275",contact,"contact, certain",N,"-9",certain,certain,,01.01.01,DAS01,,CAF1275,"296.9866352989976"
"1276",contact,"contact, certain",N,"-9",certain,certain,,01.01.01,DAS01,,CAF1276,"1116.182881763468"
"1277",contact,"contact, certain",N,"-9",certain,certain,,01.01.01,DAS01,,CAF1277,"770.9168609303215"
"1278",contact,"contact, certain",N,"-9",certain,certain,,01.01.01,DAS01,,CAF1278,"824.8271472328142"
"1279",contact,"contact, certain",N,"-9",certain,certain,,01.01.01,DAS01,,CAF1279,"309.5805314492324"
"1280",contact,"contact, certain",N,"-9",certain,certain,,01.01.01,DAS01,,CAF1280,"352.5066946828862"
"1281",contact,"contact, certain",N,"-9",certain,certain,,01.01.01,DAS01,,CAF1281,"3744.389639477103"
"1282",contact,"contact, certain",N,"-9",certain,certain,,01.01.01,DAS01,,CAF1282,"824.4434760994834"
"1283",contact,"contact, certain",N,"-9",certain,certain,,01.01.01,DAS01,,CAF1283,"277.8794751558909"
"1284",contact,"contact, certain",N,"-9",certain,certain,,01.01.01,DAS01,,CAF1284,"6841.642118406653"
"1285",contact,"contact, certain",N,"-9",certain,certain,,01.01.01,DAS01,,CAF1285,"4936.05991059646"
"1286",contact,"contact, certain",N,"-9",certain,certain,,01.01.01,DAS01,,CAF1286,"2594.13293914855"
"1287",contact,"contact, certain",N,"-9",certain,certain,,01.01.01,DAS01,,CAF1287,"266.0159196490069"
"1288",contact,"contact, certain",N,"-9",certain,certain,,01.01.01,DAS01,,CAF1288,"502.7105616849285"
"1289",contact,"contact, certain",N,"-9",certain,certain,,01.01.01,DAS01,,CAF1289,"390.251090764413"
"1290",contact,"contact, certain",N,"-9",certain,certain,,01.01.01,DAS01,,CAF1290,"3079.214106203453"
"1291",contact,"contact, certain",N,"-9",certain,certain,,01.01.01,DAS01,,CAF1291,"1476.233361411055"
"1292",contact,"contact, certain",N,"-9",certain,certain,,01.01.01,DAS01,,CAF1292,"4660.063665277997"
"1293",contact,"contact, certain",N,"-9",certain,certain,,01.01.01,DAS01,,CAF1293,"1077.927982454948"
"1294",contact,"contact, certain",N,"-9",certain,certain,,01.01.01,DAS01,,CAF1294,"1156.589422990706"
"1295",contact,"contact, certain",N,"-9",certain,certain,,01.01.01,DAS01,,CAF1295,"997.5008423744182"
"1296",contact,"contact, certain",N,"-9",certain,certain,,01.01.01,DAS01,,CAF1296,"3095.737185536626"
"1297",contact,"contact, certain",N,"-9",certain,certain,,01.01.01,DAS01,,CAF1297,"2164.558405399477"
"1298",contact,"contact, certain",N,"-9",certain,certain,,01.01.01,DAS01,,CAF1298,"5990.645726293491"
"1299",contact,"contact, certain",N,"-9",certain,certain,,01.01.01,DAS01,,CAF1299,"3536.219352781642"
"1300",contact,"contact, certain",N,"-9",certain,certain,,01.01.01,DAS01,,CAF1300,"2661.77166290686"
"1301",contact,"contact, certain",N,"-9",certain,certain,,01.01.01,DAS01,,CAF1301,"2888.880703545152"
"1302",contact,"contact, certain",N,"-9",certain,certain,,01.01.01,DAS01,,CAF1302,"553.7610179661142"
"1303",contact,"contact, certain",N,"-9",certain,certain,,01.01.01,DAS01,,CAF1303,"831.5565030823977"
"1304",contact,"contact, certain",N,"-9",certain,certain,,01.01.01,DAS01,,CAF1304,"971.3432921923427"
"1305",contact,"contact, certain",N,"-9",certain,certain,,01.01.01,DAS01,,CAF1305,"7301.496989915286"
"1306",contact,"contact, certain",N,"-9",certain,certain,,01.01.01,DAS01,,CAF1306,"3502.053326064978"
"1307",contact,"contact, certain",N,"-9",certain,certain,,01.01.01,DAS01,,CAF1307,"5915.081245162303"
"1308",contact,"contact, certain",N,"-9",certain,certain,,01.01.01,DAS01,,CAF1308,"5203.837599073024"
"1309",contact,"contact, certain",N,"-9",certain,certain,,01.01.01,DAS01,,CAF1309,"1990.243682451623"
"1310",contact,"contact, certain",N,"-9",certain,certain,,01.01.01,DAS01,,CAF1310,"7802.501081822023"
"1311",contact,"contact, certain",N,"-9",certain,certain,,01.01.01,DAS01,,CAF1311,"1045.477288736119"
"1312",contact,"contact, certain",N,"-9",certain,certain,,01.01.01,DAS01,,CAF1312,"180.448389155176"
"1313",contact,"contact, certain",N,"-9",certain,certain,,01.01.01,DAS01,,CAF1313,"2110.550703527834"
"1314",contact,"contact, certain",N,"-9",certain,certain,,01.01.01,DAS01,,CAF1314,"6287.031524637499"
"1315",contact,"contact, certain",N,"-9",certain,certain,,01.01.01,DAS01,,CAF1315,"2259.106505845133"
"1316",contact,"contact, certain",N,"-9",certain,certain,,01.01.01,DAS01,,CAF1316,"2789.061919116287"
"1317",contact,"contact, certain",N,"-9",certain,certain,,01.01.01,DAS01,,CAF1317,"182.830396066942"
"1318",contact,"contact, certain",N,"-9",certain,certain,,01.01.01,DAS01,,CAF1318,"1655.917444277149"
"1319",contact,"contact, certain",N,"-9",certain,certain,,01.01.01,DAS01,,CAF1319,"8735.625118894261"
"1320",contact,"contact, certain",N,"-9",certain,certain,,01.01.01,DAS01,,CAF1320,"1860.646077664827"
"1321",contact,"contact, certain",N,"-9",certain,certain,,01.01.01,DAS01,,CAF1321,"2443.735231034097"
"1322",contact,"contact, certain",N,"-9",certain,certain,,01.01.01,DAS01,,CAF1322,"798.1334822924015"
"1323",contact,"contact, certain",N,"-9",certain,certain,,01.01.01,DAS01,,CAF1323,"216.9339698791752"
"1324",contact,"contact, certain",N,"-9",certain,certain,,01.01.01,DAS01,,CAF1324,"6273.947918251532"
"1325",contact,"contact, certain",N,"-9",certain,certain,,01.01.01,DAS01,,CAF1325,"546.2653859500722"
"1326",contact,"contact, certain",N,"-9",certain,certain,,01.01.01,DAS01,,CAF1326,"317.367340051789"
"1327",contact,"contact, certain",N,"-9",certain,certain,,01.01.01,DAS01,,CAF1327,"541.5306896218731"
"1328",contact,"contact, certain",N,"-9",certain,certain,,01.01.01,DAS01,,CAF1328,"6537.062192477839"
"1329",contact,"contact, certain",N,"-9",certain,certain,,01.01.01,DAS01,,CAF1329,"2466.478178563313"
"1330",contact,"contact, certain",N,"-9",certain,certain,,01.01.01,DAS01,,CAF1330,"1509.502900095238"
"1331",contact,"contact, certain",N,"-9",certain,certain,,01.01.01,DAS01,,CAF1331,"6357.435132329723"
"1332",contact,"contact, certain",N,"-9",certain,certain,,01.01.01,DAS01,,CAF1332,"1185.132455591415"
"1333",contact,"contact, certain",N,"-9",certain,certain,,01.01.01,DAS01,,CAF1333,"3618.682447697999"
"1334",contact,"contact, certain",N,"-9",certain,certain,,01.01.01,DAS01,,CAF1334,"251.1156861455013"
"1335",contact,"contact, certain",N,"-9",certain,certain,,01.01.01,DAS01,,CAF1335,"1812.443759424269"
"1336",contact,"contact, certain",N,"-9",certain,certain,,01.01.01,DAS01,,CAF1336,"3590.543816497142"
"1337",contact,"contact, certain",N,"-9",certain,certain,,01.01.01,DAS01,,CAF1337,"1254.796418132949"
"1338",contact,"contact, certain",N,"-9",certain,certain,,01.01.01,DAS01,,CAF1338,"7811.281213905389"
"1339",contact,"contact, certain",N,"-9",certain,certain,,01.01.01,DAS01,,CAF1339,"1466.732046679638"
"1340",contact,"contact, certain",N,"-9",certain,certain,,01.01.01,DAS01,,CAF1340,"2450.812288630324"
"1341",contact,"contact, certain",N,"-9",certain,certain,,01.01.01,DAS01,,CAF1341,"362.817572700345"
"1342",contact,"contact, certain",N,"-9",certain,certain,,01.01.01,DAS01,,CAF1342,"1930.280921051482"
"1343",contact,"contact, certain",N,"-9",certain,certain,,01.01.01,DAS01,,CAF1343,"1020.68962795788"
"1344",contact,"contact, certain",N,"-9",certain,certain,,01.01.01,DAS01,,CAF1344,"1138.060710542825"
"1345",contact,"contact, certain",N,"-9",certain,certain,,01.01.01,DAS01,,CAF1345,"5922.882176676912"
"1346",contact,"contact, certain",N,"-9",certain,certain,,01.01.01,DAS01,,CAF1346,"1302.199363894665"
"1347",contact,"contact, certain",N,"-9",certain,certain,,01.01.01,DAS01,,CAF1347,"219.2657021033125"
"1348",contact,"contact, certain",N,"-9",certain,certain,,01.01.01,DAS01,,CAF1348,"1497.177791902151"
"1349",contact,"contact, certain",N,"-9",certain,certain,,01.01.01,DAS01,,CAF1349,"518.3587904160443"
"1350",contact,"contact, certain",N,"-9",certain,certain,,01.01.01,DAS01,,CAF1350,"201.7237639404419"
"1351",contact,"contact, certain",N,"-9",certain,certain,,01.01.01,DAS01,,CAF1351,"2041.377404218186"
"1352",contact,"contact, certain",N,"-9",certain,certain,,01.01.01,DAS01,,CAF1352,"2370.527332715801"
"1353",contact,"contact, certain",N,"-9",certain,certain,,01.01.01,DAS01,,CAF1353,"1405.0650872343"
"1354",contact,"contact, certain",N,"-9",certain,certain,,01.01.01,DAS01,,CAF1354,"1829.223294720125"
"1355",contact,"contact, certain",N,"-9",certain,certain,,01.01.01,DAS01,,CAF1355,"1092.145481963185"
"1356",contact,"contact, certain",N,"-9",certain,certain,,01.01.01,DAS01,,CAF1356,"294.5043640021868"
"1357",contact,"contact, certain",N,"-9",certain,certain,,01.01.01,DAS01,,CAF1357,"941.0363631044517"
"1358",contact,"contact, certain",N,"-9",certain,certain,,01.01.01,DAS01,,CAF1358,"1661.552773460078"
"1359",contact,"contact, certain",N,"-9",certain,certain,,01.01.01,DAS01,,CAF1359,"1114.006182755759"
"1360",contact,"contact, certain",N,"-9",certain,certain,,01.01.01,DAS01,,CAF1360,"9041.505107630117"
"1361",contact,"contact, certain",N,"-9",certain,certain,,01.01.01,DAS01,,CAF1361,"8728.392913015901"
"1362",contact,"contact, certain",N,"-9",certain,certain,,01.01.01,DAS01,,CAF1362,"2079.41727636207"
"1363",contact,"contact, certain",N,"-9",certain,certain,,01.01.01,DAS01,,CAF1363,"1503.421747887385"
"1364",contact,"contact, certain",N,"-9",certain,certain,,01.01.01,DAS01,,CAF1364,"2776.261453245923"
"1365",contact,"contact, certain",N,"-9",certain,certain,,01.01.01,DAS01,,CAF1365,"1795.057004083958"
"1366",contact,"contact, certain",N,"-9",certain,certain,,01.01.01,DAS01,,CAF1366,"5626.955536733321"
"1367",contact,"contact, certain",N,"-9",certain,certain,,01.01.01,DAS01,,CAF1367,"578.9088969260796"
"1368",contact,"contact, certain",N,"-9",certain,certain,,01.01.01,DAS01,,CAF1368,"4976.591714118052"
"1369",contact,"contact, certain",N,"-9",certain,certain,,01.01.01,DAS01,,CAF1369,"1829.763168263686"
"1370",contact,"contact, certain",N,"-9",certain,certain,,01.01.01,DAS01,,CAF1370,"1397.060848601339"
"1371",contact,"contact, certain",N,"-9",certain,certain,,01.01.01,DAS01,,CAF1371,"3881.698690797724"
"1372",contact,"contact, certain",N,"-9",certain,certain,,01.01.01,DAS01,,CAF1372,"1347.901713220839"
"1373",contact,"contact, certain",N,"-9",certain,certain,,01.01.01,DAS01,,CAF1373,"918.0597658429426"
"1374",contact,"contact, certain",N,"-9",certain,certain,,01.01.01,DAS01,,CAF1374,"5635.023496997078"
"1375",contact,"contact, certain",N,"-9",certain,certain,,01.01.01,DAS01,,CAF1375,"476.1820506641951"
"1376",contact,"contact, certain",N,"-9",certain,certain,,01.01.01,DAS01,,CAF1376,"245.1122476788717"
"1377",contact,"contact, certain",N,"-9",certain,certain,,01.01.01,DAS01,,CAF1377,"5868.132349333565"
"1378",contact,"contact, certain",N,"-9",certain,certain,,01.01.01,DAS01,,CAF1378,"5553.376303609391"
"1379",contact,"contact, certain",N,"-9",certain,certain,,01.01.01,DAS01,,CAF1379,"284.4752331147806"
"1380",contact,"contact, certain",N,"-9",certain,certain,,01.01.01,DAS01,,CAF1380,"1299.200426182822"
"1381",contact,"contact, certain",N,"-9",certain,certain,,01.01.01,DAS01,,CAF1381,"451.8155192110733"
"1382",contact,"contact, certain",N,"-9",certain,certain,,01.01.01,DAS01,,CAF1382,"4439.763398366637"
"1383",contact,"contact, certain",N,"-9",certain,certain,,01.01.01,DAS01,,CAF1383,"4249.932023892458"
"1384",contact,"contact, certain",N,"-9",certain,certain,,01.01.01,DAS01,,CAF1384,"422.0494229444386"
"1385",contact,"contact, certain",N,"-9",certain,certain,,01.01.01,DAS01,,CAF1385,"1290.416076934949"
"1386",contact,"contact, certain",N,"-9",certain,certain,,01.01.01,DAS01,,CAF1386,"2658.210852602068"
"1387",contact,"contact, certain",N,"-9",certain,certain,,01.01.01,DAS01,,CAF1387,"2651.551980345141"
"1388",contact,"contact, certain",N,"-9",certain,certain,,01.01.01,DAS01,,CAF1388,"1449.76072411948"
"1389",contact,"contact, certain",N,"-9",certain,certain,,01.01.01,DAS01,,CAF1389,"1885.561719235268"
"1390",contact,"contact, certain",N,"-9",certain,certain,,01.01.01,DAS01,,CAF1390,"947.8197271533885"
"1391",contact,"contact, certain",N,"-9",certain,certain,,01.01.01,DAS01,,CAF1391,"884.4920006114181"
"1392",contact,"contact, certain",N,"-9",certain,certain,,01.01.01,DAS01,,CAF1392,"4591.357246879704"
"1393",contact,"contact, certain",N,"-9",certain,certain,,01.01.01,DAS01,,CAF1393,"3892.411092008466"
"1394",contact,"contact, certain",N,"-9",certain,certain,,01.01.01,DAS01,,CAF1394,"4430.496135810654"
"1395",contact,"contact, certain",N,"-9",certain,certain,,01.01.01,DAS01,,CAF1395,"640.2218943788325"
"1396",contact,"contact, certain",N,"-9",certain,certain,,01.01.01,DAS01,,CAF1396,"2399.240029662098"
"1397",contact,"contact, certain",N,"-9",certain,certain,,01.01.01,DAS01,,CAF1397,"3651.347025273158"
"1398",contact,"contact, certain",N,"-9",certain,certain,,01.01.01,DAS01,,CAF1398,"8572.525280694905"
"1399",contact,"contact, certain",N,"-9",certain,certain,,01.01.01,DAS01,,CAF1399,"501.2365649846249"
"1400",contact,"contact, certain",N,"-9",certain,certain,,01.01.01,DAS01,,CAF1400,"3448.715135545075"
"1401",contact,"contact, certain",N,"-9",certain,certain,,01.01.01,DAS01,,CAF1401,"2982.322724563728"
"1402",contact,"contact, certain",N,"-9",certain,certain,,01.01.01,DAS01,,CAF1402,"380.5068282184058"
"1403",contact,"contact, certain",N,"-9",certain,certain,,01.01.01,DAS01,,CAF1403,"1899.444903996121"
"1404",contact,"contact, certain",N,"-9",certain,certain,,01.01.01,DAS01,,CAF1404,"805.4269611883219"
"1405",contact,"contact, certain",N,"-9",certain,certain,,01.01.01,DAS01,,CAF1405,"1363.023816333678"
"1406",contact,"contact, certain",N,"-9",certain,certain,,01.01.01,DAS01,modified to match printed map,CAF1406,"2052.072170841324"
"1407",contact,"contact, certain",N,"-9",certain,certain,,01.01.01,DAS01,,CAF1407,"643.4925636768945"
"1408",contact,"contact, certain",N,"-9",certain,certain,,01.01.01,DAS01,,CAF1408,"1411.302586153482"
"1409",contact,"contact, certain",N,"-9",certain,certain,,01.01.01,DAS01,,CAF1409,"1423.490937469284"
"1410",contact,"contact, certain",N,"-9",certain,certain,,01.01.01,DAS01,,CAF1410,"1533.922822790991"
"1411",contact,"contact, certain",N,"-9",certain,certain,,01.01.01,DAS01,,CAF1411,"1823.061769483592"
"1412",contact,"contact, certain",N,"-9",certain,certain,,01.01.01,DAS01,,CAF1412,"1139.331064715559"
"1413",contact,"contact, certain",N,"-9",certain,certain,,01.01.01,DAS01,,CAF1413,"1014.431522923507"
"1414",contact,"contact, certain",N,"-9",certain,certain,,01.01.01,DAS01,,CAF1414,"2238.354050271767"
"1415",contact,"contact, certain",N,"-9",certain,certain,,01.01.01,DAS01,,CAF1415,"2031.357417052512"
"1416",contact,"contact, certain",N,"-9",certain,certain,,01.01.01,DAS01,,CAF1416,"2505.931250218052"
"1417",contact,"contact, certain",N,"-9",certain,certain,,01.01.01,DAS01,,CAF1417,"1723.218922190313"
"1418",contact,"contact, certain",N,"-9",certain,certain,,01.01.01,DAS01,,CAF1418,"2483.803891736384"
"1419",contact,"contact, certain",N,"-9",certain,certain,,01.01.01,DAS01,,CAF1419,"1556.947766389782"
"1420",contact,"contact, certain",N,"-9",certain,certain,,01.01.01,DAS01,,CAF1420,"2526.706651421637"
"1421",contact,"contact, certain",N,"-9",certain,certain,,01.01.01,DAS01,,CAF1421,"1774.657420005074"
"1422",contact,"contact, certain",N,"-9",certain,certain,,01.01.01,DAS01,,CAF1422,"1544.24774585828"
"1423",contact,"contact, certain",N,"-9",certain,certain,,01.01.01,DAS01,,CAF1423,"698.0205331238279"
"1424",contact,"contact, certain",N,"-9",certain,certain,,01.01.01,DAS01,,CAF1424,"1278.998593926771"
"1425",contact,"contact, certain",N,"-9",certain,certain,,01.01.01,DAS01,,CAF1425,"411.5363117182721"
"1426",contact,"contact, certain",N,"-9",certain,certain,,01.01.01,DAS01,,CAF1426,"6001.230546545075"
"1427",contact,"contact, certain",N,"-9",certain,certain,,01.01.01,DAS01,,CAF1427,"1202.836396588174"
"1428",contact,"contact, certain",N,"-9",certain,certain,,01.01.01,DAS01,,CAF1428,"1481.393698339775"
"1429",contact,"contact, certain",N,"-9",certain,certain,,01.01.01,DAS01,,CAF1429,"1683.456120092505"
"1430",contact,"contact, certain",N,"-9",certain,certain,,01.01.01,DAS01,,CAF1430,"3993.642366015916"
"1431",contact,"contact, certain",N,"-9",certain,certain,,01.01.01,DAS01,,CAF1431,"3069.621501905696"
"1432",contact,"contact, certain",N,"-9",certain,certain,,01.01.01,DAS01,,CAF1432,"2146.547701647037"
"1433",contact,"contact, certain",N,"-9",certain,certain,,01.01.01,DAS01,,CAF1433,"2044.969951191464"
"1434",contact,"contact, certain",N,"-9",certain,certain,,01.01.01,DAS01,,CAF1434,"4610.592043932554"
"1435",contact,"contact, certain",N,"-9",certain,certain,,01.01.01,DAS01,,CAF1435,"1814.898517412781"
"1436",contact,"contact, certain",N,"-9",certain,certain,,01.01.01,DAS01,,CAF1436,"343.3368256580868"
"1437",contact,"contact, certain",N,"-9",certain,certain,,01.01.01,DAS01,,CAF1437,"6003.613806961343"
"1438",contact,"contact, certain",N,"-9",certain,certain,,01.01.01,DAS01,,CAF1438,"329.8508326995678"
"1439",contact,"contact, certain",N,"-9",certain,certain,,01.01.01,DAS01,,CAF1439,"5205.852214513544"
"1440",contact,"contact, certain",N,"-9",certain,certain,,01.01.01,DAS01,,CAF1440,"1987.943746920596"
"1441",contact,"contact, certain",N,"-9",certain,certain,,01.01.01,DAS01,,CAF1441,"613.7633318512895"
"1442",contact,"contact, certain",N,"-9",certain,certain,,01.01.01,DAS01,,CAF1442,"11658.25533907657"
"1443",contact,"contact, certain",N,"-9",certain,certain,,01.01.01,DAS01,,CAF1443,"1136.910159247935"
"1444",contact,"contact, certain",N,"-9",certain,certain,,01.01.01,DAS01,,CAF1444,"3518.982780798765"
"1445",contact,"contact, certain",N,"-9",certain,certain,,01.01.01,DAS01,,CAF1445,"487.4403315167215"
"1446",contact,"contact, certain",N,"-9",certain,certain,,01.01.01,DAS01,,CAF1446,"695.8859139056151"
"1447",contact,"contact, certain",N,"-9",certain,certain,,01.01.01,DAS01,,CAF1447,"1413.120971354571"
"1448",contact,"contact, certain",N,"-9",certain,certain,,01.01.01,DAS01,,CAF1448,"1094.892376197717"
"1449",contact,"contact, certain",N,"-9",certain,certain,,01.01.01,DAS01,,CAF1449,"1662.310809692193"
"1450",contact,"contact, certain",N,"-9",certain,certain,,01.01.01,DAS01,,CAF1450,"1921.726767387324"
"1451",contact,"contact, certain",N,"-9",certain,certain,,01.01.01,DAS01,,CAF1451,"3916.592871007231"
"1452",contact,"contact, certain",N,"-9",certain,certain,,01.01.01,DAS01,,CAF1452,"3770.742182209702"
"1453",contact,"contact, certain",N,"-9",certain,certain,,01.01.01,DAS01,,CAF1453,"157.3364336815251"
"1454",contact,"contact, certain",N,"-9",certain,certain,,01.01.01,DAS01,,CAF1454,"233.4938846517289"
"1455",contact,"contact, certain",N,"-9",certain,certain,,01.01.01,DAS01,,CAF1455,"2423.035779385109"
"1456",contact,"contact, certain",N,"-9",certain,certain,,01.01.01,DAS01,,CAF1456,"4319.461184014594"
"1457",contact,"contact, certain",N,"-9",certain,certain,,01.01.01,DAS01,,CAF1457,"3336.333110786898"
"1458",contact,"contact, certain",N,"-9",certain,certain,,01.01.01,DAS01,,CAF1458,"738.2487503924052"
"1459",contact,"contact, certain",N,"-9",certain,certain,,01.01.01,DAS01,,CAF1459,"4192.152699226406"
"1460",contact,"contact, certain",N,"-9",certain,certain,,01.01.01,DAS01,,CAF1460,"285.831090870844"
"1461",contact,"contact, certain",N,"-9",certain,certain,,01.01.01,DAS01,,CAF1461,"5025.687029962832"
"1462",contact,"contact, certain",N,"-9",certain,certain,,01.01.01,DAS01,,CAF1462,"4009.314593748155"
"1463",contact,"contact, certain",N,"-9",certain,certain,,01.01.01,DAS01,,CAF1463,"376.6672869240525"
"1464",contact,"contact, certain",N,"-9",certain,certain,,01.01.01,DAS01,,CAF1464,"792.7806114569526"
"1465",contact,"contact, certain",N,"-9",certain,certain,,01.01.01,DAS01,,CAF1465,"9992.303319782959"
"1466",contact,"contact, certain",N,"-9",certain,certain,,01.01.01,DAS01,,CAF1466,"4140.796441662699"
"1467",contact,"contact, certain",N,"-9",certain,certain,,01.01.01,DAS01,,CAF1467,"657.4153630436556"
"1468",contact,"contact, certain",N,"-9",certain,certain,,01.01.01,DAS01,,CAF1468,"964.2377969772948"
"1469",contact,"contact, certain",N,"-9",certain,certain,,01.01.01,DAS01,,CAF1469,"500.4192672859667"
"1470",contact,"contact, certain",N,"-9",certain,certain,,01.01.01,DAS01,,CAF1470,"2954.445695140887"
"1471",contact,"contact, certain",N,"-9",certain,certain,,01.01.01,DAS01,,CAF1471,"9082.974928016358"
"1472",contact,"contact, certain",N,"-9",certain,certain,,01.01.01,DAS01,,CAF1472,"222.4990432028134"
"1473",contact,"contact, certain",N,"-9",certain,certain,,01.01.01,DAS01,,CAF1473,"1008.150780092548"
"1474",contact,"contact, certain",N,"-9",certain,certain,,01.01.01,DAS01,,CAF1474,"3104.053311290013"
"1475",contact,"contact, certain",N,"-9",certain,certain,,01.01.01,DAS01,,CAF1475,"3122.389987236847"
"1476",contact,"contact, certain",N,"-9",certain,certain,,01.01.01,DAS01,,CAF1476,"1755.264372918004"
"1477",contact,"contact, certain",N,"-9",certain,certain,,01.01.01,DAS01,,CAF1477,"1054.893249996337"
"1478",contact,"contact, certain",N,"-9",certain,certain,,01.01.01,DAS01,,CAF1478,"17266.71485979196"
"1479",contact,"contact, certain",N,"-9",certain,certain,,01.01.01,DAS01,,CAF1479,"1635.69676770115"
"1480",contact,"contact, certain",N,"-9",certain,certain,,01.01.01,DAS01,,CAF1480,"1135.162672356832"
"1481",contact,"contact, certain",N,"-9",certain,certain,,01.01.01,DAS01,,CAF1481,"1945.594658738243"
"1482",contact,"contact, certain",N,"-9",certain,certain,,01.01.01,DAS01,,CAF1482,"1612.319855922885"
"1483",contact,"contact, certain",N,"-9",certain,certain,,01.01.01,DAS01,,CAF1483,"580.9345102305804"
"1484",contact,"contact, certain",N,"-9",certain,certain,,01.01.01,DAS01,,CAF1484,"2776.647717160124"
"1485",contact,"contact, certain",N,"-9",certain,certain,,01.01.01,DAS01,,CAF1485,"309.8965416794894"
"1486",contact,"contact, certain",N,"-9",certain,certain,,01.01.01,DAS01,,CAF1486,"1046.70151942529"
"1487",contact,"contact, certain",N,"-9",certain,certain,,01.01.01,DAS01,,CAF1487,"3399.607109637181"
"1488",contact,"contact, certain",N,"-9",certain,certain,,01.01.01,DAS01,,CAF1488,"1370.17407538171"
"1489",contact,"contact, certain",N,"-9",certain,certain,,01.01.01,DAS01,,CAF1489,"6956.738157359695"
"1490",contact,"contact, certain",N,"-9",certain,certain,,01.01.01,DAS01,,CAF1490,"399.0809067311386"
"1491",contact,"contact, certain",N,"-9",certain,certain,,01.01.01,DAS01,,CAF1491,"1317.740156150854"
"1492",contact,"contact, certain",N,"-9",certain,certain,,01.01.01,DAS01,,CAF1492,"599.9924651610947"
"1493",contact,"contact, certain",N,"-9",certain,certain,,01.01.01,DAS01,,CAF1493,"1557.259614343727"
"1494",contact,"contact, certain",N,"-9",certain,certain,,01.01.01,DAS01,,CAF1494,"3106.960457662785"
"1495",contact,"contact, certain",N,"-9",certain,certain,,01.01.01,DAS01,,CAF1495,"3044.396500972695"
"1496",contact,"contact, certain",N,"-9",certain,certain,,01.01.01,DAS01,,CAF1496,"6056.806282506151"
"1497",contact,"contact, certain",N,"-9",certain,certain,,01.01.01,DAS01,,CAF1497,"1231.374130183682"
"1498",contact,"contact, certain",N,"-9",certain,certain,,01.01.01,DAS01,,CAF1498,"640.0131690126514"
"1499",contact,"contact, certain",N,"-9",certain,certain,,01.01.01,DAS01,,CAF1499,"1580.041066133192"
"1500",contact,"contact, certain",N,"-9",certain,certain,,01.01.01,DAS01,,CAF1500,"4650.085272602885"
"1501",contact,"contact, certain",N,"-9",certain,certain,,01.01.01,DAS01,,CAF1501,"6710.76245768591"
"1502",contact,"contact, certain",N,"-9",certain,certain,,01.01.01,DAS01,,CAF1502,"2287.527904811534"
"1503",contact,"contact, certain",N,"-9",certain,certain,,01.01.01,DAS01,,CAF1503,"3657.595262486513"
"1504",contact,"contact, certain",N,"-9",certain,certain,,01.01.01,DAS01,,CAF1504,"2046.211826737594"
"1505",contact,"contact, certain",N,"-9",certain,certain,,01.01.01,DAS01,,CAF1505,"1366.75818525646"
"1506",contact,"contact, certain",N,"-9",certain,certain,,01.01.01,DAS01,,CAF1506,"3003.275708906059"
"1507",contact,"contact, certain",N,"-9",certain,certain,,01.01.01,DAS01,,CAF1507,"1943.095988725259"
"1508",contact,"contact, certain",N,"-9",certain,certain,,01.01.01,DAS01,,CAF1508,"4046.18551250454"
"1509",contact,"contact, certain",N,"-9",certain,certain,,01.01.01,DAS01,,CAF1509,"2703.731304819793"
"1510",contact,"contact, certain",N,"-9",certain,certain,,01.01.01,DAS01,,CAF1510,"2746.793506212084"
"1511",contact,"contact, certain",N,"-9",certain,certain,,01.01.01,DAS01,,CAF1511,"1850.656410747393"
"1512",contact,"contact, certain",N,"-9",certain,certain,,01.01.01,DAS01,,CAF1512,"13072.27245326242"
"1513",contact,"contact, certain",N,"-9",certain,certain,,01.01.01,DAS01,,CAF1513,"41708.11018387654"
"1514",contact,"contact, certain",N,"-9",certain,certain,,01.01.01,DAS01,,CAF1514,"1787.537695227615"
"1515",contact,"contact, certain",N,"-9",certain,certain,,01.01.01,DAS01,,CAF1515,"1066.281613225172"
"1516",contact,"contact, certain",N,"-9",certain,certain,,01.01.01,DAS01,,CAF1516,"573.9966986465282"
"1517",contact,"contact, certain",N,"-9",certain,certain,,01.01.01,DAS01,,CAF1517,"2825.529614356826"
"1518",contact,"contact, certain",N,"-9",certain,certain,,01.01.01,DAS01,,CAF1518,"160.2757823069102"
"1519",contact,"contact, certain",N,"-9",certain,certain,,01.01.01,DAS01,,CAF1519,"14772.1501497551"
"1520",contact,"contact, certain",N,"-9",certain,certain,,01.01.01,DAS01,,CAF1520,"423.8206398019946"
"1521",contact,"contact, certain",N,"-9",certain,certain,,01.01.01,DAS01,,CAF1521,"1531.330393909275"
"1522",contact,"contact, certain",N,"-9",certain,certain,,01.01.01,DAS01,,CAF1522,"1485.091120962836"
"1523",contact,"contact, certain",N,"-9",certain,certain,,01.01.01,DAS01,,CAF1523,"359.5201082866194"
"1524",contact,"contact, certain",N,"-9",certain,certain,,01.01.01,DAS01,,CAF1524,"2333.804319817888"
"1525",contact,"contact, certain",N,"-9",certain,certain,,01.01.01,DAS01,,CAF1525,"5397.797911236327"
"1526",contact,"contact, certain",N,"-9",certain,certain,,01.01.01,DAS01,,CAF1526,"1694.478902835504"
"1527",contact,"contact, certain",N,"-9",certain,certain,,01.01.01,DAS01,,CAF1527,"2121.304161233068"
"1528",contact,"contact, certain",N,"-9",certain,certain,,01.01.01,DAS01,,CAF1528,"607.4923042315282"
"1529",contact,"contact, certain",N,"-9",certain,certain,,01.01.01,DAS01,,CAF1529,"470.7158744942921"
"1530",contact,"contact, certain",N,"-9",certain,certain,,01.01.01,DAS01,,CAF1530,"795.2830135244504"
"1531",contact,"contact, certain",N,"-9",certain,certain,,01.01.01,DAS01,,CAF1531,"12860.32794505098"
"1532",contact,"contact, certain",N,"-9",certain,certain,,01.01.01,DAS01,,CAF1532,"2065.600654194613"
"1533",contact,"contact, certain",N,"-9",certain,certain,,01.01.01,DAS01,,CAF1533,"5693.266499305628"
"1534",contact,"contact, certain",N,"-9",certain,certain,,01.01.01,DAS01,,CAF1534,"530.4196259430742"
"1535",contact,"contact, certain",N,"-9",certain,certain,,01.01.01,DAS01,,CAF1535,"1377.363868664357"
"1536",contact,"contact, certain",N,"-9",certain,certain,,01.01.01,DAS01,,CAF1536,"1913.449342395527"
"1537",contact,"contact, certain",N,"-9",certain,certain,,01.01.01,DAS01,,CAF1537,"3074.229892734984"
"1538",contact,"contact, certain",N,"-9",certain,certain,,01.01.01,DAS01,,CAF1538,"549.7309572437098"
"1539",contact,"contact, certain",N,"-9",certain,certain,,01.01.01,DAS01,,CAF1539,"1890.404397230945"
"1540",contact,"contact, certain",N,"-9",certain,certain,,01.01.01,DAS01,,CAF1540,"811.117172663744"
"1541",contact,"contact, certain",N,"-9",certain,certain,,01.01.01,DAS01,,CAF1541,"1996.157945843373"
"1542",contact,"contact, certain",N,"-9",certain,certain,,01.01.01,DAS01,,CAF1542,"10261.43891448432"
"1543",contact,"contact, certain",N,"-9",certain,certain,,01.01.01,DAS01,,CAF1543,"321.0486985907081"
"1544",contact,"contact, certain",N,"-9",certain,certain,,01.01.01,DAS01,,CAF1544,"1717.252389361714"
"1545",contact,"contact, certain",N,"-9",certain,certain,,01.01.01,DAS01,,CAF1545,"1747.208395064434"
"1546",contact,"contact, certain",N,"-9",certain,certain,,01.01.01,DAS01,,CAF1546,"1005.932663264422"
"1547",contact,"contact, certain",N,"-9",certain,certain,,01.01.01,DAS01,,CAF1547,"4763.482098530253"
"1548",contact,"contact, certain",N,"-9",certain,certain,,01.01.01,DAS01,,CAF1548,"622.4534272753012"
"1549",contact,"contact, certain",N,"-9",certain,certain,,01.01.01,DAS01,,CAF1549,"6446.797395734696"
"1550",contact,"contact, certain",N,"-9",certain,certain,,01.01.01,DAS01,,CAF1550,"5704.739921442248"
"1551",contact,"contact, certain",N,"-9",certain,certain,,01.01.01,DAS01,,CAF1551,"6201.630486943191"
"1552",contact,"contact, certain",N,"-9",certain,certain,,01.01.01,DAS01,,CAF1552,"1015.338478337822"
"1553",contact,"contact, certain",N,"-9",certain,certain,,01.01.01,DAS01,,CAF1553,"901.3611814587948"
"1554",contact,"contact, certain",N,"-9",certain,certain,,01.01.01,DAS01,,CAF1554,"15137.17909959112"
"1555",contact,"contact, certain",N,"-9",certain,certain,,01.01.01,DAS01,,CAF1555,"256.2122483663464"
"1556",contact,"contact, certain",N,"-9",certain,certain,,01.01.01,DAS01,,CAF1556,"266.2656892168229"
"1557",contact,"contact, certain",N,"-9",certain,certain,,01.01.01,DAS01,,CAF1557,"5659.658652674322"
"1558",contact,"contact, certain",N,"-9",certain,certain,,01.01.01,DAS01,,CAF1558,"797.0782851931867"
"1559",contact,"contact, certain",N,"-9",certain,certain,,01.01.01,DAS01,,CAF1559,"472.2792343326623"
"1560",contact,"contact, certain",N,"-9",certain,certain,,01.01.01,DAS01,,CAF1560,"2682.574464800923"
"1561",contact,"contact, certain",N,"-9",certain,certain,,01.01.01,DAS01,,CAF1561,"405.5328188892104"
"1562",contact,"contact, certain",N,"-9",certain,certain,,01.01.01,DAS01,,CAF1562,"1466.435310495084"
"1563",contact,"contact, certain",N,"-9",certain,certain,,01.01.01,DAS01,,CAF1563,"9806.225325703293"
"1564",contact,"contact, certain",N,"-9",certain,certain,,01.01.01,DAS01,,CAF1564,"373.1555372900378"
"1565",contact,"contact, certain",N,"-9",certain,certain,,01.01.01,DAS01,,CAF1565,"592.0768126061536"
"1566",contact,"contact, certain",N,"-9",certain,certain,,01.01.01,DAS01,,CAF1566,"221.5815787031328"
"1567",contact,"contact, certain",N,"-9",certain,certain,,01.01.01,DAS01,,CAF1567,"1980.850833096869"
"1568",contact,"contact, certain",N,"-9",certain,certain,,01.01.01,DAS01,,CAF1568,"223.6790403779962"
"1569",contact,"contact, certain",N,"-9",certain,certain,,01.01.01,DAS01,,CAF1569,"840.1943669769207"
"1570",contact,"contact, certain",N,"-9",certain,certain,,01.01.01,DAS01,,CAF1570,"19814.05360523456"
"1571",contact,"contact, certain",N,"-9",certain,certain,,01.01.01,DAS01,,CAF1571,"763.0852495271623"
"1572",contact,"contact, certain",N,"-9",certain,certain,,01.01.01,DAS01,,CAF1572,"673.6824235207512"
"1573",contact,"contact, certain",N,"-9",certain,certain,,01.01.01,DAS01,,CAF1573,"3965.535346621533"
"1574",contact,"contact, certain",N,"-9",certain,certain,,01.01.01,DAS01,,CAF1574,"666.3978854276575"
"1575",contact,"contact, certain",N,"-9",certain,certain,,01.01.01,DAS01,,CAF1575,"1189.025291129204"
"1576",contact,"contact, certain",N,"-9",certain,certain,,01.01.01,DAS01,,CAF1576,"3440.197105259649"
"1577",contact,"contact, certain",N,"-9",certain,certain,,01.01.01,DAS01,,CAF1577,"1251.471427793229"
"1578",contact,"contact, certain",N,"-9",certain,certain,,01.01.01,DAS01,,CAF1578,"1418.80597171338"
"1579",contact,"contact, certain",N,"-9",certain,certain,,01.01.01,DAS01,,CAF1579,"1122.085052024073"
"1580",contact,"contact, certain",N,"-9",certain,certain,,01.01.01,DAS01,,CAF1580,"493.7184139353199"
"1581",contact,"contact, certain",N,"-9",certain,certain,,01.01.01,DAS01,,CAF1581,"7467.297055120553"
"1582",contact,"contact, certain",N,"-9",certain,certain,,01.01.01,DAS01,,CAF1582,"3233.788506232229"
"1583",contact,"contact, certain",N,"-9",certain,certain,,01.01.01,DAS01,,CAF1583,"4169.854904987525"
"1584",contact,"contact, certain",N,"-9",certain,certain,,01.01.01,DAS01,,CAF1584,"529.7610083652751"
"1585",contact,"contact, certain",N,"-9",certain,certain,,01.01.01,DAS01,,CAF1585,"1674.317538974575"
"1586",contact,"contact, certain",N,"-9",certain,certain,,01.01.01,DAS01,,CAF1586,"3445.797981622075"
"1587",contact,"contact, certain",N,"-9",certain,certain,,01.01.01,DAS01,,CAF1587,"6765.569902402405"
"1588",contact,"contact, certain",N,"-9",certain,certain,,01.01.01,DAS01,,CAF1588,"2472.522828573927"
"1589",contact,"contact, certain",N,"-9",certain,certain,,01.01.01,DAS01,,CAF1589,"1054.802202975794"
"1590",contact,"contact, certain",N,"-9",certain,certain,,01.01.01,DAS01,,CAF1590,"104.8903960320338"
"1591",contact,"contact, certain",N,"-9",certain,certain,,01.01.01,DAS01,,CAF1591,"1011.251512658713"
"1592",contact,"contact, certain",N,"-9",certain,certain,,01.01.01,DAS01,,CAF1592,"260.242803860895"
"1593",contact,"contact, certain",N,"-9",certain,certain,,01.01.01,DAS01,,CAF1593,"293.6652061709532"
"1594",contact,"contact, certain",N,"-9",certain,certain,,01.01.01,DAS01,,CAF1594,"1393.89601897324"
"1595",contact,"contact, certain",N,"-9",certain,certain,,01.01.01,DAS01,,CAF1595,"2297.637689907003"
"1596",contact,"contact, certain",N,"-9",certain,certain,,01.01.01,DAS01,,CAF1596,"1079.028769800097"
"1597",contact,"contact, certain",N,"-9",certain,certain,,01.01.01,DAS01,,CAF1597,"3620.745672934037"
"1598",contact,"contact, certain",N,"-9",certain,certain,,01.01.01,DAS01,,CAF1598,"244.0754256100258"
"1599",contact,"contact, certain",N,"-9",certain,certain,,01.01.01,DAS01,,CAF1599,"459.3878752021591"
"1600",contact,"contact, certain",N,"-9",certain,certain,,01.01.01,DAS01,,CAF1600,"302.032863020807"
"1601",contact,"contact, certain",N,"-9",certain,certain,,01.01.01,DAS01,,CAF1601,"1225.12196831834"
"1602",contact,"contact, certain",N,"-9",certain,certain,,01.01.01,DAS01,,CAF1602,"3523.277095004339"
"1603",contact,"contact, certain",N,"-9",certain,certain,,01.01.01,DAS01,,CAF1603,"20436.92858532761"
"1604",contact,"contact, certain",N,"-9",certain,certain,,01.01.01,DAS01,,CAF1604,"690.9236702285937"
"1605",contact,"contact, certain",N,"-9",certain,certain,,01.01.01,DAS01,,CAF1605,"2532.209120181554"
"1606",contact,"contact, certain",N,"-9",certain,certain,,01.01.01,DAS01,,CAF1606,"1259.510070446564"
"1607",contact,"contact, certain",N,"-9",certain,certain,,01.01.01,DAS01,,CAF1607,"1097.821095319721"
"1608",contact,"contact, certain",N,"-9",certain,certain,,01.01.01,DAS01,,CAF1608,"2682.101976668591"
"1609",contact,"contact, certain",N,"-9",certain,certain,,01.01.01,DAS01,,CAF1609,"5063.363246073346"
"1610",contact,"contact, certain",N,"-9",certain,certain,,01.01.01,DAS01,,CAF1610,"749.0108948077352"
"1611",contact,"contact, certain",N,"-9",certain,certain,,01.01.01,DAS01,,CAF1611,"3832.33219259546"
"1612",contact,"contact, certain",N,"-9",certain,certain,,01.01.01,DAS01,,CAF1612,"1055.469103279372"
"1613",contact,"contact, certain",N,"-9",certain,certain,,01.01.01,DAS01,,CAF1613,"1525.169211520515"
"1614",contact,"contact, certain",N,"-9",certain,certain,,01.01.01,DAS01,,CAF1614,"1479.961829211896"
"1615",contact,"contact, certain",N,"-9",certain,certain,,01.01.01,DAS01,,CAF1615,"5213.418335321003"
"1616",contact,"contact, certain",N,"-9",certain,certain,,01.01.01,DAS01,,CAF1616,"3168.772421426052"
"1617",contact,"contact, certain",N,"-9",certain,certain,,01.01.01,DAS01,,CAF1617,"5232.673195754746"
"1618",contact,"contact, certain",N,"-9",certain,certain,,01.01.01,DAS01,,CAF1618,"922.176985658102"
"1619",contact,"contact, certain",N,"-9",certain,certain,,01.01.01,DAS01,,CAF1619,"2686.938116795196"
"1620",contact,"contact, certain",N,"-9",certain,certain,,01.01.01,DAS01,,CAF1620,"1404.528924445124"
"1621",contact,"contact, certain",N,"-9",certain,certain,,01.01.01,DAS01,,CAF1621,"1533.317899841349"
"1622",contact,"contact, certain",N,"-9",certain,certain,,01.01.01,DAS01,,CAF1622,"978.2757823819786"
"1623",contact,"contact, certain",N,"-9",certain,certain,,01.01.01,DAS01,,CAF1623,"2253.502735582549"
"1624",contact,"contact, certain",N,"-9",certain,certain,,01.01.01,DAS01,,CAF1624,"549.1828012138623"
"1625",contact,"contact, certain",N,"-9",certain,certain,,01.01.01,DAS01,,CAF1625,"1479.497951600381"
"1626",contact,"contact, certain",N,"-9",certain,certain,,01.01.01,DAS01,,CAF1626,"2044.954697409618"
"1627",contact,"contact, certain",N,"-9",certain,certain,,01.01.01,DAS01,,CAF1627,"5761.11407467986"
"1628",contact,"contact, certain",N,"-9",certain,certain,,01.01.01,DAS01,,CAF1628,"1697.94959384974"
"1629",contact,"contact, certain",N,"-9",certain,certain,,01.01.01,DAS01,,CAF1629,"231.8330061093398"
"1630",contact,"contact, certain",N,"-9",certain,certain,,01.01.01,DAS01,,CAF1630,"254.3229508251798"
"1631",contact,"contact, certain",N,"-9",certain,certain,,01.01.01,DAS01,,CAF1631,"685.8286261465688"
"1632",contact,"contact, certain",N,"-9",certain,certain,,01.01.01,DAS01,,CAF1632,"12969.58111718777"
"1633",contact,"contact, certain",N,"-9",certain,certain,,01.01.01,DAS01,,CAF1633,"1677.838036429117"
"1634",contact,"contact, certain",N,"-9",certain,certain,,01.01.01,DAS01,,CAF1634,"1814.771142654816"
"1635",contact,"contact, certain",N,"-9",certain,certain,,01.01.01,DAS01,,CAF1635,"1318.920270941506"
"1636",contact,"contact, certain",N,"-9",certain,certain,,01.01.01,DAS01,,CAF1636,"2215.295755245128"
"1637",contact,"contact, certain",N,"-9",certain,certain,,01.01.01,DAS01,,CAF1637,"34422.28745932816"
"1638",contact,"contact, certain",N,"-9",certain,certain,,01.01.01,DAS01,,CAF1638,"2042.249159291298"
"1639",contact,"contact, certain",N,"-9",certain,certain,,01.01.01,DAS01,,CAF1639,"4029.10752229186"
"1640",contact,"contact, certain",N,"-9",certain,certain,,01.01.01,DAS01,,CAF1640,"237.6113693814714"
"1641",contact,"contact, certain",N,"-9",certain,certain,,01.01.01,DAS01,,CAF1641,"1496.229076742993"
"1642",contact,"contact, certain",N,"-9",certain,certain,,01.01.01,DAS01,,CAF1642,"13435.23009811273"
"1643",contact,"contact, certain",N,"-9",certain,certain,,01.01.01,DAS01,,CAF1643,"5590.304712847586"
"1644",contact,"contact, certain",N,"-9",certain,certain,,01.01.01,DAS01,,CAF1644,"8041.793604358562"
"1645",contact,"contact, certain",N,"-9",certain,certain,,01.01.01,DAS01,,CAF1645,"2831.317454619832"
"1646",contact,"contact, certain",N,"-9",certain,certain,,01.01.01,DAS01,,CAF1646,"4295.477664907191"
"1647",contact,"contact, certain",N,"-9",certain,certain,,01.01.01,DAS01,,CAF1647,"707.1190034816397"
"1648",contact,"contact, certain",N,"-9",certain,certain,,01.01.01,DAS01,,CAF1648,"1158.409643616894"
"1649",contact,"contact, certain",N,"-9",certain,certain,,01.01.01,DAS01,,CAF1649,"143.2669131806969"
"1650",contact,"contact, certain",N,"-9",certain,certain,,01.01.01,DAS01,,CAF1650,"1274.920156442114"
"1651",contact,"contact, certain",N,"-9",certain,certain,,01.01.01,DAS01,,CAF1651,"3903.667495691644"
"1652",contact,"contact, certain",N,"-9",certain,certain,,01.01.01,DAS01,,CAF1652,"1079.913910221348"
"1653",contact,"contact, certain",N,"-9",certain,certain,,01.01.01,DAS01,,CAF1653,"4351.028413311758"
"1654",contact,"contact, certain",N,"-9",certain,certain,,01.01.01,DAS01,,CAF1654,"353.4029708162644"
"1655",contact,"contact, certain",N,"-9",certain,certain,,01.01.01,DAS01,,CAF1655,"3690.121033128717"
"1656",contact,"contact, certain",N,"-9",certain,certain,,01.01.01,DAS01,,CAF1656,"3025.178741982144"
"1657",contact,"contact, certain",N,"-9",certain,certain,,01.01.01,DAS01,,CAF1657,"1110.854401967245"
"1658",contact,"contact, certain",N,"-9",certain,certain,,01.01.01,DAS01,,CAF1658,"819.5693809022546"
"1659",contact,"contact, certain",N,"-9",certain,certain,,01.01.01,DAS01,,CAF1659,"1944.342365084822"
"1660",contact,"contact, certain",N,"-9",certain,certain,,01.01.01,DAS01,,CAF1660,"7877.255391971953"
"1661",contact,"contact, certain",N,"-9",certain,certain,,01.01.01,DAS01,,CAF1661,"371.4613233268803"
"1662",contact,"contact, certain",N,"-9",certain,certain,,01.01.01,DAS01,,CAF1662,"2655.430257193895"
"1663",contact,"contact, certain",N,"-9",certain,certain,,01.01.01,DAS01,,CAF1663,"761.5382908088618"
"1664",contact,"contact, certain",N,"-9",certain,certain,,01.01.01,DAS01,,CAF1664,"1040.71025168699"
"1665",contact,"contact, certain",N,"-9",certain,certain,,01.01.01,DAS01,,CAF1665,"755.1702768191628"
"1666",contact,"contact, certain",N,"-9",certain,certain,,01.01.01,DAS01,,CAF1666,"418.6441275945401"
"1667",contact,"contact, certain",N,"-9",certain,certain,,01.01.01,DAS01,,CAF1667,"302.6373333277222"
"1668",contact,"contact, certain",N,"-9",certain,certain,,01.01.01,DAS01,,CAF1668,"1193.086326823248"
"1669",contact,"contact, certain",N,"-9",certain,certain,,01.01.01,DAS01,,CAF1669,"1405.420803223288"
"1670",contact,"contact, certain",N,"-9",certain,certain,,01.01.01,DAS01,,CAF1670,"1533.107535218537"
"1671",contact,"contact, certain",N,"-9",certain,certain,,01.01.01,DAS01,,CAF1671,"480.5562381324524"
"1672",contact,"contact, certain",N,"-9",certain,certain,,01.01.01,DAS01,,CAF1672,"527.2938101059937"
"1673",contact,"contact, certain",N,"-9",certain,certain,,01.01.01,DAS01,,CAF1673,"1005.9200385166"
"1674",contact,"contact, certain",N,"-9",certain,certain,,01.01.01,DAS01,,CAF1674,"411.9204146489609"
"1675",contact,"contact, certain",N,"-9",certain,certain,,01.01.01,DAS01,,CAF1675,"5923.960353258703"
"1676",contact,"contact, certain",N,"-9",certain,certain,,01.01.01,DAS01,,CAF1676,"273.5132614340171"
"1677",contact,"contact, certain",N,"-9",certain,certain,,01.01.01,DAS01,,CAF1677,"394.1806671451125"
"1678",contact,"contact, certain",N,"-9",certain,certain,,01.01.01,DAS01,,CAF1678,"2280.954565284349"
"1679",contact,"contact, certain",N,"-9",certain,certain,,01.01.01,DAS01,,CAF1679,"8888.83919738831"
"1680",contact,"contact, certain",N,"-9",certain,certain,,01.01.01,DAS01,,CAF1680,"701.1277679647912"
"1681",contact,"contact, certain",N,"-9",certain,certain,,01.01.01,DAS01,,CAF1681,"756.1109072482882"
"1682",contact,"contact, certain",N,"-9",certain,certain,,01.01.01,DAS01,,CAF1682,"2561.886982050921"
"1683",contact,"contact, certain",N,"-9",certain,certain,,01.01.01,DAS01,,CAF1683,"186.0406465590509"
"1684",contact,"contact, certain",N,"-9",certain,certain,,01.01.01,DAS01,,CAF1684,"1991.949373700331"
"1685",contact,"contact, certain",N,"-9",certain,certain,,01.01.01,DAS01,,CAF1685,"958.2137298130394"
"1686",contact,"contact, certain",N,"-9",certain,certain,,01.01.01,DAS01,,CAF1686,"893.4302609719133"
"1687",contact,"contact, certain",N,"-9",certain,certain,,01.01.01,DAS01,,CAF1687,"4770.468518149076"
"1688",contact,"contact, certain",N,"-9",certain,certain,,01.01.01,DAS01,,CAF1688,"436.7146831662764"
"1689",contact,"contact, certain",N,"-9",certain,certain,,01.01.01,DAS01,,CAF1689,"4982.230169045729"
"1690",contact,"contact, certain",N,"-9",certain,certain,,01.01.01,DAS01,,CAF1690,"212.1945206355883"
"1691",contact,"contact, certain",N,"-9",certain,certain,,01.01.01,DAS01,,CAF1691,"6341.99205909635"
"1692",contact,"contact, certain",N,"-9",certain,certain,,01.01.01,DAS01,,CAF1692,"8464.24382545375"
"1693",contact,"contact, certain",N,"-9",certain,certain,,01.01.01,DAS01,,CAF1693,"1477.395654236688"
"1694",contact,"contact, certain",N,"-9",certain,certain,,01.01.01,DAS01,,CAF1694,"2192.00754717192"
"1695",contact,"contact, certain",N,"-9",certain,certain,,01.01.01,DAS01,,CAF1695,"3932.676446136922"
"1696",contact,"contact, certain",N,"-9",certain,certain,,01.01.01,DAS01,,CAF1696,"1089.31218592965"
"1697",contact,"contact, certain",N,"-9",certain,certain,,01.01.01,DAS01,,CAF1697,"1005.557843296541"
"1698",contact,"contact, certain",N,"-9",certain,certain,,01.01.01,DAS01,,CAF1698,"3292.935144752334"
"1699",contact,"contact, certain",N,"-9",certain,certain,,01.01.01,DAS01,,CAF1699,"1296.131610603657"
"1700",contact,"contact, certain",N,"-9",certain,certain,,01.01.01,DAS01,,CAF1700,"1142.589106781597"
"1701",contact,"contact, certain",N,"-9",certain,certain,,01.01.01,DAS01,,CAF1701,"3002.95677803433"
"1702",contact,"contact, certain",N,"-9",certain,certain,,01.01.01,DAS01,,CAF1702,"11373.23671247777"
"1703",contact,"contact, certain",N,"-9",certain,certain,,01.01.01,DAS01,,CAF1703,"6052.013194793226"
"1704",contact,"contact, certain",N,"-9",certain,certain,,01.01.01,DAS01,,CAF1704,"1174.164296234339"
"1705",contact,"contact, certain",N,"-9",certain,certain,,01.01.01,DAS01,,CAF1705,"3029.512962302957"
"1706",contact,"contact, certain",N,"-9",certain,certain,,01.01.01,DAS01,,CAF1706,"675.269643296752"
"1707",contact,"contact, certain",N,"-9",certain,certain,,01.01.01,DAS01,,CAF1707,"3893.320274348446"
"1708",contact,"contact, certain",N,"-9",certain,certain,,01.01.01,DAS01,,CAF1708,"341.2979612696996"
"1709",contact,"contact, certain",N,"-9",certain,certain,,01.01.01,DAS01,,CAF1709,"1345.77276383547"
"1710",contact,"contact, certain",N,"-9",certain,certain,,01.01.01,DAS01,,CAF1710,"4323.786095700752"
"1711",contact,"contact, certain",N,"-9",certain,certain,,01.01.01,DAS01,scratch boundary,CAF1711,"2564.593303359954"
"1712",contact,"contact, certain",N,"-9",certain,certain,,01.01.01,DAS01,,CAF1712,"1664.159683502049"
"1713",contact,"contact, certain",N,"-9",certain,certain,,01.01.01,DAS01,,CAF1713,"2946.252989354961"
"1714",contact,"contact, certain",N,"-9",certain,certain,,01.01.01,DAS01,,CAF1714,"620.9801162349411"
"1715",contact,"contact, certain",N,"-9",certain,certain,,01.01.01,DAS01,,CAF1715,"232.1837346739706"
"1716",contact,"contact, certain",N,"-9",certain,certain,,01.01.01,DAS01,,CAF1716,"763.3997529486501"
"1717",contact,"contact, certain",N,"-9",certain,certain,,01.01.01,DAS01,,CAF1717,"1686.422045240116"
"1718",contact,"contact, certain",N,"-9",certain,certain,,01.01.01,DAS01,,CAF1718,"11673.55284497571"
"1719",contact,"contact, certain",N,"-9",certain,certain,,01.01.01,DAS01,,CAF1719,"617.9601874012809"
"1720",contact,"contact, certain",N,"-9",certain,certain,,01.01.01,DAS01,,CAF1720,"1956.442483516675"
"1721",contact,"contact, certain",N,"-9",certain,certain,,01.01.01,DAS01,,CAF1721,"623.7791277311921"
"1722",contact,"contact, certain",N,"-9",certain,certain,,01.01.01,DAS01,,CAF1722,"1169.603093388165"
"1723",contact,"contact, certain",N,"-9",certain,certain,,01.01.01,DAS01,,CAF1723,"4145.447314720225"
"1724",contact,"contact, certain",N,"-9",certain,certain,,01.01.01,DAS01,,CAF1724,"2225.083181332876"
"1725",contact,"contact, certain",N,"-9",certain,certain,,01.01.01,DAS01,,CAF1725,"2978.944323344175"
"1726",contact,"contact, certain",N,"-9",certain,certain,,01.01.01,DAS01,,CAF1726,"7925.468516995414"
"1727",contact,"contact, certain",N,"-9",certain,certain,,01.01.01,DAS01,,CAF1727,"610.5575366078614"
"1728",contact,"contact, certain",N,"-9",certain,certain,,01.01.01,DAS01,,CAF1728,"4405.533270178364"
"1729",contact,"contact, certain",N,"-9",certain,certain,,01.01.01,DAS01,,CAF1729,"1724.965292798876"
"1730",contact,"contact, certain",N,"-9",certain,certain,,01.01.01,DAS01,,CAF1730,"783.9670819767803"
"1731",contact,"contact, certain",N,"-9",certain,certain,,01.01.01,DAS01,,CAF1731,"1051.846264141771"
"1732",contact,"contact, certain",N,"-9",certain,certain,,01.01.01,DAS01,,CAF1732,"2805.068902630057"
"1733",contact,"contact, certain",N,"-9",certain,certain,,01.01.01,DAS01,,CAF1733,"570.8184018944777"
"1734",contact,"contact, certain",N,"-9",certain,certain,,01.01.01,DAS01,,CAF1734,"1012.237373289799"
"1735",contact,"contact, certain",N,"-9",certain,certain,,01.01.01,DAS01,,CAF1735,"1273.222969914312"
"1736",contact,"contact, certain",N,"-9",certain,certain,,01.01.01,DAS01,,CAF1736,"3366.648578085188"
"1737",contact,"contact, certain",N,"-9",certain,certain,,01.01.01,DAS01,,CAF1737,"14273.04573732855"
"1738",contact,"contact, certain",N,"-9",certain,certain,,01.01.01,DAS01,,CAF1738,"3062.149201758828"
"1739",contact,"contact, certain",N,"-9",certain,certain,,01.01.01,DAS01,,CAF1739,"574.8697261740965"
"1740",contact,"contact, certain",N,"-9",certain,certain,,01.01.01,DAS01,,CAF1740,"4957.344774305589"
"1741",contact,"contact, certain",N,"-9",certain,certain,,01.01.01,DAS01,,CAF1741,"568.007455328062"
"1742",contact,"contact, certain",N,"-9",certain,certain,,01.01.01,DAS01,,CAF1742,"986.4441348372602"
"1743",contact,"contact, certain",N,"-9",certain,certain,,01.01.01,DAS01,,CAF1743,"2079.195696105282"
"1744",contact,"contact, certain",N,"-9",certain,certain,,01.01.01,DAS01,,CAF1744,"424.3532861794689"
"1745",contact,"contact, certain",N,"-9",certain,certain,,01.01.01,DAS01,,CAF1745,"1400.373415686894"
"1746",contact,"contact, certain",N,"-9",certain,certain,,01.01.01,DAS01,,CAF1746,"668.1323008208896"
"1747",contact,"contact, certain",N,"-9",certain,certain,,01.01.01,DAS01,,CAF1747,"23729.74145760091"
"1748",contact,"contact, certain",N,"-9",certain,certain,,01.01.01,DAS01,,CAF1748,"2011.655561659343"
"1749",contact,"contact, certain",N,"-9",certain,certain,,01.01.01,DAS01,,CAF1749,"7007.730809439937"
"1750",contact,"contact, certain",N,"-9",certain,certain,,01.01.01,DAS01,,CAF1750,"301.5575422195324"
"1751",contact,"contact, certain",N,"-9",certain,certain,,01.01.01,DAS01,,CAF1751,"4208.462473123672"
"1752",contact,"contact, certain",N,"-9",certain,certain,,01.01.01,DAS01,,CAF1752,"4517.186389867656"
"1753",contact,"contact, certain",N,"-9",certain,certain,,01.01.01,DAS01,,CAF1753,"705.8394526779779"
"1754",contact,"contact, certain",N,"-9",certain,certain,,01.01.01,DAS01,,CAF1754,"3630.424956767623"
"1755",contact,"contact, certain",N,"-9",certain,certain,,01.01.01,DAS01,,CAF1755,"5780.103530866028"
"1756",contact,"contact, certain",N,"-9",certain,certain,,01.01.01,DAS01,,CAF1756,"1292.777948941841"
"1757",contact,"contact, certain",N,"-9",certain,certain,,01.01.01,DAS01,,CAF1757,"52831.8886783241"
"1758",contact,"contact, certain",N,"-9",certain,certain,,01.01.01,DAS01,,CAF1758,"2047.786194467371"
"1759",contact,"contact, certain",N,"-9",certain,certain,,01.01.01,DAS01,,CAF1759,"4575.929901876731"
"1760",contact,"contact, certain",N,"-9",certain,certain,,01.01.01,DAS01,,CAF1760,"176.8798945292458"
"1761",contact,"contact, certain",N,"-9",certain,certain,,01.01.01,DAS01,,CAF1761,"1191.229924849644"
"1762",contact,"contact, certain",N,"-9",certain,certain,,01.01.01,DAS01,,CAF1762,"640.1663708346155"
"1763",contact,"contact, certain",N,"-9",certain,certain,,01.01.01,DAS01,,CAF1763,"8065.406720675479"
"1764",contact,"contact, certain",N,"-9",certain,certain,,01.01.01,DAS01,,CAF1764,"1308.395492130327"
"1765",contact,"contact, certain",N,"-9",certain,certain,,01.01.01,DAS01,,CAF1765,"719.5000742240694"
"1766",contact,"contact, certain",N,"-9",certain,certain,,01.01.01,DAS01,,CAF1766,"2409.665281269757"
"1767",contact,"contact, certain",N,"-9",certain,certain,,01.01.01,DAS01,,CAF1767,"198.5327101153315"
"1768",contact,"contact, certain",N,"-9",certain,certain,,01.01.01,DAS01,,CAF1768,"277.7132527450188"
"1769",contact,"contact, certain",N,"-9",certain,certain,,01.01.01,DAS01,,CAF1769,"855.9652661024591"
"1770",contact,"contact, certain",N,"-9",certain,certain,,01.01.01,DAS01,,CAF1770,"237.1792400071217"
"1771",contact,"contact, certain",N,"-9",certain,certain,,01.01.01,DAS01,,CAF1771,"158.3259068182849"
"1772",contact,"contact, certain",N,"-9",certain,certain,,01.01.01,DAS01,,CAF1772,"804.7680499300709"
"1773",contact,"contact, certain",N,"-9",certain,certain,,01.01.01,DAS01,,CAF1773,"727.1875369483853"
"1774",contact,"contact, certain",N,"-9",certain,certain,,01.01.01,DAS01,,CAF1774,"2855.681335556761"
"1775",contact,"contact, certain",N,"-9",certain,certain,,01.01.01,DAS01,,CAF1775,"1640.797039280406"
"1776",contact,"contact, certain",N,"-9",certain,certain,,01.01.01,DAS01,,CAF1776,"1855.755395018321"
"1777",contact,"contact, certain",N,"-9",certain,certain,,01.01.01,DAS01,,CAF1777,"4520.802724834783"
"1778",contact,"contact, certain",N,"-9",certain,certain,,01.01.01,DAS01,,CAF1778,"1888.99469772375"
"1779",contact,"contact, certain",N,"-9",certain,certain,,01.01.01,DAS01,,CAF1779,"766.8053149817404"
"1780",contact,"contact, certain",N,"-9",certain,certain,,01.01.01,DAS01,,CAF1780,"419.0739102130646"
"1781",contact,"contact, certain",N,"-9",certain,certain,,01.01.01,DAS01,,CAF1781,"7521.519715247686"
"1782",contact,"contact, certain",N,"-9",certain,certain,,01.01.01,DAS01,,CAF1782,"3841.25628177295"
"1783",contact,"contact, certain",N,"-9",certain,certain,,01.01.01,DAS01,,CAF1783,"4792.410145367982"
"1784",contact,"contact, certain",N,"-9",certain,certain,,01.01.01,DAS01,,CAF1784,"2860.416828775273"
"1785",contact,"contact, certain",N,"-9",certain,certain,,01.01.01,DAS01,,CAF1785,"1391.720325178683"
"1786",contact,"contact, certain",N,"-9",certain,certain,,01.01.01,DAS01,,CAF1786,"2083.399950703385"
"1787",contact,"contact, certain",N,"-9",certain,certain,,01.01.01,DAS01,,CAF1787,"502.4619231165876"
"1788",contact,"contact, certain",N,"-9",certain,certain,,01.01.01,DAS01,,CAF1788,"1396.990030746975"
"1789",contact,"contact, certain",N,"-9",certain,certain,,01.01.01,DAS01,,CAF1789,"985.1899427326181"
"1790",contact,"contact, certain",N,"-9",certain,certain,,01.01.01,DAS01,,CAF1790,"1500.622842014844"
"1791",contact,"contact, certain",N,"-9",certain,certain,,01.01.01,DAS01,,CAF1791,"380.3305762696967"
"1792",contact,"contact, certain",N,"-9",certain,certain,,01.01.01,DAS01,,CAF1792,"1392.049955461941"
"1793",contact,"contact, certain",N,"-9",certain,certain,,01.01.01,DAS01,,CAF1793,"324.8941828810795"
"1794",contact,"contact, certain",N,"-9",certain,certain,,01.01.01,DAS01,,CAF1794,"1276.988183131483"
"1795",contact,"contact, certain",N,"-9",certain,certain,,01.01.01,DAS01,,CAF1795,"2482.964935088879"
"1796",contact,"contact, certain",N,"-9",certain,certain,,01.01.01,DAS01,,CAF1796,"1640.483661019937"
"1797",contact,"contact, certain",N,"-9",certain,certain,,01.01.01,DAS01,,CAF1797,"4311.802809243309"
"1798",contact,"contact, certain",N,"-9",certain,certain,,01.01.01,DAS01,,CAF1798,"2723.926433285661"
"1799",contact,"contact, certain",N,"-9",certain,certain,,01.01.01,DAS01,,CAF1799,"4260.669123705817"
"1800",contact,"contact, certain",N,"-9",certain,certain,,01.01.01,DAS01,,CAF1800,"855.8700721950927"
"1801",contact,"contact, certain",N,"-9",certain,certain,,01.01.01,DAS01,,CAF1801,"32784.79005508494"
"1802",contact,"contact, certain",N,"-9",certain,certain,,01.01.01,DAS01,,CAF1802,"1694.533314985923"
"1803",contact,"contact, certain",N,"-9",certain,certain,,01.01.01,DAS01,,CAF1803,"620.8116736921985"
"1804",contact,"contact, certain",N,"-9",certain,certain,,01.01.01,DAS01,,CAF1804,"508.8004326879435"
"1805",contact,"contact, certain",N,"-9",certain,certain,,01.01.01,DAS01,,CAF1805,"140.1650450055084"
"1806",contact,"contact, certain",N,"-9",certain,certain,,01.01.01,DAS01,,CAF1806,"1902.844354698818"
"1807",contact,"contact, certain",N,"-9",certain,certain,,01.01.01,DAS01,,CAF1807,"1249.658384112109"
"1808",contact,"contact, certain",N,"-9",certain,certain,,01.01.01,DAS01,,CAF1808,"903.9534301684962"
"1809",contact,"contact, certain",N,"-9",certain,certain,,01.01.01,DAS01,,CAF1809,"2035.758356481103"
"1810",contact,"contact, certain",N,"-9",certain,certain,,01.01.01,DAS01,,CAF1810,"2083.289947414235"
"1811",contact,"contact, certain",N,"-9",certain,certain,,01.01.01,DAS01,,CAF1811,"425.4304696348677"
"1812",contact,"contact, certain",N,"-9",certain,certain,,01.01.01,DAS01,,CAF1812,"5555.82972174407"
"1813",contact,"contact, certain",N,"-9",certain,certain,,01.01.01,DAS01,,CAF1813,"1464.97244580224"
"1814",contact,"contact, certain",N,"-9",certain,certain,,01.01.01,DAS01,,CAF1814,"2824.127755504682"
"1815",contact,"contact, certain",N,"-9",certain,certain,,01.01.01,DAS01,,CAF1815,"1451.367731592346"
"1816",contact,"contact, certain",N,"-9",certain,certain,,01.01.01,DAS01,,CAF1816,"3727.054080075724"
"1817",contact,"contact, certain",N,"-9",certain,certain,,01.01.01,DAS01,,CAF1817,"5938.143856864997"
"1818",contact,"contact, certain",N,"-9",certain,certain,,01.01.01,DAS01,,CAF1818,"3910.683710983315"
"1819",contact,"contact, certain",N,"-9",certain,certain,,01.01.01,DAS01,,CAF1819,"3140.30965290802"
"1820",contact,"contact, certain",N,"-9",certain,certain,,01.01.01,DAS01,,CAF1820,"989.9431639347645"
"1821",contact,"contact, certain",N,"-9",certain,certain,,01.01.01,DAS01,,CAF1821,"391.1416114994969"
"1822",contact,"contact, certain",N,"-9",certain,certain,,01.01.01,DAS01,,CAF1822,"1107.771467231866"
"1823",contact,"contact, certain",N,"-9",certain,certain,,01.01.01,DAS01,,CAF1823,"3256.144013388478"
"1824",contact,"contact, certain",N,"-9",certain,certain,,01.01.01,DAS01,,CAF1824,"4025.028275430383"
"1825",contact,"contact, certain",N,"-9",certain,certain,,01.01.01,DAS01,,CAF1825,"6492.056338910088"
"1826",contact,"contact, certain",N,"-9",certain,certain,,01.01.01,DAS01,,CAF1826,"325.3934498197148"
"1827",contact,"contact, certain",N,"-9",certain,certain,,01.01.01,DAS01,,CAF1827,"10334.94984398189"
"1828",contact,"contact, certain",N,"-9",certain,certain,,01.01.01,DAS01,,CAF1828,"342.6627155512803"
"1829",contact,"contact, certain",N,"-9",certain,certain,,01.01.01,DAS01,,CAF1829,"2434.175716198391"
"1830",contact,"contact, certain",N,"-9",certain,certain,,01.01.01,DAS01,,CAF1830,"436.8992258934509"
"1831",contact,"contact, certain",N,"-9",certain,certain,,01.01.01,DAS01,,CAF1831,"929.1371933706739"
"1832",contact,"contact, certain",N,"-9",certain,certain,,01.01.01,DAS01,,CAF1832,"200.3161527959716"
"1833",contact,"contact, certain",N,"-9",certain,certain,,01.01.01,DAS01,,CAF1833,"4801.747069502076"
"1834",contact,"contact, certain",N,"-9",certain,certain,,01.01.01,DAS01,,CAF1834,"1121.955927279783"
"1835",contact,"contact, certain",N,"-9",certain,certain,,01.01.01,DAS01,,CAF1835,"369.4468426744587"
"1836",contact,"contact, certain",N,"-9",certain,certain,,01.01.01,DAS01,,CAF1836,"847.7347072721484"
"1837",contact,"contact, certain",N,"-9",certain,certain,,01.01.01,DAS01,,CAF1837,"1497.488944125826"
"1838",contact,"contact, certain",N,"-9",certain,certain,,01.01.01,DAS01,,CAF1838,"2651.529111019556"
"1839",contact,"contact, certain",N,"-9",certain,certain,,01.01.01,DAS01,,CAF1839,"659.4586463155897"
"1840",contact,"contact, certain",N,"-9",certain,certain,,01.01.01,DAS01,,CAF1840,"4936.214185063252"
"1841",contact,"contact, certain",N,"-9",certain,certain,,01.01.01,DAS01,,CAF1841,"5331.955502261509"
"1842",contact,"contact, certain",N,"-9",certain,certain,,01.01.01,DAS01,,CAF1842,"562.6555083661949"
"1843",contact,"contact, certain",N,"-9",certain,certain,,01.01.01,DAS01,,CAF1843,"1990.316203405618"
"1844",contact,"contact, certain",N,"-9",certain,certain,,01.01.01,DAS01,,CAF1844,"11636.39014445561"
"1845",contact,"contact, certain",N,"-9",certain,certain,,01.01.01,DAS01,,CAF1845,"2895.509931551307"
"1846",contact,"contact, certain",N,"-9",certain,certain,,01.01.01,DAS01,,CAF1846,"360.5993623783936"
"1847",contact,"contact, certain",N,"-9",certain,certain,,01.01.01,DAS01,,CAF1847,"2355.199597653418"
"1848",contact,"contact, certain",N,"-9",certain,certain,,01.01.01,DAS01,,CAF1848,"2812.895813995659"
"1849",contact,"contact, certain",N,"-9",certain,certain,,01.01.01,DAS01,,CAF1849,"3517.267171892398"
"1850",contact,"contact, certain",N,"-9",certain,certain,,01.01.01,DAS01,,CAF1850,"1713.50987680058"
"1851",contact,"contact, certain",N,"-9",certain,certain,,01.01.01,DAS01,,CAF1851,"1634.434279850503"
"1852",contact,"contact, certain",N,"-9",certain,certain,,01.01.01,DAS01,,CAF1852,"1066.931457711426"
"1853",contact,"contact, certain",N,"-9",certain,certain,,01.01.01,DAS01,,CAF1853,"4262.298858998683"
"1854",contact,"contact, certain",N,"-9",certain,certain,,01.01.01,DAS01,,CAF1854,"2322.328367959183"
"1855",contact,"contact, certain",N,"-9",certain,certain,,01.01.01,DAS01,,CAF1855,"4709.165799904795"
"1856",contact,"contact, certain",N,"-9",certain,certain,,01.01.01,DAS01,,CAF1856,"998.4963665715161"
"1857",contact,"contact, certain",N,"-9",certain,certain,,01.01.01,DAS01,,CAF1857,"786.0005023108149"
"1858",contact,"contact, certain",N,"-9",certain,certain,,01.01.01,DAS01,,CAF1858,"6912.852762585676"
"1859",contact,"contact, certain",N,"-9",certain,certain,,01.01.01,DAS01,,CAF1859,"1387.220023588663"
"1860",contact,"contact, certain",N,"-9",certain,certain,,01.01.01,DAS01,,CAF1860,"603.5959943718834"
"1861",contact,"contact, certain",N,"-9",certain,certain,,01.01.01,DAS01,,CAF1861,"1598.744348027886"
"1862",contact,"contact, certain",N,"-9",certain,certain,,01.01.01,DAS01,,CAF1862,"2109.773610223402"
"1863",contact,"contact, certain",N,"-9",certain,certain,,01.01.01,DAS01,,CAF1863,"1693.73254600937"
"1864",contact,"contact, certain",N,"-9",certain,certain,,01.01.01,DAS01,,CAF1864,"4684.567384371985"
"1865",contact,"contact, certain",N,"-9",certain,certain,,01.01.01,DAS01,scratch boundary,CAF1865,"495.3348787241827"
"1866",contact,"contact, certain",N,"-9",certain,certain,,01.01.01,DAS01,,CAF1866,"7625.716606254024"
"1867",contact,"contact, certain",N,"-9",certain,certain,,01.01.01,DAS01,,CAF1867,"6323.273802403687"
"1868",contact,"contact, certain",N,"-9",certain,certain,,01.01.01,DAS01,,CAF1868,"2261.240283038273"
"1869",contact,"contact, certain",N,"-9",certain,certain,,01.01.01,DAS01,,CAF1869,"12575.84606017921"
"1870",contact,"contact, certain",N,"-9",certain,certain,,01.01.01,DAS01,,CAF1870,"1179.139824240888"
"1871",contact,"contact, certain",N,"-9",certain,certain,,01.01.01,DAS01,,CAF1871,"7476.621904235666"
"1872",contact,"contact, certain",N,"-9",certain,certain,,01.01.01,DAS01,,CAF1872,"671.1767765759836"
"1873",contact,"contact, certain",N,"-9",certain,certain,,01.01.01,DAS01,,CAF1873,"364.2108317611609"
"1874",contact,"contact, certain",N,"-9",certain,certain,,01.01.01,DAS01,,CAF1874,"2157.946308538289"
"1875",contact,"contact, certain",N,"-9",certain,certain,,01.01.01,DAS01,,CAF1875,"1421.04489396642"
"1876",contact,"contact, certain",N,"-9",certain,certain,,01.01.01,DAS01,,CAF1876,"15679.47064093642"
"1877",contact,"contact, certain",N,"-9",certain,certain,,01.01.01,DAS01,,CAF1877,"430.1113655128595"
"1878",contact,"contact, certain",N,"-9",certain,certain,,01.01.01,DAS01,,CAF1878,"890.0317393079397"
"1879",contact,"contact, certain",N,"-9",certain,certain,,01.01.01,DAS01,,CAF1879,"868.4224294459877"
"1880",contact,"contact, certain",N,"-9",certain,certain,,01.01.01,DAS01,,CAF1880,"378.6937127085288"
"1881",contact,"contact, certain",N,"-9",certain,certain,,01.01.01,DAS01,,CAF1881,"761.3037389089981"
"1882",contact,"contact, certain",N,"-9",certain,certain,,01.01.01,DAS01,,CAF1882,"3743.209995356633"
"1883",contact,"contact, certain",N,"-9",certain,certain,,01.01.01,DAS01,,CAF1883,"5730.393948131791"
"1884",contact,"contact, certain",N,"-9",certain,certain,,01.01.01,DAS01,,CAF1884,"5265.889703976343"
"1885",contact,"contact, certain",N,"-9",certain,certain,,01.01.01,DAS01,,CAF1885,"4096.610962916162"
"1886",contact,"contact, certain",N,"-9",certain,certain,,01.01.01,DAS01,,CAF1886,"11881.82426832629"
"1887",contact,"contact, certain",N,"-9",certain,certain,,01.01.01,DAS01,,CAF1887,"1622.671128047678"
"1888",contact,"contact, certain",N,"-9",certain,certain,,01.01.01,DAS01,,CAF1888,"496.9166039624986"
"1889",contact,"contact, certain",N,"-9",certain,certain,,01.01.01,DAS01,,CAF1889,"172.5539494854838"
"1890",contact,"contact, certain",N,"-9",certain,certain,,01.01.01,DAS01,,CAF1890,"700.2156584394886"
"1891",contact,"contact, certain",N,"-9",certain,certain,,01.01.01,DAS01,,CAF1891,"263.3264539510379"
"1892",contact,"contact, certain",N,"-9",certain,certain,,01.01.01,DAS01,,CAF1892,"1812.669708811963"
"1893",contact,"contact, certain",N,"-9",certain,certain,,01.01.01,DAS01,,CAF1893,"1171.691560361068"
"1894",contact,"contact, certain",N,"-9",certain,certain,,01.01.01,DAS01,,CAF1894,"360.1057724769541"
"1895",contact,"contact, certain",N,"-9",certain,certain,,01.01.01,DAS01,,CAF1895,"1277.865701698354"
"1896",contact,"contact, certain",N,"-9",certain,certain,,01.01.01,DAS01,,CAF1896,"179.396322404887"
"1897",contact,"contact, certain",N,"-9",certain,certain,,01.01.01,DAS01,,CAF1897,"2673.750769323468"
"1898",contact,"contact, certain",N,"-9",certain,certain,,01.01.01,DAS01,,CAF1898,"311.2804480402827"
"1899",contact,"contact, certain",N,"-9",certain,certain,,01.01.01,DAS01,,CAF1899,"3453.399542265537"
"1900",contact,"contact, certain",N,"-9",certain,certain,,01.01.01,DAS01,,CAF1900,"1273.427027294705"
"1901",contact,"contact, certain",N,"-9",certain,certain,,01.01.01,DAS01,,CAF1901,"1681.057580478136"
"1902",contact,"contact, certain",N,"-9",certain,certain,,01.01.01,DAS01,,CAF1902,"1437.944910001585"
"1903",contact,"contact, certain",N,"-9",certain,certain,,01.01.01,DAS01,,CAF1903,"7633.09307483161"
"1904",contact,"contact, certain",N,"-9",certain,certain,,01.01.01,DAS01,,CAF1904,"1331.957479104031"
"1905",contact,"contact, certain",N,"-9",certain,certain,,01.01.01,DAS01,,CAF1905,"1154.657880506449"
"1906",contact,"contact, certain",N,"-9",certain,certain,,01.01.01,DAS01,,CAF1906,"2029.045877912218"
"1907",contact,"contact, certain",N,"-9",certain,certain,,01.01.01,DAS01,,CAF1907,"4616.944968420182"
"1908",contact,"contact, certain",N,"-9",certain,certain,,01.01.01,DAS01,,CAF1908,"666.9094345586336"
"1909",contact,"contact, certain",N,"-9",certain,certain,,01.01.01,DAS01,,CAF1909,"2659.221139265254"
"1910",contact,"contact, certain",N,"-9",certain,certain,,01.01.01,DAS01,,CAF1910,"632.8529815978264"
"1911",contact,"contact, certain",N,"-9",certain,certain,,01.01.01,DAS01,,CAF1911,"1731.805040670563"
"1912",contact,"contact, certain",N,"-9",certain,certain,,01.01.01,DAS01,,CAF1912,"692.4867984764186"
"1913",contact,"contact, certain",N,"-9",certain,certain,,01.01.01,DAS01,,CAF1913,"4893.362948169126"
"1914",contact,"contact, certain",N,"-9",certain,certain,,01.01.01,DAS01,,CAF1914,"1354.476124787172"
"1915",contact,"contact, certain",N,"-9",certain,certain,,01.01.01,DAS01,,CAF1915,"724.427784297033"
"1916",contact,"contact, certain",N,"-9",certain,certain,,01.01.01,DAS01,,CAF1916,"2494.634172871729"
"1917",contact,"contact, certain",N,"-9",certain,certain,,01.01.01,DAS01,,CAF1917,"452.8720622586279"
"1918",contact,"contact, certain",N,"-9",certain,certain,,01.01.01,DAS01,,CAF1918,"8276.122601295707"
"1919",contact,"contact, certain",N,"-9",certain,certain,,01.01.01,DAS01,,CAF1919,"8456.039542189488"
"1920",contact,"contact, certain",N,"-9",certain,certain,,01.01.01,DAS01,,CAF1920,"1250.559040469671"
"1921",contact,"contact, certain",N,"-9",certain,certain,,01.01.01,DAS01,,CAF1921,"820.0377261907114"
"1922",contact,"contact, certain",N,"-9",certain,certain,,01.01.01,DAS01,,CAF1922,"6988.953363060596"
"1923",contact,"contact, certain",N,"-9",certain,certain,,01.01.01,DAS01,,CAF1923,"322.0448622687285"
"1924",contact,"contact, certain",N,"-9",certain,certain,,01.01.01,DAS01,,CAF1924,"315.6564138835786"
"1925",contact,"contact, certain",N,"-9",certain,certain,,01.01.01,DAS01,,CAF1925,"10462.04219647325"
"1926",contact,"contact, certain",N,"-9",certain,certain,,01.01.01,DAS01,,CAF1926,"6524.225736301893"
"1927",contact,"contact, certain",N,"-9",certain,certain,,01.01.01,DAS01,,CAF1927,"3813.168466801468"
"1928",contact,"contact, certain",N,"-9",certain,certain,,01.01.01,DAS01,,CAF1928,"1414.102276736521"
"1929",contact,"contact, certain",N,"-9",certain,certain,,01.01.01,DAS01,,CAF1929,"5192.443210328996"
"1930",contact,"contact, certain",N,"-9",certain,certain,,01.01.01,DAS01,,CAF1930,"4581.201728771734"
"1931",contact,"contact, certain",N,"-9",certain,certain,,01.01.01,DAS01,,CAF1931,"5821.614708630341"
"1932",contact,"contact, certain",N,"-9",certain,certain,,01.01.01,DAS01,,CAF1932,"1619.983361062333"
"1933",contact,"contact, certain",N,"-9",certain,certain,,01.01.01,DAS01,,CAF1933,"6867.122322368781"
"1934",contact,"contact, certain",N,"-9",certain,certain,,01.01.01,DAS01,,CAF1934,"1762.789654834368"
"1935",contact,"contact, certain",N,"-9",certain,certain,,01.01.01,DAS01,,CAF1935,"887.9722645132681"
"1936",contact,"contact, certain",N,"-9",certain,certain,,01.01.01,DAS01,,CAF1936,"3287.328056108625"
"1937",contact,"contact, certain",N,"-9",certain,certain,,01.01.01,DAS01,,CAF1937,"3973.088728917291"
"1938",contact,"contact, certain",N,"-9",certain,certain,,01.01.01,DAS01,,CAF1938,"1487.424373025181"
"1939",contact,"contact, certain",N,"-9",certain,certain,,01.01.01,DAS01,,CAF1939,"1937.095215307219"
"1940",contact,"contact, certain",N,"-9",certain,certain,,01.01.01,DAS01,,CAF1940,"5240.71729060723"
"1941",contact,"contact, certain",N,"-9",certain,certain,,01.01.01,DAS01,,CAF1941,"1035.30131993473"
"1942",contact,"contact, certain",N,"-9",certain,certain,,01.01.01,DAS01,,CAF1942,"2012.90363917905"
"1943",contact,"contact, certain",N,"-9",certain,certain,,01.01.01,DAS01,,CAF1943,"1637.38349764853"
"1944",contact,"contact, certain",N,"-9",certain,certain,,01.01.01,DAS01,,CAF1944,"633.1797544318028"
"1945",contact,"contact, certain",N,"-9",certain,certain,,01.01.01,DAS01,,CAF1945,"2022.419445855408"
"1946",contact,"contact, certain",N,"-9",certain,certain,,01.01.01,DAS01,,CAF1946,"4722.643788814844"
"1947",contact,"contact, certain",N,"-9",certain,certain,,01.01.01,DAS01,,CAF1947,"2947.300060547399"
"1948",contact,"contact, certain",N,"-9",certain,certain,,01.01.01,DAS01,,CAF1948,"786.4751539126195"
"1949",contact,"contact, certain",N,"-9",certain,certain,,01.01.01,DAS01,,CAF1949,"2214.938033048425"
"1950",contact,"contact, certain",N,"-9",certain,certain,,01.01.01,DAS01,,CAF1950,"2723.537235052046"
"1951",contact,"contact, certain",N,"-9",certain,certain,,01.01.01,DAS01,,CAF1951,"1438.055519627647"
"1952",contact,"contact, certain",N,"-9",certain,certain,,01.01.01,DAS01,,CAF1952,"545.6177481565654"
"1953",contact,"contact, certain",N,"-9",certain,certain,,01.01.01,DAS01,,CAF1953,"20786.54986924715"
"1954",contact,"contact, certain",N,"-9",certain,certain,,01.01.01,DAS01,,CAF1954,"745.7748782066933"
"1955",contact,"contact, certain",N,"-9",certain,certain,,01.01.01,DAS01,,CAF1955,"1484.310248355441"
"1956",contact,"contact, certain",N,"-9",certain,certain,,01.01.01,DAS01,,CAF1956,"138.6873734135378"
"1957",contact,"contact, certain",N,"-9",certain,certain,,01.01.01,DAS01,,CAF1957,"817.9617444410542"
"1958",contact,"contact, certain",N,"-9",certain,certain,,01.01.01,DAS01,,CAF1958,"8557.279478948341"
"1959",contact,"contact, certain",N,"-9",certain,certain,,01.01.01,DAS01,,CAF1959,"956.5633189596808"
"1960",contact,"contact, certain",N,"-9",certain,certain,,01.01.01,DAS01,,CAF1960,"11641.78795596436"
"1961",contact,"contact, certain",N,"-9",certain,certain,,01.01.01,DAS01,,CAF1961,"3325.962522957782"
"1962",contact,"contact, certain",N,"-9",certain,certain,,01.01.01,DAS01,,CAF1962,"2775.751543006234"
"1963",contact,"contact, certain",N,"-9",certain,certain,,01.01.01,DAS01,,CAF1963,"467.8024584682466"
"1964",contact,"contact, certain",N,"-9",certain,certain,,01.01.01,DAS01,,CAF1964,"153.6520849707289"
"1965",contact,"contact, certain",N,"-9",certain,certain,,01.01.01,DAS01,,CAF1965,"162.1767098786365"
"1966",contact,"contact, certain",N,"-9",certain,certain,,01.01.01,DAS01,,CAF1966,"730.2580772577248"
"1967",contact,"contact, certain",N,"-9",certain,certain,,01.01.01,DAS01,,CAF1967,"861.4654547985153"
"1968",contact,"contact, certain",N,"-9",certain,certain,,01.01.01,DAS01,,CAF1968,"1081.262645732658"
"1969",contact,"contact, certain",N,"-9",certain,certain,,01.01.01,DAS01,,CAF1969,"3644.960254218747"
"1970",contact,"contact, certain",N,"-9",certain,certain,,01.01.01,DAS01,,CAF1970,"239.9808806883082"
"1971",contact,"contact, certain",N,"-9",certain,certain,,01.01.01,DAS01,,CAF1971,"1228.879346082674"
"1972",contact,"contact, certain",N,"-9",certain,certain,,01.01.01,DAS01,,CAF1972,"186.1636328749394"
"1973",contact,"contact, certain",N,"-9",certain,certain,,01.01.01,DAS01,,CAF1973,"2379.290265629817"
"1974",contact,"contact, certain",N,"-9",certain,certain,,01.01.01,DAS01,,CAF1974,"2587.937705685361"
"1975",contact,"contact, certain",N,"-9",certain,certain,,01.01.01,DAS01,,CAF1975,"601.0744881082669"
"1976",contact,"contact, certain",N,"-9",certain,certain,,01.01.01,DAS01,,CAF1976,"615.6248740040135"
"1977",contact,"contact, certain",N,"-9",certain,certain,,01.01.01,DAS01,,CAF1977,"10384.6288411749"
"1978",contact,"contact, certain",N,"-9",certain,certain,,01.01.01,DAS01,,CAF1978,"417.1217620323415"
"1979",contact,"contact, certain",N,"-9",certain,certain,,01.01.01,DAS01,,CAF1979,"550.2313634894521"
"1980",contact,"contact, certain",N,"-9",certain,certain,,01.01.01,DAS01,,CAF1980,"2393.156879583215"
"1981",contact,"contact, certain",N,"-9",certain,certain,,01.01.01,DAS01,,CAF1981,"565.9657199629613"
"1982",contact,"contact, certain",N,"-9",certain,certain,,01.01.01,DAS01,,CAF1982,"2608.71827473336"
"1983",contact,"contact, certain",N,"-9",certain,certain,,01.01.01,DAS01,,CAF1983,"407.9594338139506"
"1984",contact,"contact, certain",N,"-9",certain,certain,,01.01.01,DAS01,,CAF1984,"1431.685841762441"
"1985",contact,"contact, certain",N,"-9",certain,certain,,01.01.01,DAS01,,CAF1985,"9344.470869480401"
"1986",contact,"contact, certain",N,"-9",certain,certain,,01.01.01,DAS01,,CAF1986,"1857.558825394009"
"1987",contact,"contact, certain",N,"-9",certain,certain,,01.01.01,DAS01,,CAF1987,"4337.810706357931"
"1988",contact,"contact, certain",N,"-9",certain,certain,,01.01.01,DAS01,,CAF1988,"1024.124608648194"
"1989",contact,"contact, certain",N,"-9",certain,certain,,01.01.01,DAS01,,CAF1989,"1509.507809341553"
"1990",contact,"contact, certain",N,"-9",certain,certain,,01.01.01,DAS01,,CAF1990,"3339.315547827012"
"1991",contact,"contact, certain",N,"-9",certain,certain,,01.01.01,DAS01,,CAF1991,"712.6270416029926"
"1992",contact,"contact, certain",N,"-9",certain,certain,,01.01.01,DAS01,,CAF1992,"2695.810970332906"
"1993",contact,"contact, certain",N,"-9",certain,certain,,01.01.01,DAS01,,CAF1993,"170.3189973983285"
"1994",contact,"contact, certain",N,"-9",certain,certain,,01.01.01,DAS01,,CAF1994,"1692.877577360949"
"1995",contact,"contact, certain",N,"-9",certain,certain,,01.01.01,DAS01,,CAF1995,"3728.982909683566"
"1996",contact,"contact, certain",N,"-9",certain,certain,,01.01.01,DAS01,,CAF1996,"1246.930285475534"
"1997",contact,"contact, certain",N,"-9",certain,certain,,01.01.01,DAS01,,CAF1997,"6287.588503055161"
"1998",contact,"contact, certain",N,"-9",certain,certain,,01.01.01,DAS01,,CAF1998,"4989.587899075333"
"1999",contact,"contact, certain",N,"-9",certain,certain,,01.01.01,DAS01,,CAF1999,"3879.984744411827"
"2000",contact,"contact, certain",N,"-9",certain,certain,,01.01.01,DAS01,,CAF2000,"1910.511231259373"
"2001",contact,"contact, certain",N,"-9",certain,certain,,01.01.01,DAS01,,CAF2001,"6245.01080789056"
"2002",contact,"contact, certain",N,"-9",certain,certain,,01.01.01,DAS01,,CAF2002,"4323.080707590074"
"2003",contact,"contact, certain",N,"-9",certain,certain,,01.01.01,DAS01,,CAF2003,"9343.81785608505"
"2004",contact,"contact, certain",N,"-9",certain,certain,,01.01.01,DAS01,,CAF2004,"14502.47318445585"
"2005",contact,"contact, certain",N,"-9",certain,certain,,01.01.01,DAS01,,CAF2005,"2297.384717212858"
"2006",contact,"contact, certain",N,"-9",certain,certain,,01.01.01,DAS01,,CAF2006,"525.4026260199677"
"2007",contact,"contact, certain",N,"-9",certain,certain,,01.01.01,DAS01,,CAF2007,"26357.3372979529"
"2008",contact,"contact, certain",N,"-9",certain,certain,,01.01.01,DAS01,,CAF2008,"229.420157122557"
"2009",contact,"contact, certain",N,"-9",certain,certain,,01.01.01,DAS01,,CAF2009,"1198.370956033499"
"2010",contact,"contact, certain",N,"-9",certain,certain,,01.01.01,DAS01,,CAF2010,"20390.57201976994"
"2011",contact,"contact, certain",N,"-9",certain,certain,,01.01.01,DAS01,,CAF2011,"868.5544534020506"
"2012",contact,"contact, certain",N,"-9",certain,certain,,01.01.01,DAS01,,CAF2012,"824.888365439819"
"2013",contact,"contact, certain",N,"-9",certain,certain,,01.01.01,DAS01,,CAF2013,"4501.399071296306"
"2014",contact,"contact, certain",N,"-9",certain,certain,,01.01.01,DAS01,,CAF2014,"245.0323174541194"
"2015",contact,"contact, certain",N,"-9",certain,certain,,01.01.01,DAS01,,CAF2015,"425.0550982252224"
"2016",contact,"contact, certain",N,"-9",certain,certain,,01.01.01,DAS01,,CAF2016,"1025.99400952727"
"2017",contact,"contact, certain",N,"-9",certain,certain,,01.01.01,DAS01,,CAF2017,"833.4188508095136"
"2018",contact,"contact, certain",N,"-9",certain,certain,,01.01.01,DAS01,,CAF2018,"864.0644448918971"
"2019",contact,"contact, certain",N,"-9",certain,certain,,01.01.01,DAS01,,CAF2019,"3470.66830976508"
"2020",contact,"contact, certain",N,"-9",certain,certain,,01.01.01,DAS01,,CAF2020,"2403.347273413193"
"2021",contact,"contact, certain",N,"-9",certain,certain,,01.01.01,DAS01,,CAF2021,"749.3914512019094"
"2022",contact,"contact, certain",N,"-9",certain,certain,,01.01.01,DAS01,,CAF2022,"4757.282469244169"
"2023",contact,"contact, certain",N,"-9",certain,certain,,01.01.01,DAS01,,CAF2023,"1809.646327781514"
"2024",contact,"contact, certain",N,"-9",certain,certain,,01.01.01,DAS01,,CAF2024,"1439.959538423254"
"2025",contact,"contact, certain",N,"-9",certain,certain,,01.01.01,DAS01,,CAF2025,"2477.965164633943"
"2026",contact,"contact, certain",N,"-9",certain,certain,,01.01.01,DAS01,,CAF2026,"27828.81598479192"
"2027",contact,"contact, certain",N,"-9",certain,certain,,01.01.01,DAS01,,CAF2027,"3315.463784388153"
"2028",contact,"contact, certain",N,"-9",certain,certain,,01.01.01,DAS01,,CAF2028,"1547.525760086352"
"2029",contact,"contact, certain",N,"-9",certain,certain,,01.01.01,DAS01,,CAF2029,"3109.84860712542"
"2030",contact,"contact, certain",N,"-9",certain,certain,,01.01.01,DAS01,,CAF2030,"2663.689113842624"
"2031",contact,"contact, certain",N,"-9",certain,certain,,01.01.01,DAS01,,CAF2031,"12109.02716002746"
"2032",contact,"contact, certain",N,"-9",certain,certain,,01.01.01,DAS01,,CAF2032,"4253.081810337507"
"2033",contact,"contact, certain",N,"-9",certain,certain,,01.01.01,DAS01,,CAF2033,"2055.517280105863"
"2034",contact,"contact, certain",N,"-9",certain,certain,,01.01.01,DAS01,,CAF2034,"237.7407131361948"
"2035",contact,"contact, certain",N,"-9",certain,certain,,01.01.01,DAS01,,CAF2035,"920.3846258895283"
"2036",contact,"contact, certain",N,"-9",certain,certain,,01.01.01,DAS01,,CAF2036,"348.0429474681373"
"2037",contact,"contact, certain",N,"-9",certain,certain,,01.01.01,DAS01,,CAF2037,"1289.179745419183"
"2038",contact,"contact, certain",N,"-9",certain,certain,,01.01.01,DAS01,,CAF2038,"13143.22280883382"
"2039",contact,"contact, certain",N,"-9",certain,certain,,01.01.01,DAS01,,CAF2039,"829.3727259888257"
"2040",contact,"contact, certain",N,"-9",certain,certain,,01.01.01,DAS01,,CAF2040,"2644.012803191989"
"2041",contact,"contact, certain",N,"-9",certain,certain,,01.01.01,DAS01,,CAF2041,"516.1196271800944"
"2042",contact,"contact, certain",N,"-9",certain,certain,,01.01.01,DAS01,,CAF2042,"369.3179976566582"
"2043",contact,"contact, certain",N,"-9",certain,certain,,01.01.01,DAS01,,CAF2043,"21064.43515576883"
"2044",contact,"contact, certain",N,"-9",certain,certain,,01.01.01,DAS01,,CAF2044,"2606.055917507547"
"2045",contact,"contact, certain",N,"-9",certain,certain,,01.01.01,DAS01,,CAF2045,"252.5948745510925"
"2046",contact,"contact, certain",N,"-9",certain,certain,,01.01.01,DAS01,,CAF2046,"12822.13049156641"
"2047",contact,"contact, certain",N,"-9",certain,certain,,01.01.01,DAS01,,CAF2047,"203.3625990810748"
"2048",contact,"contact, certain",N,"-9",certain,certain,,01.01.01,DAS01,,CAF2048,"9109.318968936252"
"2049",contact,"contact, certain",N,"-9",certain,certain,,01.01.01,DAS01,,CAF2049,"4560.356269642833"
"2050",contact,"contact, certain",N,"-9",certain,certain,,01.01.01,DAS01,,CAF2050,"157.9920194688023"
"2051",contact,"contact, certain",N,"-9",certain,certain,,01.01.01,DAS01,,CAF2051,"5130.675080009659"
"2052",contact,"contact, certain",N,"-9",certain,certain,,01.01.01,DAS01,,CAF2052,"1487.589828079993"
"2053",contact,"contact, certain",N,"-9",certain,certain,,01.01.01,DAS01,,CAF2053,"2900.100439509781"
"2054",contact,"contact, certain",N,"-9",certain,certain,,01.01.01,DAS01,,CAF2054,"1726.262745676395"
"2055",contact,"contact, certain",N,"-9",certain,certain,,01.01.01,DAS01,,CAF2055,"1721.109216855617"
"2056",contact,"contact, certain",N,"-9",certain,certain,,01.01.01,DAS01,,CAF2056,"3201.583648561711"
"2057",contact,"contact, certain",N,"-9",certain,certain,,01.01.01,DAS01,,CAF2057,"1724.348210661788"
"2058",contact,"contact, certain",N,"-9",certain,certain,,01.01.01,DAS01,,CAF2058,"6037.019173953388"
"2059",contact,"contact, certain",N,"-9",certain,certain,,01.01.01,DAS01,,CAF2059,"13259.69087985085"
"2060",contact,"contact, certain",N,"-9",certain,certain,,01.01.01,DAS01,,CAF2060,"842.4031078851002"
"2061",contact,"contact, certain",N,"-9",certain,certain,,01.01.01,DAS01,,CAF2061,"2031.218533855419"
"2062",contact,"contact, certain",N,"-9",certain,certain,,01.01.01,DAS01,,CAF2062,"424.4246365428331"
"2063",contact,"contact, certain",N,"-9",certain,certain,,01.01.01,DAS01,,CAF2063,"5063.617423251698"
"2064",contact,"contact, certain",N,"-9",certain,certain,,01.01.01,DAS01,,CAF2064,"306.5495615513743"
"2065",contact,"contact, certain",N,"-9",certain,certain,,01.01.01,DAS01,,CAF2065,"2352.553167225416"
"2066",contact,"contact, certain",N,"-9",certain,certain,,01.01.01,DAS01,,CAF2066,"1651.691118419073"
"2067",contact,"contact, certain",N,"-9",certain,certain,,01.01.01,DAS01,,CAF2067,"2617.548043578016"
"2068",contact,"contact, certain",N,"-9",certain,certain,,01.01.01,DAS01,,CAF2068,"856.4425276304383"
"2069",contact,"contact, certain",N,"-9",certain,certain,,01.01.01,DAS01,,CAF2069,"746.992928897509"
"2070",contact,"contact, certain",N,"-9",certain,certain,,01.01.01,DAS01,,CAF2070,"1526.595255381891"
"2071",contact,"contact, certain",N,"-9",certain,certain,,01.01.01,DAS01,,CAF2071,"109.8150333554935"
"2072",contact,"contact, certain",N,"-9",certain,certain,,01.01.01,DAS01,,CAF2072,"203.9797063869426"
"2073",contact,"contact, certain",N,"-9",certain,certain,,01.01.01,DAS01,,CAF2073,"678.2565607561902"
"2074",contact,"contact, certain",N,"-9",certain,certain,,01.01.01,DAS01,,CAF2074,"2019.191236513306"
"2075",contact,"contact, certain",N,"-9",certain,certain,,01.01.01,DAS01,,CAF2075,"974.8314285577148"
"2076",contact,"contact, certain",N,"-9",certain,certain,,01.01.01,DAS01,,CAF2076,"1397.605166843238"
"2077",contact,"contact, certain",N,"-9",certain,certain,,01.01.01,DAS01,,CAF2077,"210.9957776341572"
"2078",contact,"contact, certain",N,"-9",certain,certain,,01.01.01,DAS01,,CAF2078,"4352.929321481508"
"2079",contact,"contact, certain",N,"-9",certain,certain,,01.01.01,DAS01,,CAF2079,"1398.225231520622"
"2080",contact,"contact, certain",N,"-9",certain,certain,,01.01.01,DAS01,,CAF2080,"401.1368567608995"
"2081",contact,"contact, certain",N,"-9",certain,certain,,01.01.01,DAS01,,CAF2081,"1768.371171889363"
"2082",contact,"contact, certain",N,"-9",certain,certain,,01.01.01,DAS01,,CAF2082,"2938.126645706034"
"2083",contact,"contact, certain",N,"-9",certain,certain,,01.01.01,DAS01,,CAF2083,"1156.315116870482"
"2084",contact,"contact, certain",N,"-9",certain,certain,,01.01.01,DAS01,,CAF2084,"6157.524810227783"
"2085",contact,"contact, certain",N,"-9",certain,certain,,01.01.01,DAS01,,CAF2085,"6080.022092103111"
"2086",contact,"contact, certain",N,"-9",certain,certain,,01.01.01,DAS01,,CAF2086,"717.4959469912972"
"2087",contact,"contact, certain",N,"-9",certain,certain,,01.01.01,DAS01,,CAF2087,"3123.71367226803"
"2088",contact,"contact, certain",N,"-9",certain,certain,,01.01.01,DAS01,,CAF2088,"2125.945510486817"
"2089",contact,"contact, certain",N,"-9",certain,certain,,01.01.01,DAS01,,CAF2089,"647.0906685010153"
"2090",contact,"contact, certain",N,"-9",certain,certain,,01.01.01,DAS01,,CAF2090,"1825.006521406609"
"2091",contact,"contact, certain",N,"-9",certain,certain,,01.01.01,DAS01,,CAF2091,"2589.07320482442"
"2092",contact,"contact, certain",N,"-9",certain,certain,,01.01.01,DAS01,,CAF2092,"794.7699974135541"
"2093",contact,"contact, certain",N,"-9",certain,certain,,01.01.01,DAS01,,CAF2093,"466.3782055915835"
"2094",contact,"contact, certain",N,"-9",certain,certain,,01.01.01,DAS01,,CAF2094,"836.1379116193777"
"2095",contact,"contact, certain",N,"-9",certain,certain,,01.01.01,DAS01,,CAF2095,"315.2106691244056"
"2096",contact,"contact, certain",N,"-9",certain,certain,,01.01.01,DAS01,,CAF2096,"1636.178261732087"
"2097",contact,"contact, certain",N,"-9",certain,certain,,01.01.01,DAS01,,CAF2097,"12440.71502349445"
"2098",contact,"contact, certain",N,"-9",certain,certain,,01.01.01,DAS01,,CAF2098,"11912.80184660996"
"2099",contact,"contact, certain",N,"-9",certain,certain,,01.01.01,DAS01,,CAF2099,"255.1664131612066"
"2100",contact,"contact, certain",N,"-9",certain,certain,,01.01.01,DAS01,,CAF2100,"5975.452037721194"
"2101",contact,"contact, certain",N,"-9",certain,certain,,01.01.01,DAS01,,CAF2101,"3873.689737537776"
"2102",contact,"contact, certain",N,"-9",certain,certain,,01.01.01,DAS01,,CAF2102,"2393.288366237859"
"2103",contact,"contact, certain",N,"-9",certain,certain,,01.01.01,DAS01,,CAF2103,"3480.259183867605"
"2104",contact,"contact, certain",N,"-9",certain,certain,,01.01.01,DAS01,,CAF2104,"801.943119076351"
"2105",contact,"contact, certain",N,"-9",certain,certain,,01.01.01,DAS01,,CAF2105,"155.4780093186007"
"2106",contact,"contact, certain",N,"-9",certain,certain,,01.01.01,DAS01,,CAF2106,"2973.768160060248"
"2107",contact,"contact, certain",N,"-9",certain,certain,,01.01.01,DAS01,,CAF2107,"2548.511407073894"
"2108",contact,"contact, certain",N,"-9",certain,certain,,01.01.01,DAS01,,CAF2108,"3079.802684228858"
"2109",contact,"contact, certain",N,"-9",certain,certain,,01.01.01,DAS01,,CAF2109,"1618.375819871047"
"2110",contact,"contact, certain",N,"-9",certain,certain,,01.01.01,DAS01,,CAF2110,"417.129725958659"
"2111",contact,"contact, certain",N,"-9",certain,certain,,01.01.01,DAS01,,CAF2111,"8879.062487744341"
"2112",contact,"contact, certain",N,"-9",certain,certain,,01.01.01,DAS01,,CAF2112,"1135.181949506963"
"2113",contact,"contact, certain",N,"-9",certain,certain,,01.01.01,DAS01,,CAF2113,"404.8323579461057"
"2114",contact,"contact, certain",N,"-9",certain,certain,,01.01.01,DAS01,,CAF2114,"2134.273487902491"
"2115",contact,"contact, certain",N,"-9",certain,certain,,01.01.01,DAS01,,CAF2115,"289.9761208790391"
"2116",contact,"contact, certain",N,"-9",certain,certain,,01.01.01,DAS01,,CAF2116,"8652.024588379027"
"2117",contact,"contact, certain",N,"-9",certain,certain,,01.01.01,DAS01,,CAF2117,"559.4642249826447"
"2118",contact,"contact, certain",N,"-9",certain,certain,,01.01.01,DAS01,,CAF2118,"788.520848586187"
"2119",contact,"contact, certain",N,"-9",certain,certain,,01.01.01,DAS01,,CAF2119,"5575.798655980158"
"2120",contact,"contact, certain",N,"-9",certain,certain,,01.01.01,DAS01,,CAF2120,"1716.809897504465"
"2121",contact,"contact, certain",N,"-9",certain,certain,,01.01.01,DAS01,,CAF2121,"278.066359050611"
"2122",contact,"contact, certain",N,"-9",certain,certain,,01.01.01,DAS01,,CAF2122,"3026.359281706227"
"2123",contact,"contact, certain",N,"-9",certain,certain,,01.01.01,DAS01,,CAF2123,"402.1596395126405"
"2124",contact,"contact, certain",N,"-9",certain,certain,,01.01.01,DAS01,,CAF2124,"335.6890075995575"
"2125",contact,"contact, certain",N,"-9",certain,certain,,01.01.01,DAS01,,CAF2125,"527.0344361418116"
"2126",contact,"contact, certain",N,"-9",certain,certain,,01.01.01,DAS01,,CAF2126,"2212.432956228977"
"2127",contact,"contact, certain",N,"-9",certain,certain,,01.01.01,DAS01,,CAF2127,"2917.451720620921"
"2128",contact,"contact, certain",N,"-9",certain,certain,,01.01.01,DAS01,,CAF2128,"6049.617033372697"
"2129",contact,"contact, certain",N,"-9",certain,certain,,01.01.01,DAS01,,CAF2129,"9895.160885109919"
"2130",contact,"contact, certain",N,"-9",certain,certain,,01.01.01,DAS01,,CAF2130,"1248.314619650833"
"2131",contact,"contact, certain",N,"-9",certain,certain,,01.01.01,DAS01,,CAF2131,"1026.989126629036"
"2132",contact,"contact, certain",N,"-9",certain,certain,,01.01.01,DAS01,,CAF2132,"1490.71528988703"
"2133",contact,"contact, certain",N,"-9",certain,certain,,01.01.01,DAS01,,CAF2133,"1224.164730812136"
"2134",contact,"contact, certain",N,"-9",certain,certain,,01.01.01,DAS01,,CAF2134,"2150.121341728367"
"2135",contact,"contact, certain",N,"-9",certain,certain,,01.01.01,DAS01,,CAF2135,"4523.595351464698"
"2136",contact,"contact, certain",N,"-9",certain,certain,,01.01.01,DAS01,,CAF2136,"2421.702930618988"
"2137",contact,"contact, certain",N,"-9",certain,certain,,01.01.01,DAS01,,CAF2137,"4100.815380229012"
"2138",contact,"contact, certain",N,"-9",certain,certain,,01.01.01,DAS01,,CAF2138,"4309.891108257486"
"2139",contact,"contact, certain",N,"-9",certain,certain,,01.01.01,DAS01,,CAF2139,"1008.435297049111"
"2140",contact,"contact, certain",N,"-9",certain,certain,,01.01.01,DAS01,,CAF2140,"1136.728954541493"
"2141",contact,"contact, certain",N,"-9",certain,certain,,01.01.01,DAS01,,CAF2141,"1458.385364554968"
"2142",contact,"contact, certain",N,"-9",certain,certain,,01.01.01,DAS01,,CAF2142,"2498.12125404817"
"2143",contact,"contact, certain",N,"-9",certain,certain,,01.01.01,DAS01,,CAF2143,"198.7393218237182"
"2144",contact,"contact, certain",N,"-9",certain,certain,,01.01.01,DAS01,,CAF2144,"632.2661323929777"
"2145",contact,"contact, certain",N,"-9",certain,certain,,01.01.01,DAS01,,CAF2145,"1195.046928046459"
"2146",contact,"contact, certain",N,"-9",certain,certain,,01.01.01,DAS01,,CAF2146,"2698.839049848679"
"2147",contact,"contact, certain",N,"-9",certain,certain,,01.01.01,DAS01,,CAF2147,"2246.809070637963"
"2148",contact,"contact, certain",N,"-9",certain,certain,,01.01.01,DAS01,,CAF2148,"13185.53083894195"
"2149",contact,"contact, certain",N,"-9",certain,certain,,01.01.01,DAS01,,CAF2149,"1765.568139030735"
"2150",contact,"contact, certain",N,"-9",certain,certain,,01.01.01,DAS01,,CAF2150,"2778.522060538944"
"2151",contact,"contact, certain",N,"-9",certain,certain,,01.01.01,DAS01,,CAF2151,"1869.395279216617"
"2152",contact,"contact, certain",N,"-9",certain,certain,,01.01.01,DAS01,,CAF2152,"522.3779688917749"
"2153",contact,"contact, certain",N,"-9",certain,certain,,01.01.01,DAS01,,CAF2153,"629.0796206586639"
"2154",contact,"contact, certain",N,"-9",certain,certain,,01.01.01,DAS01,,CAF2154,"398.692083895843"
"2155",contact,"contact, certain",N,"-9",certain,certain,,01.01.01,DAS01,,CAF2155,"1094.162510859912"
"2156",contact,"contact, certain",N,"-9",certain,certain,,01.01.01,DAS01,,CAF2156,"2315.253212678609"
"2157",contact,"contact, certain",N,"-9",certain,certain,,01.01.01,DAS01,,CAF2157,"15362.84256104189"
"2158",contact,"contact, certain",N,"-9",certain,certain,,01.01.01,DAS01,,CAF2158,"257.0122054176697"
"2159",contact,"contact, certain",N,"-9",certain,certain,,01.01.01,DAS01,,CAF2159,"2502.141640371698"
"2160",contact,"contact, certain",N,"-9",certain,certain,,01.01.01,DAS01,,CAF2160,"1162.495718348169"
"2161",contact,"contact, certain",N,"-9",certain,certain,,01.01.01,DAS01,,CAF2161,"7048.973566894779"
"2162",contact,"contact, certain",N,"-9",certain,certain,,01.01.01,DAS01,,CAF2162,"3656.317078019641"
"2163",contact,"contact, certain",N,"-9",certain,certain,,01.01.01,DAS01,,CAF2163,"1804.515344255501"
"2164",contact,"contact, certain",N,"-9",certain,certain,,01.01.01,DAS01,,CAF2164,"7880.086886127948"
"2165",contact,"contact, certain",N,"-9",certain,certain,,01.01.01,DAS01,,CAF2165,"2865.459567490234"
"2166",contact,"contact, certain",N,"-9",certain,certain,,01.01.01,DAS01,,CAF2166,"1865.590024303648"
"2167",contact,"contact, certain",N,"-9",certain,certain,,01.01.01,DAS01,,CAF2167,"21753.27428528481"
"2168",contact,"contact, certain",N,"-9",certain,certain,,01.01.01,DAS01,,CAF2168,"1167.130039659746"
"2169",contact,"contact, certain",N,"-9",certain,certain,,01.01.01,DAS01,,CAF2169,"569.0212906855622"
"2170",contact,"contact, certain",N,"-9",certain,certain,,01.01.01,DAS01,,CAF2170,"709.1755675469492"
"2171",contact,"contact, certain",N,"-9",certain,certain,,01.01.01,DAS01,,CAF2171,"1242.121262727392"
"2172",contact,"contact, certain",N,"-9",certain,certain,,01.01.01,DAS01,,CAF2172,"1238.045723172364"
"2173",contact,"contact, certain",N,"-9",certain,certain,,01.01.01,DAS01,,CAF2173,"612.224442140527"
"2174",contact,"contact, certain",N,"-9",certain,certain,,01.01.01,DAS01,,CAF2174,"3432.636185813362"
"2175",contact,"contact, certain",N,"-9",certain,certain,,01.01.01,DAS01,,CAF2175,"981.1508833786623"
"2176",contact,"contact, certain",N,"-9",certain,certain,,01.01.01,DAS01,,CAF2176,"1832.109447290856"
"2177",contact,"contact, certain",N,"-9",certain,certain,,01.01.01,DAS01,,CAF2177,"781.5647189725685"
"2178",contact,"contact, certain",N,"-9",certain,certain,,01.01.01,DAS01,,CAF2178,"9692.718342101742"
"2179",contact,"contact, certain",N,"-9",certain,certain,,01.01.01,DAS01,,CAF2179,"6221.030353288265"
"2180",contact,"contact, certain",N,"-9",certain,certain,,01.01.01,DAS01,,CAF2180,"6753.210511455727"
"2181",contact,"contact, certain",N,"-9",certain,certain,,01.01.01,DAS01,,CAF2181,"2336.426261951027"
"2182",contact,"contact, certain",N,"-9",certain,certain,,01.01.01,DAS01,,CAF2182,"970.4417477388921"
"2183",contact,"contact, certain",N,"-9",certain,certain,,01.01.01,DAS01,,CAF2183,"19173.1892252735"
"2184",contact,"contact, certain",N,"-9",certain,certain,,01.01.01,DAS01,,CAF2184,"2662.498135703886"
"2185",contact,"contact, certain",N,"-9",certain,certain,,01.01.01,DAS01,,CAF2185,"1217.12217563876"
"2186",contact,"contact, certain",N,"-9",certain,certain,,01.01.01,DAS01,,CAF2186,"741.3823852598937"
"2187",contact,"contact, certain",N,"-9",certain,certain,,01.01.01,DAS01,,CAF2187,"2195.769280698473"
"2188",contact,"contact, certain",N,"-9",certain,certain,,01.01.01,DAS01,,CAF2188,"7480.411038673048"
"2189",contact,"contact, certain",N,"-9",certain,certain,,01.01.01,DAS01,,CAF2189,"156.660350184885"
"2190",contact,"contact, certain",N,"-9",certain,certain,,01.01.01,DAS01,,CAF2190,"2185.462149001295"
"2191",contact,"contact, certain",N,"-9",certain,certain,,01.01.01,DAS01,,CAF2191,"1068.695674913709"
"2192",contact,"contact, certain",N,"-9",certain,certain,,01.01.01,DAS01,,CAF2192,"720.8544460953399"
"2193",contact,"contact, certain",N,"-9",certain,certain,,01.01.01,DAS01,,CAF2193,"510.1489848326847"
"2194",contact,"contact, certain",N,"-9",certain,certain,,01.01.01,DAS01,,CAF2194,"2163.203893143504"
"2195",contact,"contact, certain",N,"-9",certain,certain,,01.01.01,DAS01,,CAF2195,"10670.83771008868"
"2196",contact,"contact, certain",N,"-9",certain,certain,,01.01.01,DAS01,,CAF2196,"455.3953378261978"
"2197",contact,"contact, certain",N,"-9",certain,certain,,01.01.01,DAS01,,CAF2197,"1097.61300407347"
"2198",contact,"contact, certain",N,"-9",certain,certain,,01.01.01,DAS01,,CAF2198,"2114.282360967138"
"2199",contact,"contact, certain",N,"-9",certain,certain,,01.01.01,DAS01,,CAF2199,"4200.231355155905"
"2200",contact,"contact, certain",N,"-9",certain,certain,,01.01.01,DAS01,,CAF2200,"7484.319038262078"
"2201",contact,"contact, certain",N,"-9",certain,certain,,01.01.01,DAS01,,CAF2201,"872.4261761591496"
"2202",contact,"contact, certain",N,"-9",certain,certain,,01.01.01,DAS01,,CAF2202,"1942.193161990481"
"2203",contact,"contact, certain",N,"-9",certain,certain,,01.01.01,DAS01,,CAF2203,"314.8467910189311"
"2204",contact,"contact, certain",N,"-9",certain,certain,,01.01.01,DAS01,,CAF2204,"2333.406103698732"
"2205",contact,"contact, certain",N,"-9",certain,certain,,01.01.01,DAS01,,CAF2205,"2373.780634110642"
"2206",contact,"contact, certain",N,"-9",certain,certain,,01.01.01,DAS01,,CAF2206,"1741.898348417824"
"2207",contact,"contact, certain",N,"-9",certain,certain,,01.01.01,DAS01,,CAF2207,"2325.064180606951"
"2208",contact,"contact, certain",N,"-9",certain,certain,,01.01.01,DAS01,,CAF2208,"1601.498764255399"
"2209",contact,"contact, certain",N,"-9",certain,certain,,01.01.01,DAS01,,CAF2209,"740.8479170325663"
"2210",contact,"contact, certain",N,"-9",certain,certain,,01.01.01,DAS01,,CAF2210,"9818.326403435816"
"2211",contact,"contact, certain",N,"-9",certain,certain,,01.01.01,DAS01,,CAF2211,"2222.652077279147"
"2212",contact,"contact, certain",N,"-9",certain,certain,,01.01.01,DAS01,,CAF2212,"1357.59219106663"
"2213",contact,"contact, certain",N,"-9",certain,certain,,01.01.01,DAS01,,CAF2213,"764.0668745390882"
"2214",contact,"contact, certain",N,"-9",certain,certain,,01.01.01,DAS01,,CAF2214,"1776.926229236765"
"2215",contact,"contact, certain",N,"-9",certain,certain,,01.01.01,DAS01,,CAF2215,"407.2492897186736"
"2216",contact,"contact, certain",N,"-9",certain,certain,,01.01.01,DAS01,,CAF2216,"1496.161579607959"
"2217",contact,"contact, certain",N,"-9",certain,certain,,01.01.01,DAS01,,CAF2217,"20980.81619955848"
"2218",contact,"contact, certain",N,"-9",certain,certain,,01.01.01,DAS01,,CAF2218,"4193.648887572223"
"2219",contact,"contact, certain",N,"-9",certain,certain,,01.01.01,DAS01,,CAF2219,"325.4278843555946"
"2220",contact,"contact, certain",N,"-9",certain,certain,,01.01.01,DAS01,,CAF2220,"2053.850133163361"
"2221",contact,"contact, certain",N,"-9",certain,certain,,01.01.01,DAS01,,CAF2221,"6424.263494516692"
"2222",contact,"contact, certain",N,"-9",certain,certain,,01.01.01,DAS01,,CAF2222,"723.8355700383387"
"2223",contact,"contact, certain",N,"-9",certain,certain,,01.01.01,DAS01,,CAF2223,"118.1718850661199"
"2224",contact,"contact, certain",N,"-9",certain,certain,,01.01.01,DAS01,,CAF2224,"871.2111296396592"
"2225",contact,"contact, certain",N,"-9",certain,certain,,01.01.01,DAS01,,CAF2225,"330.7218279308977"
"2226",contact,"contact, certain",N,"-9",certain,certain,,01.01.01,DAS01,,CAF2226,"1284.319420821184"
"2227",contact,"contact, certain",N,"-9",certain,certain,,01.01.01,DAS01,,CAF2227,"5166.557567954496"
"2228",contact,"contact, certain",N,"-9",certain,certain,,01.01.01,DAS01,,CAF2228,"3918.264612571861"
"2229",contact,"contact, certain",N,"-9",certain,certain,,01.01.01,DAS01,,CAF2229,"440.4417412084551"
"2230",contact,"contact, certain",N,"-9",certain,certain,,01.01.01,DAS01,,CAF2230,"2619.185740589552"
"2231",contact,"contact, certain",N,"-9",certain,certain,,01.01.01,DAS01,,CAF2231,"3384.535580402707"
"2232",contact,"contact, certain",N,"-9",certain,certain,,01.01.01,DAS01,,CAF2232,"5940.242711556886"
"2233",contact,"contact, certain",N,"-9",certain,certain,,01.01.01,DAS01,,CAF2233,"1694.872564037239"
"2234",contact,"contact, certain",N,"-9",certain,certain,,01.01.01,DAS01,,CAF2234,"142.0216179165795"
"2235",contact,"contact, certain",N,"-9",certain,certain,,01.01.01,DAS01,,CAF2235,"748.8996724868217"
"2236",contact,"contact, certain",N,"-9",certain,certain,,01.01.01,DAS01,,CAF2236,"17330.51815096626"
"2237",contact,"contact, certain",N,"-9",certain,certain,,01.01.01,DAS01,,CAF2237,"3616.008811374661"
"2238",contact,"contact, certain",N,"-9",certain,certain,,01.01.01,DAS01,,CAF2238,"434.2404613569752"
"2239",contact,"contact, certain",N,"-9",certain,certain,,01.01.01,DAS01,,CAF2239,"522.1860844287797"
"2240",contact,"contact, certain",N,"-9",certain,certain,,01.01.01,DAS01,,CAF2240,"188.7754237507201"
"2241",contact,"contact, certain",N,"-9",certain,certain,,01.01.01,DAS01,,CAF2241,"1051.692802223287"
"2242",contact,"contact, certain",N,"-9",certain,certain,,01.01.01,DAS01,,CAF2242,"418.2893764270926"
"2243",contact,"contact, certain",N,"-9",certain,certain,,01.01.01,DAS01,,CAF2243,"2649.373671695898"
"2244",contact,"contact, certain",N,"-9",certain,certain,,01.01.01,DAS01,,CAF2244,"1604.613834217233"
"2245",contact,"contact, certain",N,"-9",certain,certain,,01.01.01,DAS01,,CAF2245,"2896.942082788339"
"2246",contact,"contact, certain",N,"-9",certain,certain,,01.01.01,DAS01,,CAF2246,"1458.690700585336"
"2247",contact,"contact, certain",N,"-9",certain,certain,,01.01.01,DAS01,,CAF2247,"2467.80595066825"
"2248",contact,"contact, certain",N,"-9",certain,certain,,01.01.01,DAS01,,CAF2248,"1788.872432629905"
"2249",contact,"contact, certain",N,"-9",certain,certain,,01.01.01,DAS01,,CAF2249,"8081.759695466159"
"2250",contact,"contact, certain",N,"-9",certain,certain,,01.01.01,DAS01,,CAF2250,"2528.379634189652"
"2251",contact,"contact, certain",N,"-9",certain,certain,,01.01.01,DAS01,,CAF2251,"502.9449859351392"
"2252",contact,"contact, certain",N,"-9",certain,certain,,01.01.01,DAS01,,CAF2252,"4072.474625943863"
"2253",contact,"contact, certain",N,"-9",certain,certain,,01.01.01,DAS01,,CAF2253,"5550.842298609787"
"2254",contact,"contact, certain",N,"-9",certain,certain,,01.01.01,DAS01,,CAF2254,"731.1491353945339"
"2255",contact,"contact, certain",N,"-9",certain,certain,,01.01.01,DAS01,,CAF2255,"574.1976575932006"
"2256",contact,"contact, certain",N,"-9",certain,certain,,01.01.01,DAS01,,CAF2256,"1811.272798359924"
"2257",contact,"contact, certain",N,"-9",certain,certain,,01.01.01,DAS01,,CAF2257,"1259.070721372742"
"2258",contact,"contact, certain",N,"-9",certain,certain,,01.01.01,DAS01,,CAF2258,"811.0967340209379"
"2259",contact,"contact, certain",N,"-9",certain,certain,,01.01.01,DAS01,,CAF2259,"727.6722546899473"
"2260",contact,"contact, certain",N,"-9",certain,certain,,01.01.01,DAS01,,CAF2260,"2123.534006792227"
"2261",contact,"contact, certain",N,"-9",certain,certain,,01.01.01,DAS01,,CAF2261,"1318.362167109836"
"2262",contact,"contact, certain",N,"-9",certain,certain,,01.01.01,DAS01,,CAF2262,"766.131726339342"
"2263",contact,"contact, certain",N,"-9",certain,certain,,01.01.01,DAS01,,CAF2263,"4938.397287817135"
"2264",contact,"contact, certain",N,"-9",certain,certain,,01.01.01,DAS01,,CAF2264,"1725.844582783241"
"2265",contact,"contact, certain",N,"-9",certain,certain,,01.01.01,DAS01,,CAF2265,"1040.524792972845"
"2266",contact,"contact, certain",N,"-9",certain,certain,,01.01.01,DAS01,,CAF2266,"1128.471810809731"
"2267",contact,"contact, certain",N,"-9",certain,certain,,01.01.01,DAS01,,CAF2267,"128.4469970476167"
"2268",contact,"contact, certain",N,"-9",certain,certain,,01.01.01,DAS01,,CAF2268,"638.0762762962944"
"2269",contact,"contact, certain",N,"-9",certain,certain,,01.01.01,DAS01,,CAF2269,"1260.181217736007"
"2270",contact,"contact, certain",N,"-9",certain,certain,,01.01.01,DAS01,,CAF2270,"1175.37836200368"
"2271",contact,"contact, certain",N,"-9",certain,certain,,01.01.01,DAS01,,CAF2271,"1834.092697176127"
"2272",contact,"contact, certain",N,"-9",certain,certain,,01.01.01,DAS01,,CAF2272,"1523.01238449442"
"2273",contact,"contact, certain",N,"-9",certain,certain,,01.01.01,DAS01,,CAF2273,"630.2871803403749"
"2274",contact,"contact, certain",N,"-9",certain,certain,,01.01.01,DAS01,,CAF2274,"2955.39901275832"
"2275",contact,"contact, certain",N,"-9",certain,certain,,01.01.01,DAS01,,CAF2275,"8545.627561602296"
"2276",contact,"contact, certain",N,"-9",certain,certain,,01.01.01,DAS01,,CAF2276,"150.0844294894369"
"2277",contact,"contact, certain",N,"-9",certain,certain,,01.01.01,DAS01,,CAF2277,"3443.131979054895"
"2278",contact,"contact, certain",N,"-9",certain,certain,,01.01.01,DAS01,,CAF2278,"513.6507512266323"
"2279",contact,"contact, certain",N,"-9",certain,certain,,01.01.01,DAS01,,CAF2279,"1547.348821809509"
"2280",contact,"contact, certain",N,"-9",certain,certain,,01.01.01,DAS01,,CAF2280,"7737.253159518934"
"2281",contact,"contact, certain",N,"-9",certain,certain,,01.01.01,DAS01,,CAF2281,"2444.467916980764"
"2282",contact,"contact, certain",N,"-9",certain,certain,,01.01.01,DAS01,,CAF2282,"1869.367674962861"
"2283",contact,"contact, certain",N,"-9",certain,certain,,01.01.01,DAS01,,CAF2283,"9410.762789649283"
"2284",contact,"contact, certain",N,"-9",certain,certain,,01.01.01,DAS01,,CAF2284,"3690.994412555635"
"2285",contact,"contact, certain",N,"-9",certain,certain,,01.01.01,DAS01,,CAF2285,"1667.980616007902"
"2286",contact,"contact, certain",N,"-9",certain,certain,,01.01.01,DAS01,,CAF2286,"230.4207363309224"
"2287",contact,"contact, certain",N,"-9",certain,certain,,01.01.01,DAS01,,CAF2287,"172.5921392434399"
"2288",contact,"contact, certain",N,"-9",certain,certain,,01.01.01,DAS01,,CAF2288,"390.8276564790317"
"2289",contact,"contact, certain",N,"-9",certain,certain,,01.01.01,DAS01,,CAF2289,"547.7884469485847"
"2290",contact,"contact, certain",N,"-9",certain,certain,,01.01.01,DAS01,,CAF2290,"15873.61804680269"
"2291",contact,"contact, certain",N,"-9",certain,certain,,01.01.01,DAS01,,CAF2291,"357.6888966342632"
"2292",contact,"contact, certain",N,"-9",certain,certain,,01.01.01,DAS01,,CAF2292,"5873.918800201604"
"2293",contact,"contact, certain",N,"-9",certain,certain,,01.01.01,DAS01,,CAF2293,"207.8586981373629"
"2294",contact,"contact, certain",N,"-9",certain,certain,,01.01.01,DAS01,,CAF2294,"5523.508315717575"
"2295",contact,"contact, certain",N,"-9",certain,certain,,01.01.01,DAS01,,CAF2295,"1753.896665805197"
"2296",contact,"contact, certain",N,"-9",certain,certain,,01.01.01,DAS01,,CAF2296,"14037.98199939121"
"2297",contact,"contact, certain",N,"-9",certain,certain,,01.01.01,DAS01,,CAF2297,"613.9164940812792"
"2298",contact,"contact, certain",N,"-9",certain,certain,,01.01.01,DAS01,,CAF2298,"2915.772340534983"
"2299",contact,"contact, certain",N,"-9",certain,certain,,01.01.01,DAS01,,CAF2299,"1333.998660329074"
"2300",contact,"contact, certain",N,"-9",certain,certain,,01.01.01,DAS01,,CAF2300,"6195.201114781308"
"2301",contact,"contact, certain",N,"-9",certain,certain,,01.01.01,DAS01,,CAF2301,"3428.217390624527"
"2302",contact,"contact, certain",N,"-9",certain,certain,,01.01.01,DAS01,,CAF2302,"591.2449898252129"
"2303",contact,"contact, certain",N,"-9",certain,certain,,01.01.01,DAS01,,CAF2303,"4244.905912990205"
"2304",contact,"contact, certain",N,"-9",certain,certain,,01.01.01,DAS01,,CAF2304,"3034.184944360401"
"2305",contact,"contact, certain",N,"-9",certain,certain,,01.01.01,DAS01,,CAF2305,"325.0400582248534"
"2306",contact,"contact, certain",N,"-9",certain,certain,,01.01.01,DAS01,,CAF2306,"293.1913873995163"
"2307",contact,"contact, certain",N,"-9",certain,certain,,01.01.01,DAS01,,CAF2307,"846.9019209460838"
"2308",contact,"contact, certain",N,"-9",certain,certain,,01.01.01,DAS01,,CAF2308,"2658.731949616508"
"2309",contact,"contact, certain",N,"-9",certain,certain,,01.01.01,DAS01,,CAF2309,"3090.327502928075"
"2310",contact,"contact, certain",N,"-9",certain,certain,,01.01.01,DAS01,,CAF2310,"5153.753772381686"
"2311",contact,"contact, certain",N,"-9",certain,certain,,01.01.01,DAS01,,CAF2311,"555.8019932713576"
"2312",contact,"contact, certain",N,"-9",certain,certain,,01.01.01,DAS01,,CAF2312,"2528.842055067341"
"2313",contact,"contact, certain",N,"-9",certain,certain,,01.01.01,DAS01,,CAF2313,"3234.194998805665"
"2314",contact,"contact, certain",N,"-9",certain,certain,,01.01.01,DAS01,,CAF2314,"4498.186028501638"
"2315",contact,"contact, certain",N,"-9",certain,certain,,01.01.01,DAS01,,CAF2315,"2042.146785259139"
"2316",contact,"contact, certain",N,"-9",certain,certain,,01.01.01,DAS01,,CAF2316,"601.2906979245608"
"2317",contact,"contact, certain",N,"-9",certain,certain,,01.01.01,DAS01,,CAF2317,"804.0517072668067"
"2318",contact,"contact, certain",N,"-9",certain,certain,,01.01.01,DAS01,,CAF2318,"1121.853159199655"
"2319",contact,"contact, certain",N,"-9",certain,certain,,01.01.01,DAS01,,CAF2319,"4087.280611854407"
"2320",contact,"contact, certain",N,"-9",certain,certain,,01.01.01,DAS01,,CAF2320,"664.305364753399"
"2321",contact,"contact, certain",N,"-9",certain,certain,,01.01.01,DAS01,,CAF2321,"486.6241655569027"
"2322",contact,"contact, certain",N,"-9",certain,certain,,01.01.01,DAS01,,CAF2322,"1216.816555971008"
"2323",contact,"contact, certain",N,"-9",certain,certain,,01.01.01,DAS01,,CAF2323,"1035.332668842955"
"2324",contact,"contact, certain",N,"-9",certain,certain,,01.01.01,DAS01,,CAF2324,"5783.682436172207"
"2325",contact,"contact, certain",N,"-9",certain,certain,,01.01.01,DAS01,,CAF2325,"233.0940975468998"
"2326",contact,"contact, certain",N,"-9",certain,certain,,01.01.01,DAS01,,CAF2326,"3281.134851955998"
"2327",contact,"contact, certain",N,"-9",certain,certain,,01.01.01,DAS01,,CAF2327,"223.0650273224675"
"2328",contact,"contact, certain",N,"-9",certain,certain,,01.01.01,DAS01,,CAF2328,"12478.64978047481"
"2329",contact,"contact, certain",N,"-9",certain,certain,,01.01.01,DAS01,,CAF2329,"1429.343185874163"
"2330",contact,"contact, certain",N,"-9",certain,certain,,01.01.01,DAS01,,CAF2330,"228.8272057722328"
"2331",contact,"contact, certain",N,"-9",certain,certain,,01.01.01,DAS01,,CAF2331,"2254.589418725034"
"2332",contact,"contact, certain",N,"-9",certain,certain,,01.01.01,DAS01,,CAF2332,"3190.817806766886"
"2333",contact,"contact, certain",N,"-9",certain,certain,,01.01.01,DAS01,,CAF2333,"343.4233712527943"
"2334",contact,"contact, certain",N,"-9",certain,certain,,01.01.01,DAS01,,CAF2334,"289.0673539941583"
"2335",contact,"contact, certain",N,"-9",certain,certain,,01.01.01,DAS01,,CAF2335,"4837.826318154989"
"2336",contact,"contact, certain",N,"-9",certain,certain,,01.01.01,DAS01,,CAF2336,"5695.361469789354"
"2337",contact,"contact, certain",N,"-9",certain,certain,,01.01.01,DAS01,,CAF2337,"648.2175691787049"
"2338",contact,"contact, certain",N,"-9",certain,certain,,01.01.01,DAS01,,CAF2338,"1330.020662495442"
"2339",contact,"contact, certain",N,"-9",certain,certain,,01.01.01,DAS01,,CAF2339,"360.4611094681727"
"2340",contact,"contact, certain",N,"-9",certain,certain,,01.01.01,DAS01,,CAF2340,"4504.335724932967"
"2341",contact,"contact, certain",N,"-9",certain,certain,,01.01.01,DAS01,,CAF2341,"937.159261286477"
"2342",contact,"contact, certain",N,"-9",certain,certain,,01.01.01,DAS01,,CAF2342,"159.2560220353404"
"2343",contact,"contact, certain",N,"-9",certain,certain,,01.01.01,DAS01,,CAF2343,"3061.773193945426"
"2344",contact,"contact, certain",N,"-9",certain,certain,,01.01.01,DAS01,,CAF2344,"1761.277334595393"
"2345",contact,"contact, certain",N,"-9",certain,certain,,01.01.01,DAS01,,CAF2345,"1833.120750779627"
"2346",contact,"contact, certain",N,"-9",certain,certain,,01.01.01,DAS01,,CAF2346,"2188.620397162113"
"2347",contact,"contact, certain",N,"-9",certain,certain,,01.01.01,DAS01,,CAF2347,"2183.758081375955"
"2348",contact,"contact, certain",N,"-9",certain,certain,,01.01.01,DAS01,,CAF2348,"1069.574700468522"
"2349",contact,"contact, certain",N,"-9",certain,certain,,01.01.01,DAS01,,CAF2349,"209.4237620221933"
"2350",contact,"contact, certain",N,"-9",certain,certain,,01.01.01,DAS01,,CAF2350,"889.1357228080991"
"2351",contact,"contact, certain",N,"-9",certain,certain,,01.01.01,DAS01,,CAF2351,"957.6265272259435"
"2352",contact,"contact, certain",N,"-9",certain,certain,,01.01.01,DAS01,,CAF2352,"406.7074012975537"
"2353",contact,"contact, certain",N,"-9",certain,certain,,01.01.01,DAS01,,CAF2353,"1224.294172146768"
"2354",contact,"contact, certain",N,"-9",certain,certain,,01.01.01,DAS01,,CAF2354,"228.0114562931683"
"2355",contact,"contact, certain",N,"-9",certain,certain,,01.01.01,DAS01,,CAF2355,"239.5333159058202"
"2356",contact,"contact, certain",N,"-9",certain,certain,,01.01.01,DAS01,,CAF2356,"1610.028025203942"
"2357",contact,"contact, certain",N,"-9",certain,certain,,01.01.01,DAS01,,CAF2357,"776.3889359427891"
"2358",contact,"contact, certain",N,"-9",certain,certain,,01.01.01,DAS01,,CAF2358,"8363.300595149387"
"2359",contact,"contact, certain",N,"-9",certain,certain,,01.01.01,DAS01,,CAF2359,"2180.908907832051"
"2360",contact,"contact, certain",N,"-9",certain,certain,,01.01.01,DAS01,,CAF2360,"221.3504492056413"
"2361",contact,"contact, certain",N,"-9",certain,certain,,01.01.01,DAS01,,CAF2361,"704.8749253503024"
"2362",contact,"contact, certain",N,"-9",certain,certain,,01.01.01,DAS01,,CAF2362,"12219.52548778539"
"2363",contact,"contact, certain",N,"-9",certain,certain,,01.01.01,DAS01,,CAF2363,"6071.222807142128"
"2364",contact,"contact, certain",N,"-9",certain,certain,,01.01.01,DAS01,,CAF2364,"674.1777773800407"
"2365",contact,"contact, certain",N,"-9",certain,certain,,01.01.01,DAS01,,CAF2365,"443.6301102724213"
"2366",contact,"contact, certain",N,"-9",certain,certain,,01.01.01,DAS01,,CAF2366,"9792.281083519985"
"2367",contact,"contact, certain",N,"-9",certain,certain,,01.01.01,DAS01,,CAF2367,"394.2206469257173"
"2368",contact,"contact, certain",N,"-9",certain,certain,,01.01.01,DAS01,,CAF2368,"9370.947643742687"
"2369",contact,"contact, certain",N,"-9",certain,certain,,01.01.01,DAS01,,CAF2369,"43434.30292408534"
"2370",contact,"contact, certain",N,"-9",certain,certain,,01.01.01,DAS01,,CAF2370,"1193.005347864278"
"2371",contact,"contact, certain",N,"-9",certain,certain,,01.01.01,DAS01,,CAF2371,"532.0961265359524"
"2372",contact,"contact, certain",N,"-9",certain,certain,,01.01.01,DAS01,,CAF2372,"665.4136786716485"
"2373",contact,"contact, certain",N,"-9",certain,certain,,01.01.01,DAS01,,CAF2373,"1817.145562752357"
"2374",contact,"contact, certain",N,"-9",certain,certain,,01.01.01,DAS01,,CAF2374,"1966.948187217474"
"2375",contact,"contact, certain",N,"-9",certain,certain,,01.01.01,DAS01,,CAF2375,"2218.614282546185"
"2376",contact,"contact, certain",N,"-9",certain,certain,,01.01.01,DAS01,,CAF2376,"6305.368442693381"
"2377",contact,"contact, certain",N,"-9",certain,certain,,01.01.01,DAS01,,CAF2377,"1571.201076654087"
"2378",contact,"contact, certain",N,"-9",certain,certain,,01.01.01,DAS01,,CAF2378,"2424.805344298112"
"2379",contact,"contact, certain",N,"-9",certain,certain,,01.01.01,DAS01,,CAF2379,"9461.378661816141"
"2380",contact,"contact, certain",N,"-9",certain,certain,,01.01.01,DAS01,,CAF2380,"1957.463219029656"
"2381",contact,"contact, certain",N,"-9",certain,certain,,01.01.01,DAS01,,CAF2381,"1004.436803611944"
"2382",contact,"contact, certain",N,"-9",certain,certain,,01.01.01,DAS01,,CAF2382,"319.4270063705844"
"2383",contact,"contact, certain",N,"-9",certain,certain,,01.01.01,DAS01,,CAF2383,"815.5993881876594"
"2384",contact,"contact, certain",N,"-9",certain,certain,,01.01.01,DAS01,,CAF2384,"2480.324011045847"
"2385",contact,"contact, certain",N,"-9",certain,certain,,01.01.01,DAS01,,CAF2385,"649.6965416228509"
"2386",contact,"contact, certain",N,"-9",certain,certain,,01.01.01,DAS01,,CAF2386,"1370.780424995991"
"2387",contact,"contact, certain",N,"-9",certain,certain,,01.01.01,DAS01,,CAF2387,"2144.545601960559"
"2388",contact,"contact, certain",N,"-9",certain,certain,,01.01.01,DAS01,,CAF2388,"3247.350897113256"
"2389",contact,"contact, certain",N,"-9",certain,certain,,01.01.01,DAS01,,CAF2389,"5505.225257984894"
"2390",contact,"contact, certain",N,"-9",certain,certain,,01.01.01,DAS01,,CAF2390,"1617.929274710054"
"2391",contact,"contact, certain",N,"-9",certain,certain,,01.01.01,DAS01,,CAF2391,"2212.413848888682"
"2392",contact,"contact, certain",N,"-9",certain,certain,,01.01.01,DAS01,,CAF2392,"606.9120550027612"
"2393",contact,"contact, certain",N,"-9",certain,certain,,01.01.01,DAS01,,CAF2393,"587.9032079407793"
"2394",contact,"contact, certain",N,"-9",certain,certain,,01.01.01,DAS01,,CAF2394,"1569.513935933838"
"2395",contact,"contact, certain",N,"-9",certain,certain,,01.01.01,DAS01,,CAF2395,"2415.370633823491"
"2396",contact,"contact, certain",N,"-9",certain,certain,,01.01.01,DAS01,,CAF2396,"3198.685217082931"
"2397",contact,"contact, certain",N,"-9",certain,certain,,01.01.01,DAS01,,CAF2397,"1340.376654478227"
"2398",contact,"contact, certain",N,"-9",certain,certain,,01.01.01,DAS01,,CAF2398,"1015.11609958866"
"2399",contact,"contact, certain",N,"-9",certain,certain,,01.01.01,DAS01,,CAF2399,"1454.881448521019"
"2400",contact,"contact, certain",N,"-9",certain,certain,,01.01.01,DAS01,,CAF2400,"1301.391826752328"
"2401",contact,"contact, certain",N,"-9",certain,certain,,01.01.01,DAS01,,CAF2401,"1148.022183696515"
"2402",contact,"contact, certain",N,"-9",certain,certain,,01.01.01,DAS01,,CAF2402,"402.271155861801"
"2403",contact,"contact, certain",N,"-9",certain,certain,,01.01.01,DAS01,,CAF2403,"283.3590882243641"
"2404",contact,"contact, certain",N,"-9",certain,certain,,01.01.01,DAS01,,CAF2404,"10871.83854907843"
"2405",contact,"contact, certain",N,"-9",certain,certain,,01.01.01,DAS01,,CAF2405,"9892.681596840534"
"2406",contact,"contact, certain",N,"-9",certain,certain,,01.01.01,DAS01,,CAF2406,"1341.504009112346"
"2407",contact,"contact, certain",N,"-9",certain,certain,,01.01.01,DAS01,,CAF2407,"532.4223813103118"
"2408",contact,"contact, certain",N,"-9",certain,certain,,01.01.01,DAS01,,CAF2408,"1805.305805506005"
"2409",contact,"contact, certain",N,"-9",certain,certain,,01.01.01,DAS01,,CAF2409,"1340.182039397315"
"2410",contact,"contact, certain",N,"-9",certain,certain,,01.01.01,DAS01,,CAF2410,"865.191053213592"
"2411",contact,"contact, certain",N,"-9",certain,certain,,01.01.01,DAS01,,CAF2411,"667.6091017858239"
"2412",contact,"contact, certain",N,"-9",certain,certain,,01.01.01,DAS01,,CAF2412,"1335.371047839274"
"2413",contact,"contact, certain",N,"-9",certain,certain,,01.01.01,DAS01,,CAF2413,"13417.77837921487"
"2414",contact,"contact, certain",N,"-9",certain,certain,,01.01.01,DAS01,,CAF2414,"2955.811951301547"
"2415",contact,"contact, certain",N,"-9",certain,certain,,01.01.01,DAS01,,CAF2415,"20924.8388275058"
"2416",contact,"contact, certain",N,"-9",certain,certain,,01.01.01,DAS01,,CAF2416,"3511.543593675033"
"2417",contact,"contact, certain",N,"-9",certain,certain,,01.01.01,DAS01,,CAF2417,"639.7645013246124"
"2418",contact,"contact, certain",N,"-9",certain,certain,,01.01.01,DAS01,,CAF2418,"1288.566015268322"
"2419",contact,"contact, certain",N,"-9",certain,certain,,01.01.01,DAS01,,CAF2419,"2930.906472439699"
"2420",contact,"contact, certain",N,"-9",certain,certain,,01.01.01,DAS01,,CAF2420,"2217.390182606583"
"2421",contact,"contact, certain",N,"-9",certain,certain,,01.01.01,DAS01,,CAF2421,"1543.913345786611"
"2422",contact,"contact, certain",N,"-9",certain,certain,,01.01.01,DAS01,,CAF2422,"5791.919988750333"
"2423",contact,"contact, certain",N,"-9",certain,certain,,01.01.01,DAS01,,CAF2423,"3844.045545481722"
"2424",contact,"contact, certain",N,"-9",certain,certain,,01.01.01,DAS01,,CAF2424,"1920.20476217761"
"2425",contact,"contact, certain",N,"-9",certain,certain,,01.01.01,DAS01,,CAF2425,"379.7657972059225"
"2426",contact,"contact, certain",N,"-9",certain,certain,,01.01.01,DAS01,,CAF2426,"1276.206809960245"
"2427",contact,"contact, certain",N,"-9",certain,certain,,01.01.01,DAS01,,CAF2427,"5644.539677256078"
"2428",contact,"contact, certain",N,"-9",certain,certain,,01.01.01,DAS01,,CAF2428,"886.7114736631272"
"2429",contact,"contact, certain",N,"-9",certain,certain,,01.01.01,DAS01,,CAF2429,"2173.614540337184"
"2430",contact,"contact, certain",N,"-9",certain,certain,,01.01.01,DAS01,,CAF2430,"2489.046284390236"
"2431",contact,"contact, certain",N,"-9",certain,certain,,01.01.01,DAS01,,CAF2431,"1440.346397982251"
"2432",contact,"contact, certain",N,"-9",certain,certain,,01.01.01,DAS01,,CAF2432,"10857.58908606032"
"2433",contact,"contact, certain",N,"-9",certain,certain,,01.01.01,DAS01,,CAF2433,"1918.914387587062"
"2434",contact,"contact, certain",N,"-9",certain,certain,,01.01.01,DAS01,,CAF2434,"2698.128955419401"
"2435",contact,"contact, certain",N,"-9",certain,certain,,01.01.01,DAS01,,CAF2435,"15606.6828927265"
"2436",contact,"contact, certain",N,"-9",certain,certain,,01.01.01,DAS01,,CAF2436,"10819.43500920249"
"2437",contact,"contact, certain",N,"-9",certain,certain,,01.01.01,DAS01,,CAF2437,"967.3299668129412"
"2438",contact,"contact, certain",N,"-9",certain,certain,,01.01.01,DAS01,,CAF2438,"1724.028823705028"
"2439",contact,"contact, certain",N,"-9",certain,certain,,01.01.01,DAS01,,CAF2439,"656.7879667854254"
"2440",contact,"contact, certain",N,"-9",certain,certain,,01.01.01,DAS01,,CAF2440,"458.2691013170623"
"2441",contact,"contact, certain",N,"-9",certain,certain,,01.01.01,DAS01,,CAF2441,"854.2006919395446"
"2442",contact,"contact, certain",N,"-9",certain,certain,,01.01.01,DAS01,,CAF2442,"825.1778051362428"
"2443",contact,"contact, certain",N,"-9",certain,certain,,01.01.01,DAS01,,CAF2443,"1614.508166173801"
"2444",contact,"contact, certain",N,"-9",certain,certain,,01.01.01,DAS01,,CAF2444,"13843.09585578793"
"2445",contact,"contact, certain",N,"-9",certain,certain,,01.01.01,DAS01,,CAF2445,"952.6228560831889"
"2446",contact,"contact, certain",N,"-9",certain,certain,,01.01.01,DAS01,,CAF2446,"655.9326243529883"
"2447",contact,"contact, certain",N,"-9",certain,certain,,01.01.01,DAS01,,CAF2447,"4397.557525503866"
"2448",contact,"contact, certain",N,"-9",certain,certain,,01.01.01,DAS01,,CAF2448,"460.9255991398121"
"2449",contact,"contact, certain",N,"-9",certain,certain,,01.01.01,DAS01,,CAF2449,"3740.25220148568"
"2450",contact,"contact, certain",N,"-9",certain,certain,,01.01.01,DAS01,,CAF2450,"987.8188167539049"
"2451",contact,"contact, certain",N,"-9",certain,certain,,01.01.01,DAS01,,CAF2451,"332.4623605508591"
"2452",contact,"contact, certain",N,"-9",certain,certain,,01.01.01,DAS01,,CAF2452,"5417.79527013501"
"2453",contact,"contact, certain",N,"-9",certain,certain,,01.01.01,DAS01,,CAF2453,"2596.569210414148"
"2454",contact,"contact, certain",N,"-9",certain,certain,,01.01.01,DAS01,,CAF2454,"1075.641659812484"
"2455",contact,"contact, certain",N,"-9",certain,certain,,01.01.01,DAS01,,CAF2455,"922.185319942485"
"2456",contact,"contact, certain",N,"-9",certain,certain,,01.01.01,DAS01,,CAF2456,"2322.464877266813"
"2457",contact,"contact, certain",N,"-9",certain,certain,,01.01.01,DAS01,,CAF2457,"604.3991615747682"
"2458",contact,"contact, certain",N,"-9",certain,certain,,01.01.01,DAS01,,CAF2458,"3568.105750129829"
"2459",contact,"contact, certain",N,"-9",certain,certain,,01.01.01,DAS01,,CAF2459,"3063.036880706398"
"2460",contact,"contact, certain",N,"-9",certain,certain,,01.01.01,DAS01,,CAF2460,"3211.957497936066"
"2461",contact,"contact, certain",N,"-9",certain,certain,,01.01.01,DAS01,,CAF2461,"666.1540365748838"
"2462",contact,"contact, certain",N,"-9",certain,certain,,01.01.01,DAS01,,CAF2462,"2475.858153000032"
"2463",contact,"contact, certain",N,"-9",certain,certain,,01.01.01,DAS01,,CAF2463,"897.5055992346701"
"2464",contact,"contact, certain",N,"-9",certain,certain,,01.01.01,DAS01,,CAF2464,"235.4815407267421"
"2465",contact,"contact, certain",N,"-9",certain,certain,,01.01.01,DAS01,,CAF2465,"3329.514679021797"
"2466",contact,"contact, certain",N,"-9",certain,certain,,01.01.01,DAS01,,CAF2466,"3010.543732613599"
"2467",contact,"contact, certain",N,"-9",certain,certain,,01.01.01,DAS01,,CAF2467,"3686.656893969341"
"2468",contact,"contact, certain",N,"-9",certain,certain,,01.01.01,DAS01,,CAF2468,"2396.797000890295"
"2469",contact,"contact, certain",N,"-9",certain,certain,,01.01.01,DAS01,,CAF2469,"30577.30790827319"
"2470",contact,"contact, certain",N,"-9",certain,certain,,01.01.01,DAS01,,CAF2470,"840.3059513154626"
"2471",contact,"contact, certain",N,"-9",certain,certain,,01.01.01,DAS01,,CAF2471,"446.2798009918815"
"2472",contact,"contact, certain",N,"-9",certain,certain,,01.01.01,DAS01,,CAF2472,"6068.85503747821"
"2473",contact,"contact, certain",N,"-9",certain,certain,,01.01.01,DAS01,,CAF2473,"116.5972984335779"
"2474",contact,"contact, certain",N,"-9",certain,certain,,01.01.01,DAS01,,CAF2474,"243.0123161981054"
"2475",contact,"contact, certain",N,"-9",certain,certain,,01.01.01,DAS01,,CAF2475,"6742.344616448398"
"2476",contact,"contact, certain",N,"-9",certain,certain,,01.01.01,DAS01,,CAF2476,"607.3273649551689"
"2477",contact,"contact, certain",N,"-9",certain,certain,,01.01.01,DAS01,,CAF2477,"3152.396730476918"
"2478",contact,"contact, certain",N,"-9",certain,certain,,01.01.01,DAS01,,CAF2478,"2117.018406981591"
"2479",contact,"contact, certain",N,"-9",certain,certain,,01.01.01,DAS01,,CAF2479,"3868.719287595617"
"2480",contact,"contact, certain",N,"-9",certain,certain,,01.01.01,DAS01,,CAF2480,"799.1247516030185"
"2481",contact,"contact, certain",N,"-9",certain,certain,,01.01.01,DAS01,,CAF2481,"1419.337323215444"
"2482",contact,"contact, certain",N,"-9",certain,certain,,01.01.01,DAS01,,CAF2482,"1022.403438762168"
"2483",contact,"contact, certain",N,"-9",certain,certain,,01.01.01,DAS01,,CAF2483,"1976.438926062733"
"2484",contact,"contact, certain",N,"-9",certain,certain,,01.01.01,DAS01,,CAF2484,"2094.655162449362"
"2485",contact,"contact, certain",N,"-9",certain,certain,,01.01.01,DAS01,,CAF2485,"2405.963963858189"
"2486",contact,"contact, certain",N,"-9",certain,certain,,01.01.01,DAS01,,CAF2486,"4592.705175137633"
"2487",contact,"contact, certain",N,"-9",certain,certain,,01.01.01,DAS01,,CAF2487,"477.8446241149222"
"2488",contact,"contact, certain",N,"-9",certain,certain,,01.01.01,DAS01,,CAF2488,"2537.446142757833"
"2489",contact,"contact, certain",N,"-9",certain,certain,,01.01.01,DAS01,,CAF2489,"1156.604751691528"
"2490",contact,"contact, certain",N,"-9",certain,certain,,01.01.01,DAS01,,CAF2490,"416.4530822977516"
"2491",contact,"contact, certain",N,"-9",certain,certain,,01.01.01,DAS01,,CAF2491,"2176.509378439599"
"2492",contact,"contact, certain",N,"-9",certain,certain,,01.01.01,DAS01,,CAF2492,"1062.16605207105"
"2493",contact,"contact, certain",N,"-9",certain,certain,,01.01.01,DAS01,,CAF2493,"1677.555757171805"
"2494",contact,"contact, certain",N,"-9",certain,certain,,01.01.01,DAS01,,CAF2494,"17210.47562033283"
"2495",contact,"contact, certain",N,"-9",certain,certain,,01.01.01,DAS01,,CAF2495,"4635.579841208515"
"2496",contact,"contact, certain",N,"-9",certain,certain,,01.01.01,DAS01,,CAF2496,"1217.899452880743"
"2497",contact,"contact, certain",N,"-9",certain,certain,,01.01.01,DAS01,,CAF2497,"4788.96723323374"
"2498",contact,"contact, certain",N,"-9",certain,certain,,01.01.01,DAS01,,CAF2498,"631.4125110920418"
"2499",contact,"contact, certain",N,"-9",certain,certain,,01.01.01,DAS01,,CAF2499,"1637.201432460044"
"2500",contact,"contact, certain",N,"-9",certain,certain,,01.01.01,DAS01,,CAF2500,"10942.22548074961"
"2501",contact,"contact, certain",N,"-9",certain,certain,,01.01.01,DAS01,,CAF2501,"15706.191970399"
"2502",contact,"contact, certain",N,"-9",certain,certain,,01.01.01,DAS01,,CAF2502,"368.5616729149727"
"2503",contact,"contact, certain",N,"-9",certain,certain,,01.01.01,DAS01,,CAF2503,"415.6107962667359"
"2504",contact,"contact, certain",N,"-9",certain,certain,,01.01.01,DAS01,,CAF2504,"2388.186118350043"
"2505",contact,"contact, certain",N,"-9",certain,certain,,01.01.01,DAS01,,CAF2505,"1831.832635246021"
"2506",contact,"contact, certain",N,"-9",certain,certain,,01.01.01,DAS01,,CAF2506,"1444.094544069011"
"2507",contact,"contact, certain",N,"-9",certain,certain,,01.01.01,DAS01,,CAF2507,"3255.034359899192"
"2508",contact,"contact, certain",N,"-9",certain,certain,,01.01.01,DAS01,,CAF2508,"3014.0338739221"
"2509",contact,"contact, certain",N,"-9",certain,certain,,01.01.01,DAS01,,CAF2509,"931.4872998458718"
"2510",contact,"contact, certain",N,"-9",certain,certain,,01.01.01,DAS01,,CAF2510,"4196.716400995559"
"2511",contact,"contact, certain",N,"-9",certain,certain,,01.01.01,DAS01,,CAF2511,"786.9359310496333"
"2512",contact,"contact, certain",N,"-9",certain,certain,,01.01.01,DAS01,,CAF2512,"222.3214531964159"
"2513",contact,"contact, certain",N,"-9",certain,certain,,01.01.01,DAS01,,CAF2513,"2764.115761705392"
"2514",contact,"contact, certain",N,"-9",certain,certain,,01.01.01,DAS01,,CAF2514,"2685.076044354106"
"2515",contact,"contact, certain",N,"-9",certain,certain,,01.01.01,DAS01,,CAF2515,"11164.81398895797"
"2516",contact,"contact, certain",N,"-9",certain,certain,,01.01.01,DAS01,,CAF2516,"3307.764415603743"
"2517",contact,"contact, certain",N,"-9",certain,certain,,01.01.01,DAS01,added line to match printed map,CAF2517,"1575.491935083133"
"2518",contact,"contact, certain",N,"-9",certain,certain,,01.01.01,DAS01,,CAF2518,"1069.643134977415"
"2519",contact,"contact, certain",N,"-9",certain,certain,,01.01.01,DAS01,,CAF2519,"979.5343642465865"
"2520",contact,"contact, certain",N,"-9",certain,certain,,01.01.01,DAS01,,CAF2520,"1668.827768202854"
"2521",contact,"contact, certain",N,"-9",certain,certain,,01.01.01,DAS01,,CAF2521,"1617.945869463261"
"2522",contact,"contact, certain",N,"-9",certain,certain,,01.01.01,DAS01,,CAF2522,"4665.355112947647"
"2523",contact,"contact, certain",N,"-9",certain,certain,,01.01.01,DAS01,,CAF2523,"1107.284338788372"
"2524",contact,"contact, certain",N,"-9",certain,certain,,01.01.01,DAS01,,CAF2524,"4213.100538305323"
"2525",contact,"contact, certain",N,"-9",certain,certain,,01.01.01,DAS01,,CAF2525,"2327.125666349564"
"2526",contact,"contact, certain",N,"-9",certain,certain,,01.01.01,DAS01,,CAF2526,"3828.50085434475"
"2527",contact,"contact, certain",N,"-9",certain,certain,,01.01.01,DAS01,,CAF2527,"939.6535542574129"
"2528",contact,"contact, certain",N,"-9",certain,certain,,01.01.01,DAS01,,CAF2528,"9806.651158151659"
"2529",contact,"contact, certain",N,"-9",certain,certain,,01.01.01,DAS01,,CAF2529,"3181.51140471718"
"2530",contact,"contact, certain",N,"-9",certain,certain,,01.01.01,DAS01,,CAF2530,"690.0952347155315"
"2531",contact,"contact, certain",N,"-9",certain,certain,,01.01.01,DAS01,,CAF2531,"2254.510684580597"
"2532",contact,"contact, certain",N,"-9",certain,certain,,01.01.01,DAS01,,CAF2532,"1301.655733470264"
"2533",contact,"contact, certain",N,"-9",certain,certain,,01.01.01,DAS01,,CAF2533,"288.2747707696734"
"2534",contact,"contact, certain",N,"-9",certain,certain,,01.01.01,DAS01,,CAF2534,"628.8947865308138"
"2535",contact,"contact, certain",N,"-9",certain,certain,,01.01.01,DAS01,,CAF2535,"5181.474215832369"
"2536",contact,"contact, certain",N,"-9",certain,certain,,01.01.01,DAS01,,CAF2536,"1405.766140110285"
"2537",contact,"contact, certain",N,"-9",certain,certain,,01.01.01,DAS01,,CAF2537,"955.3476195301953"
"2538",contact,"contact, certain",N,"-9",certain,certain,,01.01.01,DAS01,,CAF2538,"3238.882463558806"
"2539",contact,"contact, certain",N,"-9",certain,certain,,01.01.01,DAS01,,CAF2539,"836.5343954430236"
"2540",contact,"contact, certain",N,"-9",certain,certain,,01.01.01,DAS01,,CAF2540,"1138.211771033369"
"2541",contact,"contact, certain",N,"-9",certain,certain,,01.01.01,DAS01,,CAF2541,"522.6851308716489"
"2542",contact,"contact, certain",N,"-9",certain,certain,,01.01.01,DAS01,,CAF2542,"4374.080470821184"
"2543",contact,"contact, certain",N,"-9",certain,certain,,01.01.01,DAS01,,CAF2543,"300.2107067408698"
"2544",contact,"contact, certain",N,"-9",certain,certain,,01.01.01,DAS01,,CAF2544,"5984.361091945214"
"2545",contact,"contact, certain",N,"-9",certain,certain,,01.01.01,DAS01,,CAF2545,"3643.226369474568"
"2546",contact,"contact, certain",N,"-9",certain,certain,,01.01.01,DAS01,,CAF2546,"416.1484994955443"
"2547",contact,"contact, certain",N,"-9",certain,certain,,01.01.01,DAS01,,CAF2547,"2241.387033066028"
"2548",contact,"contact, certain",N,"-9",certain,certain,,01.01.01,DAS01,,CAF2548,"1303.63036628108"
"2549",contact,"contact, certain",N,"-9",certain,certain,,01.01.01,DAS01,,CAF2549,"743.6685181001466"
"2550",contact,"contact, certain",N,"-9",certain,certain,,01.01.01,DAS01,,CAF2550,"221.2642580859701"
"2551",contact,"contact, certain",N,"-9",certain,certain,,01.01.01,DAS01,,CAF2551,"1443.645789931902"
"2552",contact,"contact, certain",N,"-9",certain,certain,,01.01.01,DAS01,,CAF2552,"563.9216558130892"
"2553",contact,"contact, certain",N,"-9",certain,certain,,01.01.01,DAS01,,CAF2553,"7205.535917184904"
"2554",contact,"contact, certain",N,"-9",certain,certain,,01.01.01,DAS01,,CAF2554,"263.112241524311"
"2555",contact,"contact, certain",N,"-9",certain,certain,,01.01.01,DAS01,,CAF2555,"3664.776359725527"
"2556",contact,"contact, certain",N,"-9",certain,certain,,01.01.01,DAS01,,CAF2556,"1381.483602270419"
"2557",contact,"contact, certain",N,"-9",certain,certain,,01.01.01,DAS01,,CAF2557,"4383.130513549299"
"2558",contact,"contact, certain",N,"-9",certain,certain,,01.01.01,DAS01,,CAF2558,"6758.716523262006"
"2559",contact,"contact, certain",N,"-9",certain,certain,,01.01.01,DAS01,,CAF2559,"1714.912442593072"
"2560",contact,"contact, certain",N,"-9",certain,certain,,01.01.01,DAS01,,CAF2560,"1633.905291097813"
"2561",contact,"contact, certain",N,"-9",certain,certain,,01.01.01,DAS01,,CAF2561,"8799.893862567293"
"2562",contact,"contact, certain",N,"-9",certain,certain,,01.01.01,DAS01,,CAF2562,"7967.969648253414"
"2563",contact,"contact, certain",N,"-9",certain,certain,,01.01.01,DAS01,,CAF2563,"4749.292849392637"
"2564",contact,"contact, certain",N,"-9",certain,certain,,01.01.01,DAS01,,CAF2564,"712.1907256206669"
"2565",contact,"contact, certain",N,"-9",certain,certain,,01.01.01,DAS01,,CAF2565,"1621.133015413535"
"2566",contact,"contact, certain",N,"-9",certain,certain,,01.01.01,DAS01,,CAF2566,"915.5054964607057"
"2567",contact,"contact, certain",N,"-9",certain,certain,,01.01.01,DAS01,,CAF2567,"4164.42970637389"
"2568",contact,"contact, certain",N,"-9",certain,certain,,01.01.01,DAS01,,CAF2568,"1838.117201693377"
"2569",contact,"contact, certain",N,"-9",certain,certain,,01.01.01,DAS01,,CAF2569,"5001.895256210229"
"2570",contact,"contact, certain",N,"-9",certain,certain,,01.01.01,DAS01,,CAF2570,"4356.328631734724"
"2571",contact,"contact, certain",N,"-9",certain,certain,,01.01.01,DAS01,,CAF2571,"815.6892811164411"
"2572",contact,"contact, certain",N,"-9",certain,certain,,01.01.01,DAS01,,CAF2572,"451.9312029589696"
"2573",contact,"contact, certain",N,"-9",certain,certain,,01.01.01,DAS01,,CAF2573,"1580.532993521487"
"2574",contact,"contact, certain",N,"-9",certain,certain,,01.01.01,DAS01,,CAF2574,"810.0855394905287"
"2575",contact,"contact, certain",N,"-9",certain,certain,,01.01.01,DAS01,,CAF2575,"611.7716280536411"
"2576",contact,"contact, certain",N,"-9",certain,certain,,01.01.01,DAS01,,CAF2576,"60.37033183584109"
"2577",contact,"contact, certain",N,"-9",certain,certain,,01.01.01,DAS01,,CAF2577,"4954.515910270471"
"2578",contact,"contact, certain",N,"-9",certain,certain,,01.01.01,DAS01,,CAF2578,"1318.553167845118"
"2579",contact,"contact, certain",N,"-9",certain,certain,,01.01.01,DAS01,,CAF2579,"1516.002366437211"
"2580",contact,"contact, certain",N,"-9",certain,certain,,01.01.01,DAS01,,CAF2580,"372.5656359966455"
"2581",contact,"contact, certain",N,"-9",certain,certain,,01.01.01,DAS01,,CAF2581,"1347.730103569045"
"2582",contact,"contact, certain",N,"-9",certain,certain,,01.01.01,DAS01,,CAF2582,"4105.919308544312"
"2583",contact,"contact, certain",N,"-9",certain,certain,,01.01.01,DAS01,,CAF2583,"1243.710109710975"
"2584",contact,"contact, certain",N,"-9",certain,certain,,01.01.01,DAS01,,CAF2584,"994.5831992032397"
"2585",contact,"contact, certain",N,"-9",certain,certain,,01.01.01,DAS01,,CAF2585,"2557.448490544383"
"2586",contact,"contact, certain",N,"-9",certain,certain,,01.01.01,DAS01,,CAF2586,"553.3511191305109"
"2587",contact,"contact, certain",N,"-9",certain,certain,,01.01.01,DAS01,,CAF2587,"401.0697326764305"
"2588",contact,"contact, certain",N,"-9",certain,certain,,01.01.01,DAS01,,CAF2588,"264.1102234268215"
"2589",contact,"contact, certain",N,"-9",certain,certain,,01.01.01,DAS01,,CAF2589,"561.6073276319684"
"2590",contact,"contact, certain",N,"-9",certain,certain,,01.01.01,DAS01,,CAF2590,"1499.164793977774"
"2591",contact,"contact, certain",N,"-9",certain,certain,,01.01.01,DAS01,,CAF2591,"8716.996730571185"
"2592",contact,"contact, certain",N,"-9",certain,certain,,01.01.01,DAS01,,CAF2592,"567.2752541623843"
"2593",contact,"contact, certain",N,"-9",certain,certain,,01.01.01,DAS01,,CAF2593,"4254.023481486983"
"2594",contact,"contact, certain",N,"-9",certain,certain,,01.01.01,DAS01,,CAF2594,"2838.995785620787"
"2595",contact,"contact, certain",N,"-9",certain,certain,,01.01.01,DAS01,,CAF2595,"1081.863906204486"
"2596",contact,"contact, certain",N,"-9",certain,certain,,01.01.01,DAS01,,CAF2596,"2086.89677423175"
"2597",contact,"contact, certain",N,"-9",certain,certain,,01.01.01,DAS01,,CAF2597,"7192.573704565589"
"2598",contact,"contact, certain",N,"-9",certain,certain,,01.01.01,DAS01,,CAF2598,"470.3214333144382"
"2599",contact,"contact, certain",N,"-9",certain,certain,,01.01.01,DAS01,,CAF2599,"7939.289629980983"
"2600",contact,"contact, certain",N,"-9",certain,certain,,01.01.01,DAS01,,CAF2600,"1905.329864649487"
"2601",contact,"contact, certain",N,"-9",certain,certain,,01.01.01,DAS01,,CAF2601,"1614.642324015045"
"2602",contact,"contact, certain",N,"-9",certain,certain,,01.01.01,DAS01,,CAF2602,"1112.120726792855"
"2603",contact,"contact, certain",N,"-9",certain,certain,,01.01.01,DAS01,,CAF2603,"5175.93272386081"
"2604",contact,"contact, certain",N,"-9",certain,certain,,01.01.01,DAS01,,CAF2604,"2326.565431698902"
"2605",contact,"contact, certain",N,"-9",certain,certain,,01.01.01,DAS01,,CAF2605,"7761.246941095884"
"2606",contact,"contact, certain",N,"-9",certain,certain,,01.01.01,DAS01,,CAF2606,"646.226064128399"
"2607",contact,"contact, certain",N,"-9",certain,certain,,01.01.01,DAS01,,CAF2607,"1179.872385335593"
"2608",contact,"contact, certain",N,"-9",certain,certain,,01.01.01,DAS01,,CAF2608,"3505.71534386452"
"2609",contact,"contact, certain",N,"-9",certain,certain,,01.01.01,DAS01,,CAF2609,"1208.092019458689"
"2610",contact,"contact, certain",N,"-9",certain,certain,,01.01.01,DAS01,,CAF2610,"1614.023458610252"
"2611",contact,"contact, certain",N,"-9",certain,certain,,01.01.01,DAS01,,CAF2611,"984.9999199244139"
"2612",contact,"contact, certain",N,"-9",certain,certain,,01.01.01,DAS01,,CAF2612,"1134.447238524183"
"2613",contact,"contact, certain",N,"-9",certain,certain,,01.01.01,DAS01,,CAF2613,"1722.7101797118"
"2614",contact,"contact, certain",N,"-9",certain,certain,,01.01.01,DAS01,,CAF2614,"7515.730849561271"
"2615",contact,"contact, certain",N,"-9",certain,certain,,01.01.01,DAS01,,CAF2615,"16801.79109621608"
"2616",contact,"contact, certain",N,"-9",certain,certain,,01.01.01,DAS01,,CAF2616,"6021.92707677976"
"2617",contact,"contact, certain",N,"-9",certain,certain,,01.01.01,DAS01,,CAF2617,"2925.964072217258"
"2618",contact,"contact, certain",N,"-9",certain,certain,,01.01.01,DAS01,,CAF2618,"919.8127062582789"
"2619",contact,"contact, certain",N,"-9",certain,certain,,01.01.01,DAS01,,CAF2619,"3636.797240621679"
"2620",contact,"contact, certain",N,"-9",certain,certain,,01.01.01,DAS01,,CAF2620,"642.6250770601017"
"2621",contact,"contact, certain",N,"-9",certain,certain,,01.01.01,DAS01,,CAF2621,"6356.120582147125"
"2622",contact,"contact, certain",N,"-9",certain,certain,,01.01.01,DAS01,,CAF2622,"6234.427399159006"
"2623",contact,"contact, certain",N,"-9",certain,certain,,01.01.01,DAS01,,CAF2623,"4193.823870680115"
"2624",contact,"contact, certain",N,"-9",certain,certain,,01.01.01,DAS01,,CAF2624,"69651.20600142302"
"2625",contact,"contact, certain",N,"-9",certain,certain,,01.01.01,DAS01,,CAF2625,"406.6935566460951"
"2626",contact,"contact, certain",N,"-9",certain,certain,,01.01.01,DAS01,,CAF2626,"1831.808240741993"
"2627",contact,"contact, certain",N,"-9",certain,certain,,01.01.01,DAS01,,CAF2627,"1671.143501229596"
"2628",contact,"contact, certain",N,"-9",certain,certain,,01.01.01,DAS01,,CAF2628,"507.9846716400117"
"2629",contact,"contact, certain",N,"-9",certain,certain,,01.01.01,DAS01,,CAF2629,"15554.07729661777"
"2630",contact,"contact, certain",N,"-9",certain,certain,,01.01.01,DAS01,,CAF2630,"2654.72467706215"
"2631",contact,"contact, certain",N,"-9",certain,certain,,01.01.01,DAS01,,CAF2631,"600.7658259105708"
"2632",contact,"contact, certain",N,"-9",certain,certain,,01.01.01,DAS01,,CAF2632,"2364.024044660866"
"2633",contact,"contact, certain",N,"-9",certain,certain,,01.01.01,DAS01,,CAF2633,"1765.590373279741"
"2634",contact,"contact, certain",N,"-9",certain,certain,,01.01.01,DAS01,,CAF2634,"475.2500846444541"
"2635",contact,"contact, certain",N,"-9",certain,certain,,01.01.01,DAS01,,CAF2635,"2784.362729689049"
"2636",contact,"contact, certain",N,"-9",certain,certain,,01.01.01,DAS01,,CAF2636,"968.7843108058764"
"2637",contact,"contact, certain",N,"-9",certain,certain,,01.01.01,DAS01,,CAF2637,"4541.085026806328"
"2638",contact,"contact, certain",N,"-9",certain,certain,,01.01.01,DAS01,,CAF2638,"1338.955660413358"
"2639",contact,"contact, certain",N,"-9",certain,certain,,01.01.01,DAS01,,CAF2639,"5921.193585385329"
"2640",contact,"contact, certain",N,"-9",certain,certain,,01.01.01,DAS01,,CAF2640,"428.1432879294022"
"2641",contact,"contact, certain",N,"-9",certain,certain,,01.01.01,DAS01,,CAF2641,"2738.918112167316"
"2642",contact,"contact, certain",N,"-9",certain,certain,,01.01.01,DAS01,,CAF2642,"6750.987680565673"
"2643",contact,"contact, certain",N,"-9",certain,certain,,01.01.01,DAS01,,CAF2643,"36060.73207052989"
"2644",contact,"contact, certain",N,"-9",certain,certain,,01.01.01,DAS01,,CAF2644,"2094.360523875913"
"2645",contact,"contact, certain",N,"-9",certain,certain,,01.01.01,DAS01,,CAF2645,"2336.640092241633"
"2646",contact,"contact, certain",N,"-9",certain,certain,,01.01.01,DAS01,,CAF2646,"334.8900852457822"
"2647",contact,"contact, certain",N,"-9",certain,certain,,01.01.01,DAS01,,CAF2647,"8377.559309212371"
"2648",contact,"contact, certain",N,"-9",certain,certain,,01.01.01,DAS01,,CAF2648,"1035.901262902942"
"2649",contact,"contact, certain",N,"-9",certain,certain,,01.01.01,DAS01,,CAF2649,"6817.903287755396"
"2650",contact,"contact, certain",N,"-9",certain,certain,,01.01.01,DAS01,,CAF2650,"3029.870965683977"
"2651",contact,"contact, certain",N,"-9",certain,certain,,01.01.01,DAS01,,CAF2651,"996.8817331273536"
"2652",contact,"contact, certain",N,"-9",certain,certain,,01.01.01,DAS01,,CAF2652,"586.933779231396"
"2653",contact,"contact, certain",N,"-9",certain,certain,,01.01.01,DAS01,,CAF2653,"891.9895929242729"
"2654",contact,"contact, certain",N,"-9",certain,certain,,01.01.01,DAS01,,CAF2654,"627.4050763435483"
"2655",contact,"contact, certain",N,"-9",certain,certain,,01.01.01,DAS01,,CAF2655,"968.1518874560315"
"2656",contact,"contact, certain",N,"-9",certain,certain,,01.01.01,DAS01,,CAF2656,"838.8325452386123"
"2657",contact,"contact, certain",N,"-9",certain,certain,,01.01.01,DAS01,,CAF2657,"1986.34798298095"
"2658",contact,"contact, certain",N,"-9",certain,certain,,01.01.01,DAS01,,CAF2658,"6486.293143110038"
"2659",contact,"contact, certain",N,"-9",certain,certain,,01.01.01,DAS01,,CAF2659,"323.0027004040815"
"2660",contact,"contact, certain",N,"-9",certain,certain,,01.01.01,DAS01,,CAF2660,"3156.097319072797"
"2661",contact,"contact, certain",N,"-9",certain,certain,,01.01.01,DAS01,,CAF2661,"30642.25165941569"
"2662",contact,"contact, certain",N,"-9",certain,certain,,01.01.01,DAS01,,CAF2662,"303.1740429627177"
"2663",contact,"contact, certain",N,"-9",certain,certain,,01.01.01,DAS01,,CAF2663,"1280.839720440671"
"2664",contact,"contact, certain",N,"-9",certain,certain,,01.01.01,DAS01,,CAF2664,"3318.691801820813"
"2665",contact,"contact, certain",N,"-9",certain,certain,,01.01.01,DAS01,,CAF2665,"433.5822891261894"
"2666",contact,"contact, certain",N,"-9",certain,certain,,01.01.01,DAS01,,CAF2666,"608.2492372508358"
"2667",contact,"contact, certain",N,"-9",certain,certain,,01.01.01,DAS01,,CAF2667,"2660.616598967757"
"2668",contact,"contact, certain",N,"-9",certain,certain,,01.01.01,DAS01,,CAF2668,"2877.014850525466"
"2669",contact,"contact, certain",N,"-9",certain,certain,,01.01.01,DAS01,,CAF2669,"2135.068362022274"
"2670",contact,"contact, certain",N,"-9",certain,certain,,01.01.01,DAS01,,CAF2670,"3306.521930553022"
"2671",contact,"contact, certain",N,"-9",certain,certain,,01.01.01,DAS01,,CAF2671,"14096.0339382593"
"2672",contact,"contact, certain",N,"-9",certain,certain,,01.01.01,DAS01,,CAF2672,"361.2838990253649"
"2673",contact,"contact, certain",N,"-9",certain,certain,,01.01.01,DAS01,,CAF2673,"5495.457543363621"
"2674",contact,"contact, certain",N,"-9",certain,certain,,01.01.01,DAS01,,CAF2674,"3851.457080537094"
"2675",contact,"contact, certain",N,"-9",certain,certain,,01.01.01,DAS01,,CAF2675,"711.7579126943418"
"2676",contact,"contact, certain",N,"-9",certain,certain,,01.01.01,DAS01,,CAF2676,"1341.983690360732"
"2677",contact,"contact, certain",N,"-9",certain,certain,,01.01.01,DAS01,,CAF2677,"3961.48785659039"
"2678",contact,"contact, certain",N,"-9",certain,certain,,01.01.01,DAS01,,CAF2678,"1576.148286356973"
"2679",contact,"contact, certain",N,"-9",certain,certain,,01.01.01,DAS01,,CAF2679,"8426.785410574625"
"2680",contact,"contact, certain",N,"-9",certain,certain,,01.01.01,DAS01,,CAF2680,"1630.379037134047"
"2681",contact,"contact, certain",N,"-9",certain,certain,,01.01.01,DAS01,,CAF2681,"13084.76312322175"
"2682",contact,"contact, certain",N,"-9",certain,certain,,01.01.01,DAS01,,CAF2682,"239.7111034119532"
"2683",contact,"contact, certain",N,"-9",certain,certain,,01.01.01,DAS01,,CAF2683,"3960.70706972779"
"2684",contact,"contact, certain",N,"-9",certain,certain,,01.01.01,DAS01,,CAF2684,"1775.151226200592"
"2685",contact,"contact, certain",N,"-9",certain,certain,,01.01.01,DAS01,,CAF2685,"4003.755154911299"
"2686",contact,"contact, certain",N,"-9",certain,certain,,01.01.01,DAS01,,CAF2686,"293.4196154290182"
"2687",contact,"contact, certain",N,"-9",certain,certain,,01.01.01,DAS01,,CAF2687,"1389.600148370409"
"2688",contact,"contact, certain",N,"-9",certain,certain,,01.01.01,DAS01,,CAF2688,"159.0171720253723"
"2689",contact,"contact, certain",N,"-9",certain,certain,,01.01.01,DAS01,,CAF2689,"3386.160852962172"
"2690",contact,"contact, certain",N,"-9",certain,certain,,01.01.01,DAS01,,CAF2690,"1161.919928039036"
"2691",contact,"contact, certain",N,"-9",certain,certain,,01.01.01,DAS01,,CAF2691,"5043.467305088421"
"2692",contact,"contact, certain",N,"-9",certain,certain,,01.01.01,DAS01,,CAF2692,"4685.007873603738"
"2693",contact,"contact, certain",N,"-9",certain,certain,,01.01.01,DAS01,,CAF2693,"1939.587499773783"
"2694",contact,"contact, certain",N,"-9",certain,certain,,01.01.01,DAS01,,CAF2694,"894.7764031266737"
"2695",contact,"contact, certain",N,"-9",certain,certain,,01.01.01,DAS01,,CAF2695,"1844.260226253902"
"2696",contact,"contact, certain",N,"-9",certain,certain,,01.01.01,DAS01,,CAF2696,"479.7980169447695"
"2697",contact,"contact, certain",N,"-9",certain,certain,,01.01.01,DAS01,,CAF2697,"1738.106869178869"
"2698",contact,"contact, certain",N,"-9",certain,certain,,01.01.01,DAS01,,CAF2698,"5780.273733840736"
"2699",contact,"contact, certain",N,"-9",certain,certain,,01.01.01,DAS01,,CAF2699,"484.2053738197354"
"2700",contact,"contact, certain",N,"-9",certain,certain,,01.01.01,DAS01,,CAF2700,"1169.378074592316"
"2701",contact,"contact, certain",N,"-9",certain,certain,,01.01.01,DAS01,,CAF2701,"1400.682130961956"
"2702",contact,"contact, certain",N,"-9",certain,certain,,01.01.01,DAS01,,CAF2702,"335.2937565154531"
"2703",contact,"contact, certain",N,"-9",certain,certain,,01.01.01,DAS01,,CAF2703,"1720.022654399936"
"2704",contact,"contact, certain",N,"-9",certain,certain,,01.01.01,DAS01,,CAF2704,"2713.824381174225"
"2705",contact,"contact, certain",N,"-9",certain,certain,,01.01.01,DAS01,,CAF2705,"2229.025105181142"
"2706",contact,"contact, certain",N,"-9",certain,certain,,01.01.01,DAS01,,CAF2706,"13228.13326338392"
"2707",contact,"contact, certain",N,"-9",certain,certain,,01.01.01,DAS01,,CAF2707,"5971.688212498151"
"2708",contact,"contact, certain",N,"-9",certain,certain,,01.01.01,DAS01,,CAF2708,"1198.361052064866"
"2709",contact,"contact, certain",N,"-9",certain,certain,,01.01.01,DAS01,,CAF2709,"1077.931135608756"
"2710",contact,"contact, certain",N,"-9",certain,certain,,01.01.01,DAS01,,CAF2710,"5345.392686091636"
"2711",contact,"contact, certain",N,"-9",certain,certain,,01.01.01,DAS01,,CAF2711,"4355.690252745087"
"2712",contact,"contact, certain",N,"-9",certain,certain,,01.01.01,DAS01,,CAF2712,"461.1942904246176"
"2713",contact,"contact, certain",N,"-9",certain,certain,,01.01.01,DAS01,,CAF2713,"236.7589429578171"
"2714",contact,"contact, certain",N,"-9",certain,certain,,01.01.01,DAS01,,CAF2714,"1980.556939305146"
"2715",contact,"contact, certain",N,"-9",certain,certain,,01.01.01,DAS01,,CAF2715,"399.5644582273368"
"2716",contact,"contact, certain",N,"-9",certain,certain,,01.01.01,DAS01,,CAF2716,"252.3649747498098"
"2717",contact,"contact, certain",N,"-9",certain,certain,,01.01.01,DAS01,,CAF2717,"1146.012940626078"
"2718",contact,"contact, certain",N,"-9",certain,certain,,01.01.01,DAS01,,CAF2718,"1438.353871945623"
"2719",contact,"contact, certain",N,"-9",certain,certain,,01.01.01,DAS01,,CAF2719,"6445.772322644533"
"2720",contact,"contact, certain",N,"-9",certain,certain,,01.01.01,DAS01,,CAF2720,"2839.46154952299"
"2721",contact,"contact, certain",N,"-9",certain,certain,,01.01.01,DAS01,,CAF2721,"3049.133351500406"
"2722",contact,"contact, certain",N,"-9",certain,certain,,01.01.01,DAS01,,CAF2722,"1276.778854211456"
"2723",contact,"contact, certain",N,"-9",certain,certain,,01.01.01,DAS01,,CAF2723,"752.9104801057802"
"2724",contact,"contact, certain",N,"-9",certain,certain,,01.01.01,DAS01,,CAF2724,"18683.79964428788"
"2725",contact,"contact, certain",N,"-9",certain,certain,,01.01.01,DAS01,,CAF2725,"366.1006552027357"
"2726",contact,"contact, certain",N,"-9",certain,certain,,01.01.01,DAS01,,CAF2726,"1349.116083123694"
"2727",contact,"contact, certain",N,"-9",certain,certain,,01.01.01,DAS01,,CAF2727,"346.0666740358208"
"2728",contact,"contact, certain",N,"-9",certain,certain,,01.01.01,DAS01,,CAF2728,"785.2353921553636"
"2729",contact,"contact, certain",N,"-9",certain,certain,,01.01.01,DAS01,,CAF2729,"308.9809448467875"
"2730",contact,"contact, certain",N,"-9",certain,certain,,01.01.01,DAS01,,CAF2730,"8728.990254074153"
"2731",contact,"contact, certain",N,"-9",certain,certain,,01.01.01,DAS01,,CAF2731,"1056.373832323661"
"2732",contact,"contact, certain",N,"-9",certain,certain,,01.01.01,DAS01,,CAF2732,"2797.218436392901"
"2733",contact,"contact, certain",N,"-9",certain,certain,,01.01.01,DAS01,,CAF2733,"2838.782773962368"
"2734",contact,"contact, certain",N,"-9",certain,certain,,01.01.01,DAS01,,CAF2734,"1117.183501138737"
"2735",contact,"contact, certain",N,"-9",certain,certain,,01.01.01,DAS01,,CAF2735,"659.1839716872782"
"2736",contact,"contact, certain",N,"-9",certain,certain,,01.01.01,DAS01,,CAF2736,"1335.41493056309"
"2737",contact,"contact, certain",N,"-9",certain,certain,,01.01.01,DAS01,,CAF2737,"265.6614895749426"
"2738",contact,"contact, certain",N,"-9",certain,certain,,01.01.01,DAS01,,CAF2738,"254.3750564991599"
"2739",contact,"contact, certain",N,"-9",certain,certain,,01.01.01,DAS01,,CAF2739,"22039.31574820141"
"2740",contact,"contact, certain",N,"-9",certain,certain,,01.01.01,DAS01,,CAF2740,"517.4497642748413"
"2741",contact,"contact, certain",N,"-9",certain,certain,,01.01.01,DAS01,,CAF2741,"523.5960092081584"
"2742",contact,"contact, certain",N,"-9",certain,certain,,01.01.01,DAS01,,CAF2742,"1029.835051972515"
"2743",contact,"contact, certain",N,"-9",certain,certain,,01.01.01,DAS01,,CAF2743,"2876.344613093929"
"2744",contact,"contact, certain",N,"-9",certain,certain,,01.01.01,DAS01,,CAF2744,"1404.200310247885"
"2745",contact,"contact, certain",N,"-9",certain,certain,,01.01.01,DAS01,,CAF2745,"3986.440906623785"
"2746",contact,"contact, certain",N,"-9",certain,certain,,01.01.01,DAS01,,CAF2746,"642.663752466995"
"2747",contact,"contact, certain",N,"-9",certain,certain,,01.01.01,DAS01,,CAF2747,"390.4876871906841"
"2748",contact,"contact, certain",N,"-9",certain,certain,,01.01.01,DAS01,,CAF2748,"1399.978267233135"
"2749",contact,"contact, certain",N,"-9",certain,certain,,01.01.01,DAS01,,CAF2749,"8911.731603775343"
"2750",contact,"contact, certain",N,"-9",certain,certain,,01.01.01,DAS01,,CAF2750,"1260.385516965703"
"2751",contact,"contact, certain",N,"-9",certain,certain,,01.01.01,DAS01,,CAF2751,"4824.277695542998"
"2752",contact,"contact, certain",N,"-9",certain,certain,,01.01.01,DAS01,,CAF2752,"10890.38656716012"
"2753",contact,"contact, certain",N,"-9",certain,certain,,01.01.01,DAS01,,CAF2753,"4746.228072237556"
"2754",contact,"contact, certain",N,"-9",certain,certain,,01.01.01,DAS01,,CAF2754,"4170.080235996241"
"2755",contact,"contact, certain",N,"-9",certain,certain,,01.01.01,DAS01,,CAF2755,"5461.685594398967"
"2756",contact,"contact, certain",N,"-9",certain,certain,,01.01.01,DAS01,,CAF2756,"5130.041820545684"
"2757",contact,"contact, certain",N,"-9",certain,certain,,01.01.01,DAS01,,CAF2757,"4397.473328219774"
"2758",contact,"contact, certain",N,"-9",certain,certain,,01.01.01,DAS01,,CAF2758,"1048.374376896713"
"2759",contact,"contact, certain",N,"-9",certain,certain,,01.01.01,DAS01,,CAF2759,"1361.124178663755"
"2760",contact,"contact, certain",N,"-9",certain,certain,,01.01.01,DAS01,,CAF2760,"624.1655321153279"
"2761",contact,"contact, certain",N,"-9",certain,certain,,01.01.01,DAS01,,CAF2761,"2207.372382198783"
"2762",contact,"contact, certain",N,"-9",certain,certain,,01.01.01,DAS01,,CAF2762,"1164.824235930081"
"2763",contact,"contact, certain",N,"-9",certain,certain,,01.01.01,DAS01,,CAF2763,"8481.294454695641"
"2764",contact,"contact, certain",N,"-9",certain,certain,,01.01.01,DAS01,,CAF2764,"10122.00950883057"
"2765",contact,"contact, certain",N,"-9",certain,certain,,01.01.01,DAS01,,CAF2765,"2845.858184690191"
"2766",contact,"contact, certain",N,"-9",certain,certain,,01.01.01,DAS01,,CAF2766,"2042.613876552328"
"2767",contact,"contact, certain",N,"-9",certain,certain,,01.01.01,DAS01,,CAF2767,"1332.763578333513"
"2768",contact,"contact, certain",N,"-9",certain,certain,,01.01.01,DAS01,,CAF2768,"12711.2630053243"
"2769",contact,"contact, certain",N,"-9",certain,certain,,01.01.01,DAS01,,CAF2769,"346.3087752647053"
"2770",contact,"contact, certain",N,"-9",certain,certain,,01.01.01,DAS01,,CAF2770,"3507.922039670664"
"2771",contact,"contact, certain",N,"-9",certain,certain,,01.01.01,DAS01,,CAF2771,"2084.986776077883"
"2772",contact,"contact, certain",N,"-9",certain,certain,,01.01.01,DAS01,,CAF2772,"1360.695280570675"
"2773",contact,"contact, certain",N,"-9",certain,certain,,01.01.01,DAS01,,CAF2773,"4610.653757814876"
"2774",contact,"contact, certain",N,"-9",certain,certain,,01.01.01,DAS01,,CAF2774,"371.6478321007506"
"2775",contact,"contact, certain",N,"-9",certain,certain,,01.01.01,DAS01,,CAF2775,"979.6188582157564"
"2776",contact,"contact, certain",N,"-9",certain,certain,,01.01.01,DAS01,,CAF2776,"3697.745056382388"
"2777",contact,"contact, certain",N,"-9",certain,certain,,01.01.01,DAS01,,CAF2777,"2965.395930408899"
"2778",contact,"contact, certain",N,"-9",certain,certain,,01.01.01,DAS01,,CAF2778,"6675.301339561789"
"2779",contact,"contact, certain",N,"-9",certain,certain,,01.01.01,DAS01,,CAF2779,"1023.270682829275"
"2780",contact,"contact, certain",N,"-9",certain,certain,,01.01.01,DAS01,,CAF2780,"13102.50557062471"
"2781",contact,"contact, certain",N,"-9",certain,certain,,01.01.01,DAS01,,CAF2781,"3563.667190725743"
"2782",contact,"contact, certain",N,"-9",certain,certain,,01.01.01,DAS01,,CAF2782,"293.9233867885551"
"2783",contact,"contact, certain",N,"-9",certain,certain,,01.01.01,DAS01,,CAF2783,"1550.736940231814"
"2784",contact,"contact, certain",N,"-9",certain,certain,,01.01.01,DAS01,,CAF2784,"3257.391604927941"
"2785",contact,"contact, certain",N,"-9",certain,certain,,01.01.01,DAS01,,CAF2785,"1200.13162333143"
"2786",contact,"contact, certain",N,"-9",certain,certain,,01.01.01,DAS01,,CAF2786,"2864.22759284053"
"2787",contact,"contact, certain",N,"-9",certain,certain,,01.01.01,DAS01,,CAF2787,"4495.90977128436"
"2788",contact,"contact, certain",N,"-9",certain,certain,,01.01.01,DAS01,,CAF2788,"1307.785653389867"
"2789",contact,"contact, certain",N,"-9",certain,certain,,01.01.01,DAS01,,CAF2789,"504.1480718059061"
"2790",contact,"contact, certain",N,"-9",certain,certain,,01.01.01,DAS01,,CAF2790,"864.7864361631192"
"2791",contact,"contact, certain",N,"-9",certain,certain,,01.01.01,DAS01,scratch boundary,CAF2791,"311.4381949625872"
"2792",contact,"contact, certain",N,"-9",certain,certain,,01.01.01,DAS01,,CAF2792,"841.6058004418924"
"2793",contact,"contact, certain",N,"-9",certain,certain,,01.01.01,DAS01,,CAF2793,"14937.41016028647"
"2794",contact,"contact, certain",N,"-9",certain,certain,,01.01.01,DAS01,,CAF2794,"535.9840196336418"
"2795",contact,"contact, certain",N,"-9",certain,certain,,01.01.01,DAS01,,CAF2795,"925.1654745468156"
"2796",contact,"contact, certain",N,"-9",certain,certain,,01.01.01,DAS01,,CAF2796,"647.5762529971746"
"2797",contact,"contact, certain",N,"-9",certain,certain,,01.01.01,DAS01,,CAF2797,"2787.035115170719"
"2798",contact,"contact, certain",N,"-9",certain,certain,,01.01.01,DAS01,,CAF2798,"10413.08743684339"
"2799",contact,"contact, certain",N,"-9",certain,certain,,01.01.01,DAS01,,CAF2799,"3558.050110346479"
"2800",contact,"contact, certain",N,"-9",certain,certain,,01.01.01,DAS01,,CAF2800,"353.9353614268551"
"2801",contact,"contact, certain",N,"-9",certain,certain,,01.01.01,DAS01,,CAF2801,"13459.67790599035"
"2802",contact,"contact, certain",N,"-9",certain,certain,,01.01.01,DAS01,,CAF2802,"880.6248375651163"
"2803",contact,"contact, certain",N,"-9",certain,certain,,01.01.01,DAS01,,CAF2803,"986.3963738734669"
"2804",contact,"contact, certain",N,"-9",certain,certain,,01.01.01,DAS01,,CAF2804,"243.6544948841513"
"2805",contact,"contact, certain",N,"-9",certain,certain,,01.01.01,DAS01,,CAF2805,"236.4654311169851"
"2806",contact,"contact, certain",N,"-9",certain,certain,,01.01.01,DAS01,,CAF2806,"1634.270621328554"
"2807",contact,"contact, certain",N,"-9",certain,certain,,01.01.01,DAS01,,CAF2807,"772.9594669822385"
"2808",contact,"contact, certain",N,"-9",certain,certain,,01.01.01,DAS01,,CAF2808,"1320.588949135526"
"2809",contact,"contact, certain",N,"-9",certain,certain,,01.01.01,DAS01,,CAF2809,"640.4592757296209"
"2810",contact,"contact, certain",N,"-9",certain,certain,,01.01.01,DAS01,,CAF2810,"782.6212961924037"
"2811",contact,"contact, certain",N,"-9",certain,certain,,01.01.01,DAS01,,CAF2811,"6583.077635347364"
"2812",contact,"contact, certain",N,"-9",certain,certain,,01.01.01,DAS01,,CAF2812,"845.9348669502979"
"2813",contact,"contact, certain",N,"-9",certain,certain,,01.01.01,DAS01,,CAF2813,"16868.86260329392"
"2814",contact,"contact, certain",N,"-9",certain,certain,,01.01.01,DAS01,,CAF2814,"2435.851995591485"
"2815",contact,"contact, certain",N,"-9",certain,certain,,01.01.01,DAS01,,CAF2815,"4943.96385162058"
"2816",contact,"contact, certain",N,"-9",certain,certain,,01.01.01,DAS01,,CAF2816,"985.4007476595261"
"2817",contact,"contact, certain",N,"-9",certain,certain,,01.01.01,DAS01,,CAF2817,"1819.193129731986"
"2818",contact,"contact, certain",N,"-9",certain,certain,,01.01.01,DAS01,,CAF2818,"2599.420104045135"
"2819",contact,"contact, certain",N,"-9",certain,certain,,01.01.01,DAS01,,CAF2819,"656.0695624359425"
"2820",contact,"contact, certain",N,"-9",certain,certain,,01.01.01,DAS01,,CAF2820,"273.4781364545757"
"2821",contact,"contact, certain",N,"-9",certain,certain,,01.01.01,DAS01,,CAF2821,"1266.320970567467"
"2822",contact,"contact, certain",N,"-9",certain,certain,,01.01.01,DAS01,,CAF2822,"602.8167378696222"
"2823",contact,"contact, certain",N,"-9",certain,certain,,01.01.01,DAS01,,CAF2823,"4408.657836301521"
"2824",contact,"contact, certain",N,"-9",certain,certain,,01.01.01,DAS01,,CAF2824,"528.5895349644078"
"2825",contact,"contact, certain",N,"-9",certain,certain,,01.01.01,DAS01,,CAF2825,"1846.525116063277"
"2826",contact,"contact, certain",N,"-9",certain,certain,,01.01.01,DAS01,,CAF2826,"1233.199099015148"
"2827",contact,"contact, certain",N,"-9",certain,certain,,01.01.01,DAS01,,CAF2827,"1869.754195763702"
"2828",contact,"contact, certain",N,"-9",certain,certain,,01.01.01,DAS01,,CAF2828,"929.7470680680461"
"2829",contact,"contact, certain",N,"-9",certain,certain,,01.01.01,DAS01,,CAF2829,"21169.20584766491"
"2830",contact,"contact, certain",N,"-9",certain,certain,,01.01.01,DAS01,,CAF2830,"1737.189972821494"
"2831",contact,"contact, certain",N,"-9",certain,certain,,01.01.01,DAS01,,CAF2831,"8349.962874711164"
"2832",contact,"contact, certain",N,"-9",certain,certain,,01.01.01,DAS01,,CAF2832,"2876.290784528699"
"2833",contact,"contact, certain",N,"-9",certain,certain,,01.01.01,DAS01,,CAF2833,"1737.655267557538"
"2834",contact,"contact, certain",N,"-9",certain,certain,,01.01.01,DAS01,,CAF2834,"413.2899032450414"
"2835",contact,"contact, certain",N,"-9",certain,certain,,01.01.01,DAS01,,CAF2835,"18720.86515884851"
"2836",contact,"contact, certain",N,"-9",certain,certain,,01.01.01,DAS01,,CAF2836,"27628.93390012591"
"2837",contact,"contact, certain",N,"-9",certain,certain,,01.01.01,DAS01,,CAF2837,"1110.767198490407"
"2838",contact,"contact, certain",N,"-9",certain,certain,,01.01.01,DAS01,,CAF2838,"379.9372354064643"
"2839",contact,"contact, certain",N,"-9",certain,certain,,01.01.01,DAS01,,CAF2839,"1541.355741231923"
"2840",contact,"contact, certain",N,"-9",certain,certain,,01.01.01,DAS01,,CAF2840,"4983.741314580452"
"2841",contact,"contact, certain",N,"-9",certain,certain,,01.01.01,DAS01,,CAF2841,"1358.789946460692"
"2842",contact,"contact, certain",N,"-9",certain,certain,,01.01.01,DAS01,,CAF2842,"695.0351585441358"
"2843",contact,"contact, certain",N,"-9",certain,certain,,01.01.01,DAS01,,CAF2843,"550.9294440270062"
"2844",contact,"contact, certain",N,"-9",certain,certain,,01.01.01,DAS01,,CAF2844,"914.3409486401534"
"2845",contact,"contact, certain",N,"-9",certain,certain,,01.01.01,DAS01,,CAF2845,"1468.489357796557"
"2846",contact,"contact, certain",N,"-9",certain,certain,,01.01.01,DAS01,,CAF2846,"4421.479994251894"
"2847",contact,"contact, certain",N,"-9",certain,certain,,01.01.01,DAS01,,CAF2847,"1058.321459736814"
"2848",contact,"contact, certain",N,"-9",certain,certain,,01.01.01,DAS01,,CAF2848,"2837.884430089426"
"2849",contact,"contact, certain",N,"-9",certain,certain,,01.01.01,DAS01,,CAF2849,"3246.35738473359"
"2850",contact,"contact, certain",N,"-9",certain,certain,,01.01.01,DAS01,,CAF2850,"1498.452749500711"
"2851",contact,"contact, certain",N,"-9",certain,certain,,01.01.01,DAS01,,CAF2851,"2156.236108991161"
"2852",contact,"contact, certain",N,"-9",certain,certain,,01.01.01,DAS01,,CAF2852,"12950.8413694714"
"2853",contact,"contact, certain",N,"-9",certain,certain,,01.01.01,DAS01,,CAF2853,"4849.286772765243"
"2854",contact,"contact, certain",N,"-9",certain,certain,,01.01.01,DAS01,,CAF2854,"607.9661724053204"
"2855",contact,"contact, certain",N,"-9",certain,certain,,01.01.01,DAS01,,CAF2855,"12917.52449771523"
"2856",contact,"contact, certain",N,"-9",certain,certain,,01.01.01,DAS01,,CAF2856,"926.2542892214963"
"2857",contact,"contact, certain",N,"-9",certain,certain,,01.01.01,DAS01,,CAF2857,"372.7514225568464"
"2858",contact,"contact, certain",N,"-9",certain,certain,,01.01.01,DAS01,,CAF2858,"1773.989664345052"
"2859",contact,"contact, certain",N,"-9",certain,certain,,01.01.01,DAS01,,CAF2859,"3558.81827940349"
"2860",contact,"contact, certain",N,"-9",certain,certain,,01.01.01,DAS01,,CAF2860,"14154.38475868502"
"2861",contact,"contact, certain",N,"-9",certain,certain,,01.01.01,DAS01,,CAF2861,"905.3385086480209"
"2862",contact,"contact, certain",N,"-9",certain,certain,,01.01.01,DAS01,,CAF2862,"1268.063324952192"
"2863",contact,"contact, certain",N,"-9",certain,certain,,01.01.01,DAS01,,CAF2863,"1555.881901394702"
"2864",contact,"contact, certain",N,"-9",certain,certain,,01.01.01,DAS01,,CAF2864,"7389.80044613413"
"2865",contact,"contact, certain",N,"-9",certain,certain,,01.01.01,DAS01,,CAF2865,"3659.723549231834"
"2866",contact,"contact, certain",N,"-9",certain,certain,,01.01.01,DAS01,,CAF2866,"623.2579365635447"
"2867",contact,"contact, certain",N,"-9",certain,certain,,01.01.01,DAS01,,CAF2867,"7071.658488043101"
"2868",contact,"contact, certain",N,"-9",certain,certain,,01.01.01,DAS01,,CAF2868,"528.9266071207664"
"2869",contact,"contact, certain",N,"-9",certain,certain,,01.01.01,DAS01,,CAF2869,"298.8362086824113"
"2870",contact,"contact, certain",N,"-9",certain,certain,,01.01.01,DAS01,,CAF2870,"698.9617256729305"
"2871",contact,"contact, certain",N,"-9",certain,certain,,01.01.01,DAS01,,CAF2871,"1656.192705909954"
"2872",contact,"contact, certain",N,"-9",certain,certain,,01.01.01,DAS01,,CAF2872,"2079.841189083721"
"2873",contact,"contact, certain",N,"-9",certain,certain,,01.01.01,DAS01,,CAF2873,"397.7069553263294"
"2874",contact,"contact, certain",N,"-9",certain,certain,,01.01.01,DAS01,,CAF2874,"1629.692797064752"
"2875",contact,"contact, certain",N,"-9",certain,certain,,01.01.01,DAS01,,CAF2875,"1405.857431107552"
"2876",contact,"contact, certain",N,"-9",certain,certain,,01.01.01,DAS01,,CAF2876,"593.9534443693728"
"2877",contact,"contact, certain",N,"-9",certain,certain,,01.01.01,DAS01,,CAF2877,"16575.76728879369"
"2878",contact,"contact, certain",N,"-9",certain,certain,,01.01.01,DAS01,,CAF2878,"7524.924562873439"
"2879",contact,"contact, certain",N,"-9",certain,certain,,01.01.01,DAS01,,CAF2879,"15995.70045610859"
"2880",contact,"contact, certain",N,"-9",certain,certain,,01.01.01,DAS01,,CAF2880,"324.6005303550479"
"2881",contact,"contact, certain",N,"-9",certain,certain,,01.01.01,DAS01,,CAF2881,"7299.196206604469"
"2882",contact,"contact, certain",N,"-9",certain,certain,,01.01.01,DAS01,,CAF2882,"1344.3293194466"
"2883",contact,"contact, certain",N,"-9",certain,certain,,01.01.01,DAS01,,CAF2883,"1122.648345179392"
"2884",contact,"contact, certain",N,"-9",certain,certain,,01.01.01,DAS01,,CAF2884,"915.6973458722457"
"2885",contact,"contact, certain",N,"-9",certain,certain,,01.01.01,DAS01,,CAF2885,"1073.586752658426"
"2886",contact,"contact, certain",N,"-9",certain,certain,,01.01.01,DAS01,,CAF2886,"16737.63745116307"
"2887",contact,"contact, certain",N,"-9",certain,certain,,01.01.01,DAS01,,CAF2887,"529.9069684845406"
"2888",contact,"contact, certain",N,"-9",certain,certain,,01.01.01,DAS01,,CAF2888,"1427.443631830874"
"2889",contact,"contact, certain",N,"-9",certain,certain,,01.01.01,DAS01,,CAF2889,"1395.395780703528"
"2890",contact,"contact, certain",N,"-9",certain,certain,,01.01.01,DAS01,,CAF2890,"4987.187942186119"
"2891",contact,"contact, certain",N,"-9",certain,certain,,01.01.01,DAS01,,CAF2891,"185.9717336298617"
"2892",contact,"contact, certain",N,"-9",certain,certain,,01.01.01,DAS01,,CAF2892,"2106.697322640079"
"2893",contact,"contact, certain",N,"-9",certain,certain,,01.01.01,DAS01,,CAF2893,"2760.2966970876"
"2894",contact,"contact, certain",N,"-9",certain,certain,,01.01.01,DAS01,,CAF2894,"234.5803254965633"
"2895",contact,"contact, certain",N,"-9",certain,certain,,01.01.01,DAS01,,CAF2895,"1644.444954544666"
"2896",contact,"contact, certain",N,"-9",certain,certain,,01.01.01,DAS01,,CAF2896,"1935.284734015331"
"2897",contact,"contact, certain",N,"-9",certain,certain,,01.01.01,DAS01,,CAF2897,"3835.609000164083"
"2898",contact,"contact, certain",N,"-9",certain,certain,,01.01.01,DAS01,,CAF2898,"4313.451150754833"
"2899",contact,"contact, certain",N,"-9",certain,certain,,01.01.01,DAS01,,CAF2899,"1361.705047389517"
"2900",contact,"contact, certain",N,"-9",certain,certain,,01.01.01,DAS01,,CAF2900,"452.5334115308176"
"2901",contact,"contact, certain",N,"-9",certain,certain,,01.01.01,DAS01,,CAF2901,"18261.86225090453"
"2902",contact,"contact, certain",N,"-9",certain,certain,,01.01.01,DAS01,,CAF2902,"1147.561466076867"
"2903",contact,"contact, certain",N,"-9",certain,certain,,01.01.01,DAS01,,CAF2903,"11631.38755143934"
"2904",contact,"contact, certain",N,"-9",certain,certain,,01.01.01,DAS01,,CAF2904,"352.6434839149203"
"2905",contact,"contact, certain",N,"-9",certain,certain,,01.01.01,DAS01,,CAF2905,"2015.511541641782"
"2906",contact,"contact, certain",N,"-9",certain,certain,,01.01.01,DAS01,,CAF2906,"3052.05136053146"
"2907",contact,"contact, certain",N,"-9",certain,certain,,01.01.01,DAS01,,CAF2907,"6492.781217858505"
"2908",contact,"contact, certain",N,"-9",certain,certain,,01.01.01,DAS01,,CAF2908,"7262.076824862343"
"2909",contact,"contact, certain",N,"-9",certain,certain,,01.01.01,DAS01,,CAF2909,"3572.186736427223"
"2910",contact,"contact, certain",N,"-9",certain,certain,,01.01.01,DAS01,,CAF2910,"2064.275421028972"
"2911",contact,"contact, certain",N,"-9",certain,certain,,01.01.01,DAS01,,CAF2911,"1260.206055608235"
"2912",contact,"contact, certain",N,"-9",certain,certain,,01.01.01,DAS01,,CAF2912,"1849.445264152051"
"2913",contact,"contact, certain",N,"-9",certain,certain,,01.01.01,DAS01,,CAF2913,"683.6427345988378"
"2914",contact,"contact, certain",N,"-9",certain,certain,,01.01.01,DAS01,,CAF2914,"1494.431780641587"
"2915",contact,"contact, certain",N,"-9",certain,certain,,01.01.01,DAS01,,CAF2915,"1275.212629521712"
"2916",contact,"contact, certain",N,"-9",certain,certain,,01.01.01,DAS01,,CAF2916,"1465.125373382256"
"2917",contact,"contact, certain",N,"-9",certain,certain,,01.01.01,DAS01,,CAF2917,"1824.727255474018"
"2918",contact,"contact, certain",N,"-9",certain,certain,,01.01.01,DAS01,,CAF2918,"452.9290105654254"
"2919",contact,"contact, certain",N,"-9",certain,certain,,01.01.01,DAS01,,CAF2919,"2849.973697306543"
"2920",contact,"contact, certain",N,"-9",certain,certain,,01.01.01,DAS01,,CAF2920,"1836.497524080334"
"2921",contact,"contact, certain",N,"-9",certain,certain,,01.01.01,DAS01,,CAF2921,"1266.093297207205"
"2922",contact,"contact, certain",N,"-9",certain,certain,,01.01.01,DAS01,,CAF2922,"601.3429902259527"
"2923",contact,"contact, certain",N,"-9",certain,certain,,01.01.01,DAS01,,CAF2923,"3543.163391728349"
"2924",contact,"contact, certain",N,"-9",certain,certain,,01.01.01,DAS01,,CAF2924,"4602.712654270742"
"2925",contact,"contact, certain",N,"-9",certain,certain,,01.01.01,DAS01,,CAF2925,"2191.276599113802"
"2926",contact,"contact, certain",N,"-9",certain,certain,,01.01.01,DAS01,,CAF2926,"1180.41627932551"
"2927",contact,"contact, certain",N,"-9",certain,certain,,01.01.01,DAS01,,CAF2927,"1890.396740967705"
"2928",contact,"contact, certain",N,"-9",certain,certain,,01.01.01,DAS01,,CAF2928,"1437.417345541713"
"2929",contact,"contact, certain",N,"-9",certain,certain,,01.01.01,DAS01,,CAF2929,"4938.936419274341"
"2930",contact,"contact, certain",N,"-9",certain,certain,,01.01.01,DAS01,,CAF2930,"2810.701942158883"
"2931",contact,"contact, certain",N,"-9",certain,certain,,01.01.01,DAS01,,CAF2931,"646.8505594074524"
"2932",contact,"contact, certain",N,"-9",certain,certain,,01.01.01,DAS01,,CAF2932,"309.1568156715919"
"2933",contact,"contact, certain",N,"-9",certain,certain,,01.01.01,DAS01,,CAF2933,"1600.030420130333"
"2934",contact,"contact, certain",N,"-9",certain,certain,,01.01.01,DAS01,,CAF2934,"1881.214204027659"
"2935",contact,"contact, certain",N,"-9",certain,certain,,01.01.01,DAS01,,CAF2935,"28088.03003336032"
"2936",contact,"contact, certain",N,"-9",certain,certain,,01.01.01,DAS01,,CAF2936,"2722.337490436089"
"2937",contact,"contact, certain",N,"-9",certain,certain,,01.01.01,DAS01,,CAF2937,"269.2006798242358"
"2938",contact,"contact, certain",N,"-9",certain,certain,,01.01.01,DAS01,,CAF2938,"405.7036474967476"
"2939",contact,"contact, certain",N,"-9",certain,certain,,01.01.01,DAS01,,CAF2939,"1037.222170669356"
"2940",contact,"contact, certain",N,"-9",certain,certain,,01.01.01,DAS01,,CAF2940,"4973.848455149889"
"2941",contact,"contact, certain",N,"-9",certain,certain,,01.01.01,DAS01,,CAF2941,"1012.80088239665"
"2942",contact,"contact, certain",N,"-9",certain,certain,,01.01.01,DAS01,,CAF2942,"809.2250514906143"
"2943",contact,"contact, certain",N,"-9",certain,certain,,01.01.01,DAS01,,CAF2943,"2164.897051325888"
"2944",contact,"contact, certain",N,"-9",certain,certain,,01.01.01,DAS01,,CAF2944,"2320.610235185221"
"2945",contact,"contact, certain",N,"-9",certain,certain,,01.01.01,DAS01,,CAF2945,"4538.823707721473"
"2946",contact,"contact, certain",N,"-9",certain,certain,,01.01.01,DAS01,,CAF2946,"4621.099642385892"
"2947",contact,"contact, certain",N,"-9",certain,certain,,01.01.01,DAS01,,CAF2947,"5930.7998076028"
"2948",contact,"contact, certain",N,"-9",certain,certain,,01.01.01,DAS01,,CAF2948,"12005.34913785622"
"2949",contact,"contact, certain",N,"-9",certain,certain,,01.01.01,DAS01,,CAF2949,"2250.707559702643"
"2950",contact,"contact, certain",N,"-9",certain,certain,,01.01.01,DAS01,,CAF2950,"1753.236643336104"
"2951",contact,"contact, certain",N,"-9",certain,certain,,01.01.01,DAS01,,CAF2951,"2113.308324202078"
"2952",contact,"contact, certain",N,"-9",certain,certain,,01.01.01,DAS01,,CAF2952,"2780.483047503452"
"2953",contact,"contact, certain",N,"-9",certain,certain,,01.01.01,DAS01,,CAF2953,"1305.886564978106"
"2954",contact,"contact, certain",N,"-9",certain,certain,,01.01.01,DAS01,,CAF2954,"1224.272405371097"
"2955",contact,"contact, certain",N,"-9",certain,certain,,01.01.01,DAS01,,CAF2955,"1732.36423160742"
"2956",contact,"contact, certain",N,"-9",certain,certain,,01.01.01,DAS01,,CAF2956,"2022.109017213581"
"2957",contact,"contact, certain",N,"-9",certain,certain,,01.01.01,DAS01,,CAF2957,"1965.333457389947"
"2958",contact,"contact, certain",N,"-9",certain,certain,,01.01.01,DAS01,,CAF2958,"1027.856977298204"
"2959",contact,"contact, certain",N,"-9",certain,certain,,01.01.01,DAS01,,CAF2959,"1343.427178062711"
"2960",contact,"contact, certain",N,"-9",certain,certain,,01.01.01,DAS01,,CAF2960,"561.2088846150393"
"2961",contact,"contact, certain",N,"-9",certain,certain,,01.01.01,DAS01,,CAF2961,"2747.25865083792"
"2962",contact,"contact, certain",N,"-9",certain,certain,,01.01.01,DAS01,,CAF2962,"2434.537372715195"
"2963",contact,"contact, certain",N,"-9",certain,certain,,01.01.01,DAS01,,CAF2963,"3032.080970661649"
"2964",contact,"contact, certain",N,"-9",certain,certain,,01.01.01,DAS01,,CAF2964,"2627.535775005545"
"2965",contact,"contact, certain",N,"-9",certain,certain,,01.01.01,DAS01,,CAF2965,"193.0693922786174"
"2966",contact,"contact, certain",N,"-9",certain,certain,,01.01.01,DAS01,,CAF2966,"4747.750185308098"
"2967",contact,"contact, certain",N,"-9",certain,certain,,01.01.01,DAS01,,CAF2967,"864.4596211828615"
"2968",contact,"contact, certain",N,"-9",certain,certain,,01.01.01,DAS01,,CAF2968,"2668.434205835989"
"2969",contact,"contact, certain",N,"-9",certain,certain,,01.01.01,DAS01,,CAF2969,"1387.022477678245"
"2970",contact,"contact, certain",N,"-9",certain,certain,,01.01.01,DAS01,,CAF2970,"2597.826091460768"
"2971",contact,"contact, certain",N,"-9",certain,certain,,01.01.01,DAS01,,CAF2971,"152.328635434976"
"2972",contact,"contact, certain",N,"-9",certain,certain,,01.01.01,DAS01,,CAF2972,"1303.649783831743"
"2973",contact,"contact, certain",N,"-9",certain,certain,,01.01.01,DAS01,,CAF2973,"2375.302361087714"
"2974",contact,"contact, certain",N,"-9",certain,certain,,01.01.01,DAS01,,CAF2974,"2078.182512444888"
"2975",contact,"contact, certain",N,"-9",certain,certain,,01.01.01,DAS01,,CAF2975,"2487.063215902076"
"2976",contact,"contact, certain",N,"-9",certain,certain,,01.01.01,DAS01,,CAF2976,"1021.902248437655"
"2977",contact,"contact, certain",N,"-9",certain,certain,,01.01.01,DAS01,,CAF2977,"3758.824444146751"
"2978",contact,"contact, certain",N,"-9",certain,certain,,01.01.01,DAS01,,CAF2978,"533.7450268762474"
"2979",contact,"contact, certain",N,"-9",certain,certain,,01.01.01,DAS01,,CAF2979,"8393.909821052122"
"2980",contact,"contact, certain",N,"-9",certain,certain,,01.01.01,DAS01,,CAF2980,"379.216631822474"
"2981",contact,"contact, certain",N,"-9",certain,certain,,01.01.01,DAS01,,CAF2981,"11230.2332928899"
"2982",contact,"contact, certain",N,"-9",certain,certain,,01.01.01,DAS01,,CAF2982,"4887.278165146224"
"2983",contact,"contact, certain",N,"-9",certain,certain,,01.01.01,DAS01,,CAF2983,"836.4806844130417"
"2984",contact,"contact, certain",N,"-9",certain,certain,,01.01.01,DAS01,,CAF2984,"288.490629540011"
"2985",contact,"contact, certain",N,"-9",certain,certain,,01.01.01,DAS01,,CAF2985,"625.4240804762484"
"2986",contact,"contact, certain",N,"-9",certain,certain,,01.01.01,DAS01,,CAF2986,"1618.153382451416"
"2987",contact,"contact, certain",N,"-9",certain,certain,,01.01.01,DAS01,,CAF2987,"2297.269587804544"
"2988",contact,"contact, certain",N,"-9",certain,certain,,01.01.01,DAS01,,CAF2988,"637.7500324699953"
"2989",contact,"contact, certain",N,"-9",certain,certain,,01.01.01,DAS01,,CAF2989,"3720.071355441843"
"2990",contact,"contact, certain",N,"-9",certain,certain,,01.01.01,DAS01,,CAF2990,"1840.726590740815"
"2991",contact,"contact, certain",N,"-9",certain,certain,,01.01.01,DAS01,,CAF2991,"2212.202615368052"
"2992",contact,"contact, certain",N,"-9",certain,certain,,01.01.01,DAS01,,CAF2992,"238.4674412463649"
"2993",contact,"contact, certain",N,"-9",certain,certain,,01.01.01,DAS01,,CAF2993,"4089.011685618999"
"2994",contact,"contact, certain",N,"-9",certain,certain,,01.01.01,DAS01,,CAF2994,"728.5919503875177"
"2995",contact,"contact, certain",N,"-9",certain,certain,,01.01.01,DAS01,,CAF2995,"9104.584217422984"
"2996",contact,"contact, certain",N,"-9",certain,certain,,01.01.01,DAS01,,CAF2996,"467.2923752616516"
"2997",contact,"contact, certain",N,"-9",certain,certain,,01.01.01,DAS01,,CAF2997,"6168.408013617387"
"2998",contact,"contact, certain",N,"-9",certain,certain,,01.01.01,DAS01,,CAF2998,"2207.042626053933"
"2999",contact,"contact, certain",N,"-9",certain,certain,,01.01.01,DAS01,,CAF2999,"2394.369608834484"
"3000",contact,"contact, certain",N,"-9",certain,certain,,01.01.01,DAS01,,CAF3000,"1583.776862095634"
"3001",contact,"contact, certain",N,"-9",certain,certain,,01.01.01,DAS01,,CAF3001,"571.3065978531479"
"3002",contact,"contact, certain",N,"-9",certain,certain,,01.01.01,DAS01,,CAF3002,"1590.393542657059"
"3003",contact,"contact, certain",N,"-9",certain,certain,,01.01.01,DAS01,,CAF3003,"1015.112281215287"
"3004",contact,"contact, certain",N,"-9",certain,certain,,01.01.01,DAS01,,CAF3004,"6154.666541825514"
"3005",contact,"contact, certain",N,"-9",certain,certain,,01.01.01,DAS01,,CAF3005,"796.0202996780274"
"3006",contact,"contact, certain",N,"-9",certain,certain,,01.01.01,DAS01,,CAF3006,"485.1682298698378"
"3007",contact,"contact, certain",N,"-9",certain,certain,,01.01.01,DAS01,,CAF3007,"2621.387848342502"
"3008",contact,"contact, certain",N,"-9",certain,certain,,01.01.01,DAS01,,CAF3008,"2004.330533730917"
"3009",contact,"contact, certain",N,"-9",certain,certain,,01.01.01,DAS01,,CAF3009,"577.9886878962591"
"3010",contact,"contact, certain",N,"-9",certain,certain,,01.01.01,DAS01,,CAF3010,"1570.675769903284"
"3011",contact,"contact, certain",N,"-9",certain,certain,,01.01.01,DAS01,,CAF3011,"869.1570070258176"
"3012",contact,"contact, certain",N,"-9",certain,certain,,01.01.01,DAS01,,CAF3012,"713.2605342407394"
"3013",contact,"contact, certain",N,"-9",certain,certain,,01.01.01,DAS01,,CAF3013,"797.6574635305631"
"3014",contact,"contact, certain",N,"-9",certain,certain,,01.01.01,DAS01,,CAF3014,"442.9426618857278"
"3015",contact,"contact, certain",N,"-9",certain,certain,,01.01.01,DAS01,,CAF3015,"253.7441016496462"
"3016",contact,"contact, certain",N,"-9",certain,certain,,01.01.01,DAS01,,CAF3016,"345.5032939708428"
"3017",contact,"contact, certain",N,"-9",certain,certain,,01.01.01,DAS01,,CAF3017,"1392.520546740672"
"3018",contact,"contact, certain",N,"-9",certain,certain,,01.01.01,DAS01,,CAF3018,"4343.661744474254"
"3019",contact,"contact, certain",N,"-9",certain,certain,,01.01.01,DAS01,,CAF3019,"2111.082769623978"
"3020",contact,"contact, certain",N,"-9",certain,certain,,01.01.01,DAS01,,CAF3020,"250.3199661097995"
"3021",contact,"contact, certain",N,"-9",certain,certain,,01.01.01,DAS01,,CAF3021,"7202.936498628677"
"3022",contact,"contact, certain",N,"-9",certain,certain,,01.01.01,DAS01,,CAF3022,"480.8340575017281"
"3023",contact,"contact, certain",N,"-9",certain,certain,,01.01.01,DAS01,,CAF3023,"1044.889061024849"
"3024",contact,"contact, certain",N,"-9",certain,certain,,01.01.01,DAS01,,CAF3024,"4956.581097873656"
"3025",contact,"contact, certain",N,"-9",certain,certain,,01.01.01,DAS01,,CAF3025,"898.4700037883897"
"3026",contact,"contact, certain",N,"-9",certain,certain,,01.01.01,DAS01,,CAF3026,"656.2223394474261"
"3027",contact,"contact, certain",N,"-9",certain,certain,,01.01.01,DAS01,,CAF3027,"1540.051446773038"
"3028",contact,"contact, certain",N,"-9",certain,certain,,01.01.01,DAS01,,CAF3028,"1286.409784562436"
"3029",contact,"contact, certain",N,"-9",certain,certain,,01.01.01,DAS01,,CAF3029,"1261.819569104789"
"3030",contact,"contact, certain",N,"-9",certain,certain,,01.01.01,DAS01,,CAF3030,"12811.93170732178"
"3031",contact,"contact, certain",N,"-9",certain,certain,,01.01.01,DAS01,,CAF3031,"170.6681159498083"
"3032",contact,"contact, certain",N,"-9",certain,certain,,01.01.01,DAS01,,CAF3032,"567.3487070817621"
"3033",contact,"contact, certain",N,"-9",certain,certain,,01.01.01,DAS01,,CAF3033,"1756.765187506876"
"3034",contact,"contact, certain",N,"-9",certain,certain,,01.01.01,DAS01,,CAF3034,"3536.263185458342"
"3035",contact,"contact, certain",N,"-9",certain,certain,,01.01.01,DAS01,,CAF3035,"16393.00201344025"
"3036",contact,"contact, certain",N,"-9",certain,certain,,01.01.01,DAS01,,CAF3036,"19387.15421483306"
"3037",contact,"contact, certain",N,"-9",certain,certain,,01.01.01,DAS01,,CAF3037,"215.4072104845793"
"3038",contact,"contact, certain",N,"-9",certain,certain,,01.01.01,DAS01,,CAF3038,"2566.924958043334"
"3039",contact,"contact, certain",N,"-9",certain,certain,,01.01.01,DAS01,,CAF3039,"14447.14849183038"
"3040",contact,"contact, certain",N,"-9",certain,certain,,01.01.01,DAS01,,CAF3040,"718.7143477460672"
"3041",contact,"contact, certain",N,"-9",certain,certain,,01.01.01,DAS01,,CAF3041,"3333.951653886832"
"3042",contact,"contact, certain",N,"-9",certain,certain,,01.01.01,DAS01,,CAF3042,"3019.191579666582"
"3043",contact,"contact, certain",N,"-9",certain,certain,,01.01.01,DAS01,,CAF3043,"246.0001336760612"
"3044",contact,"contact, certain",N,"-9",certain,certain,,01.01.01,DAS01,,CAF3044,"3719.367541371193"
"3045",contact,"contact, certain",N,"-9",certain,certain,,01.01.01,DAS01,,CAF3045,"435.8972029748708"
"3046",contact,"contact, certain",N,"-9",certain,certain,,01.01.01,DAS01,,CAF3046,"4905.266501049145"
"3047",contact,"contact, certain",N,"-9",certain,certain,,01.01.01,DAS01,,CAF3047,"4657.82258616284"
"3048",contact,"contact, certain",N,"-9",certain,certain,,01.01.01,DAS01,,CAF3048,"4517.355569830436"
"3049",contact,"contact, certain",N,"-9",certain,certain,,01.01.01,DAS01,,CAF3049,"180.4210310747945"
"3050",contact,"contact, certain",N,"-9",certain,certain,,01.01.01,DAS01,,CAF3050,"3746.003117988053"
"3051",contact,"contact, certain",N,"-9",certain,certain,,01.01.01,DAS01,,CAF3051,"493.6856711298425"
"3052",contact,"contact, certain",N,"-9",certain,certain,,01.01.01,DAS01,,CAF3052,"389.8975039313065"
"3053",contact,"contact, certain",N,"-9",certain,certain,,01.01.01,DAS01,,CAF3053,"1695.428552438793"
"3054",contact,"contact, certain",N,"-9",certain,certain,,01.01.01,DAS01,,CAF3054,"3834.114808397612"
"3055",contact,"contact, certain",N,"-9",certain,certain,,01.01.01,DAS01,,CAF3055,"384.1159751788929"
"3056",contact,"contact, certain",N,"-9",certain,certain,,01.01.01,DAS01,,CAF3056,"463.5153769108945"
"3057",contact,"contact, certain",N,"-9",certain,certain,,01.01.01,DAS01,,CAF3057,"1783.087432189948"
"3058",contact,"contact, certain",N,"-9",certain,certain,,01.01.01,DAS01,,CAF3058,"1946.342156695386"
"3059",contact,"contact, certain",N,"-9",certain,certain,,01.01.01,DAS01,,CAF3059,"525.2881561510445"
"3060",contact,"contact, certain",N,"-9",certain,certain,,01.01.01,DAS01,,CAF3060,"4134.984522418609"
"3061",contact,"contact, certain",N,"-9",certain,certain,,01.01.01,DAS01,,CAF3061,"2116.9346896951"
"3062",contact,"contact, certain",N,"-9",certain,certain,,01.01.01,DAS01,,CAF3062,"6211.853182508494"
"3063",contact,"contact, certain",N,"-9",certain,certain,,01.01.01,DAS01,,CAF3063,"2529.662579653085"
"3064",contact,"contact, certain",N,"-9",certain,certain,,01.01.01,DAS01,,CAF3064,"837.907611690066"
"3065",contact,"contact, certain",N,"-9",certain,certain,,01.01.01,DAS01,,CAF3065,"17440.51013463373"
"3066",contact,"contact, certain",N,"-9",certain,certain,,01.01.01,DAS01,,CAF3066,"557.8344189852442"
"3067",contact,"contact, certain",N,"-9",certain,certain,,01.01.01,DAS01,,CAF3067,"3596.469801018683"
"3068",contact,"contact, certain",N,"-9",certain,certain,,01.01.01,DAS01,,CAF3068,"4619.009771681538"
"3069",contact,"contact, certain",N,"-9",certain,certain,,01.01.01,DAS01,,CAF3069,"611.1008166146383"
"3070",contact,"contact, certain",N,"-9",certain,certain,,01.01.01,DAS01,,CAF3070,"1849.964211371762"
"3071",contact,"contact, certain",N,"-9",certain,certain,,01.01.01,DAS01,,CAF3071,"2028.362111269345"
"3072",contact,"contact, certain",N,"-9",certain,certain,,01.01.01,DAS01,,CAF3072,"666.7454224314578"
"3073",contact,"contact, certain",N,"-9",certain,certain,,01.01.01,DAS01,,CAF3073,"727.4925056370231"
"3074",contact,"contact, certain",N,"-9",certain,certain,,01.01.01,DAS01,,CAF3074,"18182.18555920481"
"3075",contact,"contact, certain",N,"-9",certain,certain,,01.01.01,DAS01,,CAF3075,"1974.431107843945"
"3076",contact,"contact, certain",N,"-9",certain,certain,,01.01.01,DAS01,,CAF3076,"4280.951258443705"
"3077",contact,"contact, certain",N,"-9",certain,certain,,01.01.01,DAS01,,CAF3077,"1801.100730117849"
"3078",contact,"contact, certain",N,"-9",certain,certain,,01.01.01,DAS01,,CAF3078,"2817.993378711961"
"3079",contact,"contact, certain",N,"-9",certain,certain,,01.01.01,DAS01,,CAF3079,"1145.218152788091"
"3080",contact,"contact, certain",N,"-9",certain,certain,,01.01.01,DAS01,,CAF3080,"106.0538950290202"
"3081",contact,"contact, certain",N,"-9",certain,certain,,01.01.01,DAS01,,CAF3081,"132.5656953872223"
"3082",contact,"contact, certain",N,"-9",certain,certain,,01.01.01,DAS01,,CAF3082,"1827.845295050489"
"3083",contact,"contact, certain",N,"-9",certain,certain,,01.01.01,DAS01,,CAF3083,"811.3220134821955"
"3084",contact,"contact, certain",N,"-9",certain,certain,,01.01.01,DAS01,,CAF3084,"1583.168579543963"
"3085",contact,"contact, certain",N,"-9",certain,certain,,01.01.01,DAS01,,CAF3085,"3851.506261386684"
"3086",contact,"contact, certain",N,"-9",certain,certain,,01.01.01,DAS01,,CAF3086,"1366.434424774956"
"3087",contact,"contact, certain",N,"-9",certain,certain,,01.01.01,DAS01,,CAF3087,"7981.261068369397"
"3088",contact,"contact, certain",N,"-9",certain,certain,,01.01.01,DAS01,,CAF3088,"5223.365379657003"
"3089",contact,"contact, certain",N,"-9",certain,certain,,01.01.01,DAS01,,CAF3089,"6217.307586793095"
"3090",contact,"contact, certain",N,"-9",certain,certain,,01.01.01,DAS01,,CAF3090,"3064.164027726996"
"3091",contact,"contact, certain",N,"-9",certain,certain,,01.01.01,DAS01,,CAF3091,"1041.038769680922"
"3092",contact,"contact, certain",N,"-9",certain,certain,,01.01.01,DAS01,,CAF3092,"1605.25673074801"
"3093",contact,"contact, certain",N,"-9",certain,certain,,01.01.01,DAS01,,CAF3093,"5502.099642073295"
"3094",contact,"contact, certain",N,"-9",certain,certain,,01.01.01,DAS01,,CAF3094,"846.852021152381"
"3095",contact,"contact, certain",N,"-9",certain,certain,,01.01.01,DAS01,,CAF3095,"289.2749201813233"
"3096",contact,"contact, certain",N,"-9",certain,certain,,01.01.01,DAS01,,CAF3096,"1044.121215683578"
"3097",contact,"contact, certain",N,"-9",certain,certain,,01.01.01,DAS01,,CAF3097,"4869.713958988223"
"3098",contact,"contact, certain",N,"-9",certain,certain,,01.01.01,DAS01,,CAF3098,"3099.761238685312"
"3099",contact,"contact, certain",N,"-9",certain,certain,,01.01.01,DAS01,,CAF3099,"1578.818437699319"
"3100",contact,"contact, certain",N,"-9",certain,certain,,01.01.01,DAS01,,CAF3100,"235.4384745026906"
"3101",contact,"contact, certain",N,"-9",certain,certain,,01.01.01,DAS01,,CAF3101,"4764.005637245772"
"3102",contact,"contact, certain",N,"-9",certain,certain,,01.01.01,DAS01,,CAF3102,"2551.407855198749"
"3103",contact,"contact, certain",N,"-9",certain,certain,,01.01.01,DAS01,,CAF3103,"163.1137706869636"
"3104",contact,"contact, certain",N,"-9",certain,certain,,01.01.01,DAS01,,CAF3104,"1958.128198314658"
"3105",contact,"contact, certain",N,"-9",certain,certain,,01.01.01,DAS01,,CAF3105,"473.1483577913477"
"3106",contact,"contact, certain",N,"-9",certain,certain,,01.01.01,DAS01,,CAF3106,"641.1197008438021"
"3107",contact,"contact, certain",N,"-9",certain,certain,,01.01.01,DAS01,,CAF3107,"5050.577735179721"
"3108",contact,"contact, certain",N,"-9",certain,certain,,01.01.01,DAS01,,CAF3108,"1317.367292709998"
"3109",contact,"contact, certain",N,"-9",certain,certain,,01.01.01,DAS01,,CAF3109,"202.8203143803503"
"3110",contact,"contact, certain",N,"-9",certain,certain,,01.01.01,DAS01,,CAF3110,"1693.180267845636"
"3111",contact,"contact, certain",N,"-9",certain,certain,,01.01.01,DAS01,,CAF3111,"3578.935196406771"
"3112",contact,"contact, certain",N,"-9",certain,certain,,01.01.01,DAS01,,CAF3112,"1532.066395914243"
"3113",contact,"contact, certain",N,"-9",certain,certain,,01.01.01,DAS01,,CAF3113,"1344.399319245244"
"3114",contact,"contact, certain",N,"-9",certain,certain,,01.01.01,DAS01,,CAF3114,"458.889733769929"
"3115",contact,"contact, certain",N,"-9",certain,certain,,01.01.01,DAS01,,CAF3115,"4237.311726815242"
"3116",contact,"contact, certain",N,"-9",certain,certain,,01.01.01,DAS01,,CAF3116,"1503.167579586673"
"3117",contact,"contact, certain",N,"-9",certain,certain,,01.01.01,DAS01,,CAF3117,"1583.001674130087"
"3118",contact,"contact, certain",N,"-9",certain,certain,,01.01.01,DAS01,,CAF3118,"2408.253475635516"
"3119",contact,"contact, certain",N,"-9",certain,certain,,01.01.01,DAS01,,CAF3119,"20126.00397100207"
"3120",contact,"contact, certain",N,"-9",certain,certain,,01.01.01,DAS01,,CAF3120,"551.0356141147207"
"3121",contact,"contact, certain",N,"-9",certain,certain,,01.01.01,DAS01,,CAF3121,"797.7766118771891"
"3122",contact,"contact, certain",N,"-9",certain,certain,,01.01.01,DAS01,,CAF3122,"3322.540164922513"
"3123",contact,"contact, certain",N,"-9",certain,certain,,01.01.01,DAS01,,CAF3123,"5329.077812141872"
"3124",contact,"contact, certain",N,"-9",certain,certain,,01.01.01,DAS01,,CAF3124,"800.5471155208797"
"3125",contact,"contact, certain",N,"-9",certain,certain,,01.01.01,DAS01,,CAF3125,"1877.592801471655"
"3126",contact,"contact, certain",N,"-9",certain,certain,,01.01.01,DAS01,,CAF3126,"276.4636237865838"
"3127",contact,"contact, certain",N,"-9",certain,certain,,01.01.01,DAS01,,CAF3127,"442.3171751579683"
"3128",contact,"contact, certain",N,"-9",certain,certain,,01.01.01,DAS01,,CAF3128,"1533.667662372437"
"3129",contact,"contact, certain",N,"-9",certain,certain,,01.01.01,DAS01,,CAF3129,"363.2092805178962"
"3130",contact,"contact, certain",N,"-9",certain,certain,,01.01.01,DAS01,,CAF3130,"847.0866117949848"
"3131",contact,"contact, certain",N,"-9",certain,certain,,01.01.01,DAS01,,CAF3131,"1444.294158844645"
"3132",contact,"contact, certain",N,"-9",certain,certain,,01.01.01,DAS01,,CAF3132,"5249.410399246184"
"3133",contact,"contact, certain",N,"-9",certain,certain,,01.01.01,DAS01,,CAF3133,"684.0868424517928"
"3134",contact,"contact, certain",N,"-9",certain,certain,,01.01.01,DAS01,,CAF3134,"6198.571313300205"
"3135",contact,"contact, certain",N,"-9",certain,certain,,01.01.01,DAS01,,CAF3135,"300.5243925497776"
"3136",contact,"contact, certain",N,"-9",certain,certain,,01.01.01,DAS01,,CAF3136,"1427.850283964288"
"3137",contact,"contact, certain",N,"-9",certain,certain,,01.01.01,DAS01,,CAF3137,"3915.753052406835"
"3138",contact,"contact, certain",N,"-9",certain,certain,,01.01.01,DAS01,,CAF3138,"3378.840916623592"
"3139",contact,"contact, certain",N,"-9",certain,certain,,01.01.01,DAS01,,CAF3139,"1172.487498270139"
"3140",contact,"contact, certain",N,"-9",certain,certain,,01.01.01,DAS01,,CAF3140,"2081.68418308043"
"3141",contact,"contact, certain",N,"-9",certain,certain,,01.01.01,DAS01,,CAF3141,"1692.578728276782"
"3142",contact,"contact, certain",N,"-9",certain,certain,,01.01.01,DAS01,,CAF3142,"869.3208791518216"
"3143",contact,"contact, certain",N,"-9",certain,certain,,01.01.01,DAS01,,CAF3143,"13953.86788728943"
"3144",contact,"contact, certain",N,"-9",certain,certain,,01.01.01,DAS01,,CAF3144,"5719.397096199355"
"3145",contact,"contact, certain",N,"-9",certain,certain,,01.01.01,DAS01,,CAF3145,"2738.851431000432"
"3146",contact,"contact, certain",N,"-9",certain,certain,,01.01.01,DAS01,,CAF3146,"630.157196667924"
"3147",contact,"contact, certain",N,"-9",certain,certain,,01.01.01,DAS01,,CAF3147,"448.7875808965139"
"3148",contact,"contact, certain",N,"-9",certain,certain,,01.01.01,DAS01,,CAF3148,"564.7866027669116"
"3149",contact,"contact, certain",N,"-9",certain,certain,,01.01.01,DAS01,,CAF3149,"2699.905227039321"
"3150",contact,"contact, certain",N,"-9",certain,certain,,01.01.01,DAS01,,CAF3150,"825.794279067875"
"3151",contact,"contact, certain",N,"-9",certain,certain,,01.01.01,DAS01,,CAF3151,"1294.761014848475"
"3152",contact,"contact, certain",N,"-9",certain,certain,,01.01.01,DAS01,,CAF3152,"324.4471927971535"
"3153",contact,"contact, certain",N,"-9",certain,certain,,01.01.01,DAS01,,CAF3153,"3981.04132925339"
"3154",contact,"contact, certain",N,"-9",certain,certain,,01.01.01,DAS01,,CAF3154,"604.2001979629508"
"3155",contact,"contact, certain",N,"-9",certain,certain,,01.01.01,DAS01,,CAF3155,"1133.630064926002"
"3156",contact,"contact, certain",N,"-9",certain,certain,,01.01.01,DAS01,,CAF3156,"491.215452747265"
"3157",contact,"contact, certain",N,"-9",certain,certain,,01.01.01,DAS01,,CAF3157,"755.7676999654313"
"3158",contact,"contact, certain",N,"-9",certain,certain,,01.01.01,DAS01,,CAF3158,"5229.849364785412"
"3159",contact,"contact, certain",N,"-9",certain,certain,,01.01.01,DAS01,,CAF3159,"672.0260168424956"
"3160",contact,"contact, certain",N,"-9",certain,certain,,01.01.01,DAS01,,CAF3160,"140.5178835125334"
"3161",contact,"contact, certain",N,"-9",certain,certain,,01.01.01,DAS01,,CAF3161,"241.5131509655785"
"3162",contact,"contact, certain",N,"-9",certain,certain,,01.01.01,DAS01,,CAF3162,"1807.934961571425"
"3163",contact,"contact, certain",N,"-9",certain,certain,,01.01.01,DAS01,,CAF3163,"215.1935453170476"
"3164",contact,"contact, certain",N,"-9",certain,certain,,01.01.01,DAS01,,CAF3164,"1673.733285303043"
"3165",contact,"contact, certain",N,"-9",certain,certain,,01.01.01,DAS01,,CAF3165,"367.6456080068764"
"3166",contact,"contact, certain",N,"-9",certain,certain,,01.01.01,DAS01,,CAF3166,"1594.268728070309"
"3167",contact,"contact, certain",N,"-9",certain,certain,,01.01.01,DAS01,,CAF3167,"1079.831409160783"
"3168",contact,"contact, certain",N,"-9",certain,certain,,01.01.01,DAS01,,CAF3168,"568.1135744403115"
"3169",contact,"contact, certain",N,"-9",certain,certain,,01.01.01,DAS01,,CAF3169,"1015.418482979458"
"3170",contact,"contact, certain",N,"-9",certain,certain,,01.01.01,DAS01,,CAF3170,"2330.728208804378"
"3171",contact,"contact, certain",N,"-9",certain,certain,,01.01.01,DAS01,,CAF3171,"2191.554845385554"
"3172",contact,"contact, certain",N,"-9",certain,certain,,01.01.01,DAS01,,CAF3172,"405.2950560544659"
"3173",contact,"contact, certain",N,"-9",certain,certain,,01.01.01,DAS01,,CAF3173,"834.6588070659287"
"3174",contact,"contact, certain",N,"-9",certain,certain,,01.01.01,DAS01,,CAF3174,"495.6776430512375"
"3175",contact,"contact, certain",N,"-9",certain,certain,,01.01.01,DAS01,,CAF3175,"762.8565579502892"
"3176",contact,"contact, certain",N,"-9",certain,certain,,01.01.01,DAS01,,CAF3176,"906.1484619884091"
"3177",contact,"contact, certain",N,"-9",certain,certain,,01.01.01,DAS01,,CAF3177,"1375.161557941805"
"3178",contact,"contact, certain",N,"-9",certain,certain,,01.01.01,DAS01,,CAF3178,"658.8415253422705"
"3179",contact,"contact, certain",N,"-9",certain,certain,,01.01.01,DAS01,,CAF3179,"6055.729318143251"
"3180",contact,"contact, certain",N,"-9",certain,certain,,01.01.01,DAS01,,CAF3180,"829.7784179107873"
"3181",contact,"contact, certain",N,"-9",certain,certain,,01.01.01,DAS01,,CAF3181,"379.5999800880154"
"3182",contact,"contact, certain",N,"-9",certain,certain,,01.01.01,DAS01,,CAF3182,"1282.375628661127"
"3183",contact,"contact, certain",N,"-9",certain,certain,,01.01.01,DAS01,,CAF3183,"1210.214965463351"
"3184",contact,"contact, certain",N,"-9",certain,certain,,01.01.01,DAS01,,CAF3184,"721.8001232946467"
"3185",contact,"contact, certain",N,"-9",certain,certain,,01.01.01,DAS01,,CAF3185,"1798.702107715255"
"3186",contact,"contact, certain",N,"-9",certain,certain,,01.01.01,DAS01,,CAF3186,"499.9320577086758"
"3187",contact,"contact, certain",N,"-9",certain,certain,,01.01.01,DAS01,,CAF3187,"472.7045486041548"
"3188",contact,"contact, certain",N,"-9",certain,certain,,01.01.01,DAS01,,CAF3188,"235.6745065482124"
"3189",contact,"contact, certain",N,"-9",certain,certain,,01.01.01,DAS01,,CAF3189,"6865.254354426957"
"3190",contact,"contact, certain",N,"-9",certain,certain,,01.01.01,DAS01,,CAF3190,"2324.930766764141"
"3191",contact,"contact, certain",N,"-9",certain,certain,,01.01.01,DAS01,,CAF3191,"363.6929800068207"
"3192",contact,"contact, certain",N,"-9",certain,certain,,01.01.01,DAS01,,CAF3192,"1733.791184222161"
"3193",contact,"contact, certain",N,"-9",certain,certain,,01.01.01,DAS01,,CAF3193,"8175.578080862168"
"3194",contact,"contact, certain",N,"-9",certain,certain,,01.01.01,DAS01,,CAF3194,"9186.716148117936"
"3195",contact,"contact, certain",N,"-9",certain,certain,,01.01.01,DAS01,,CAF3195,"395.0088012268368"
"3196",contact,"contact, certain",N,"-9",certain,certain,,01.01.01,DAS01,,CAF3196,"338.7177815074025"
"3197",contact,"contact, certain",N,"-9",certain,certain,,01.01.01,DAS01,,CAF3197,"15839.00686300708"
"3198",contact,"contact, certain",N,"-9",certain,certain,,01.01.01,DAS01,,CAF3198,"158.8667306499693"
"3199",contact,"contact, certain",N,"-9",certain,certain,,01.01.01,DAS01,,CAF3199,"709.5559948156043"
"3200",contact,"contact, certain",N,"-9",certain,certain,,01.01.01,DAS01,,CAF3200,"1382.774547320757"
"3201",contact,"contact, certain",N,"-9",certain,certain,,01.01.01,DAS01,,CAF3201,"563.806862533045"
"3202",contact,"contact, certain",N,"-9",certain,certain,,01.01.01,DAS01,,CAF3202,"1010.86457050863"
"3203",contact,"contact, certain",N,"-9",certain,certain,,01.01.01,DAS01,,CAF3203,"1648.305958011821"
"3204",contact,"contact, certain",N,"-9",certain,certain,,01.01.01,DAS01,,CAF3204,"984.715052723207"
"3205",contact,"contact, certain",N,"-9",certain,certain,,01.01.01,DAS01,,CAF3205,"2004.487610153198"
"3206",contact,"contact, certain",N,"-9",certain,certain,,01.01.01,DAS01,,CAF3206,"1647.438241970868"
"3207",contact,"contact, certain",N,"-9",certain,certain,,01.01.01,DAS01,,CAF3207,"2404.196959241554"
"3208",contact,"contact, certain",N,"-9",certain,certain,,01.01.01,DAS01,,CAF3208,"769.2232915182185"
"3209",contact,"contact, certain",N,"-9",certain,certain,,01.01.01,DAS01,,CAF3209,"3643.220375754961"
"3210",contact,"contact, certain",N,"-9",certain,certain,,01.01.01,DAS01,,CAF3210,"1417.97678091516"
"3211",contact,"contact, certain",N,"-9",certain,certain,,01.01.01,DAS01,,CAF3211,"1928.06558094918"
"3212",contact,"contact, certain",N,"-9",certain,certain,,01.01.01,DAS01,,CAF3212,"2677.257899717384"
"3213",contact,"contact, certain",N,"-9",certain,certain,,01.01.01,DAS01,,CAF3213,"2427.836334126202"
"3214",contact,"contact, certain",N,"-9",certain,certain,,01.01.01,DAS01,,CAF3214,"24515.00250424355"
"3215",contact,"contact, certain",N,"-9",certain,certain,,01.01.01,DAS01,,CAF3215,"15393.49518912618"
"3216",contact,"contact, certain",N,"-9",certain,certain,,01.01.01,DAS01,,CAF3216,"609.8690166260307"
"3217",contact,"contact, certain",N,"-9",certain,certain,,01.01.01,DAS01,,CAF3217,"3496.371020408921"
"3218",contact,"contact, certain",N,"-9",certain,certain,,01.01.01,DAS01,,CAF3218,"7323.559302551766"
"3219",contact,"contact, certain",N,"-9",certain,certain,,01.01.01,DAS01,,CAF3219,"428.3164026954655"
"3220",contact,"contact, certain",N,"-9",certain,certain,,01.01.01,DAS01,,CAF3220,"828.518246303084"
"3221",contact,"contact, certain",N,"-9",certain,certain,,01.01.01,DAS01,scratch boundary,CAF3221,"690.3174689120563"
"3222",contact,"contact, certain",N,"-9",certain,certain,,01.01.01,DAS01,,CAF3222,"1438.105669820439"
"3223",contact,"contact, certain",N,"-9",certain,certain,,01.01.01,DAS01,,CAF3223,"1650.914217923717"
"3224",contact,"contact, certain",N,"-9",certain,certain,,01.01.01,DAS01,,CAF3224,"13830.61214360414"
"3225",contact,"contact, certain",N,"-9",certain,certain,,01.01.01,DAS01,,CAF3225,"2347.636185551036"
"3226",contact,"contact, certain",N,"-9",certain,certain,,01.01.01,DAS01,,CAF3226,"837.9288206608919"
"3227",contact,"contact, certain",N,"-9",certain,certain,,01.01.01,DAS01,,CAF3227,"4780.483582159561"
"3228",contact,"contact, certain",N,"-9",certain,certain,,01.01.01,DAS01,,CAF3228,"1985.820025720051"
"3229",contact,"contact, certain",N,"-9",certain,certain,,01.01.01,DAS01,,CAF3229,"2413.259547321103"
"3230",contact,"contact, certain",N,"-9",certain,certain,,01.01.01,DAS01,,CAF3230,"467.0857640123828"
"3231",contact,"contact, certain",N,"-9",certain,certain,,01.01.01,DAS01,,CAF3231,"755.6750728758473"
"3232",contact,"contact, certain",N,"-9",certain,certain,,01.01.01,DAS01,,CAF3232,"565.4657395636809"
"3233",contact,"contact, certain",N,"-9",certain,certain,,01.01.01,DAS01,,CAF3233,"875.4938771621371"
"3234",contact,"contact, certain",N,"-9",certain,certain,,01.01.01,DAS01,,CAF3234,"1778.307102888628"
"3235",contact,"contact, certain",N,"-9",certain,certain,,01.01.01,DAS01,,CAF3235,"5174.303123005981"
"3236",contact,"contact, certain",N,"-9",certain,certain,,01.01.01,DAS01,,CAF3236,"2332.249836674747"
"3237",contact,"contact, certain",N,"-9",certain,certain,,01.01.01,DAS01,,CAF3237,"1473.797347978754"
"3238",contact,"contact, certain",N,"-9",certain,certain,,01.01.01,DAS01,,CAF3238,"718.116990675103"
"3239",contact,"contact, certain",N,"-9",certain,certain,,01.01.01,DAS01,,CAF3239,"4052.181418656723"
"3240",contact,"contact, certain",N,"-9",certain,certain,,01.01.01,DAS01,,CAF3240,"2450.448017874349"
"3241",contact,"contact, certain",N,"-9",certain,certain,,01.01.01,DAS01,,CAF3241,"864.6200187196031"
"3242",contact,"contact, certain",N,"-9",certain,certain,,01.01.01,DAS01,,CAF3242,"2017.039303302809"
"3243",contact,"contact, certain",N,"-9",certain,certain,,01.01.01,DAS01,,CAF3243,"2008.105648364726"
"3244",contact,"contact, certain",N,"-9",certain,certain,,01.01.01,DAS01,,CAF3244,"7470.358125031278"
"3245",contact,"contact, certain",N,"-9",certain,certain,,01.01.01,DAS01,,CAF3245,"7468.642120906557"
"3246",contact,"contact, certain",N,"-9",certain,certain,,01.01.01,DAS01,,CAF3246,"6839.896213543995"
"3247",contact,"contact, certain",N,"-9",certain,certain,,01.01.01,DAS01,,CAF3247,"2491.877128293681"
"3248",contact,"contact, certain",N,"-9",certain,certain,,01.01.01,DAS01,,CAF3248,"1203.710829419917"
"3249",contact,"contact, certain",N,"-9",certain,certain,,01.01.01,DAS01,,CAF3249,"3542.17777224423"
"3250",contact,"contact, certain",N,"-9",certain,certain,,01.01.01,DAS01,,CAF3250,"838.7753337481475"
"3251",contact,"contact, certain",N,"-9",certain,certain,,01.01.01,DAS01,,CAF3251,"2076.663472927947"
"3252",contact,"contact, certain",N,"-9",certain,certain,,01.01.01,DAS01,,CAF3252,"1191.506343184883"
"3253",contact,"contact, certain",N,"-9",certain,certain,,01.01.01,DAS01,,CAF3253,"3179.415280654644"
"3254",contact,"contact, certain",N,"-9",certain,certain,,01.01.01,DAS01,,CAF3254,"5311.633844885895"
"3255",contact,"contact, certain",N,"-9",certain,certain,,01.01.01,DAS01,,CAF3255,"3799.813206964341"
"3256",contact,"contact, certain",N,"-9",certain,certain,,01.01.01,DAS01,,CAF3256,"886.1670490744872"
"3257",contact,"contact, certain",N,"-9",certain,certain,,01.01.01,DAS01,,CAF3257,"599.6268949166949"
"3258",contact,"contact, certain",N,"-9",certain,certain,,01.01.01,DAS01,,CAF3258,"10311.80737580592"
"3259",contact,"contact, certain",N,"-9",certain,certain,,01.01.01,DAS01,,CAF3259,"1553.093196416753"
"3260",contact,"contact, certain",N,"-9",certain,certain,,01.01.01,DAS01,,CAF3260,"4325.341864496571"
"3261",contact,"contact, certain",N,"-9",certain,certain,,01.01.01,DAS01,,CAF3261,"1121.334515414539"
"3262",contact,"contact, certain",N,"-9",certain,certain,,01.01.01,DAS01,,CAF3262,"1559.772409868518"
"3263",contact,"contact, certain",N,"-9",certain,certain,,01.01.01,DAS01,,CAF3263,"168.970497346029"
"3264",contact,"contact, certain",N,"-9",certain,certain,,01.01.01,DAS01,,CAF3264,"797.991914245668"
"3265",contact,"contact, certain",N,"-9",certain,certain,,01.01.01,DAS01,,CAF3265,"2702.573247856477"
"3266",contact,"contact, certain",N,"-9",certain,certain,,01.01.01,DAS01,,CAF3266,"1377.356822894951"
"3267",contact,"contact, certain",N,"-9",certain,certain,,01.01.01,DAS01,,CAF3267,"1887.691140940501"
"3268",contact,"contact, certain",N,"-9",certain,certain,,01.01.01,DAS01,,CAF3268,"1269.877361871977"
"3269",contact,"contact, certain",N,"-9",certain,certain,,01.01.01,DAS01,,CAF3269,"913.4152649283934"
"3270",contact,"contact, certain",N,"-9",certain,certain,,01.01.01,DAS01,,CAF3270,"2432.802185814371"
"3271",contact,"contact, certain",N,"-9",certain,certain,,01.01.01,DAS01,,CAF3271,"2917.456886428056"
"3272",contact,"contact, certain",N,"-9",certain,certain,,01.01.01,DAS01,,CAF3272,"3218.976796656775"
"3273",contact,"contact, certain",N,"-9",certain,certain,,01.01.01,DAS01,,CAF3273,"486.5912251403633"
"3274",contact,"contact, certain",N,"-9",certain,certain,,01.01.01,DAS01,,CAF3274,"816.0443133056365"
"3275",contact,"contact, certain",N,"-9",certain,certain,,01.01.01,DAS01,,CAF3275,"495.384483907348"
"3276",contact,"contact, certain",N,"-9",certain,certain,,01.01.01,DAS01,,CAF3276,"510.6021836078117"
"3277",contact,"contact, certain",N,"-9",certain,certain,,01.01.01,DAS01,,CAF3277,"8292.13317301964"
"3278",contact,"contact, certain",N,"-9",certain,certain,,01.01.01,DAS01,,CAF3278,"418.4444234505896"
"3279",contact,"contact, certain",N,"-9",certain,certain,,01.01.01,DAS01,,CAF3279,"1007.320341587038"
"3280",contact,"contact, certain",N,"-9",certain,certain,,01.01.01,DAS01,,CAF3280,"5853.689272613691"
"3281",contact,"contact, certain",N,"-9",certain,certain,,01.01.01,DAS01,,CAF3281,"814.8865803070868"
"3282",contact,"contact, certain",N,"-9",certain,certain,,01.01.01,DAS01,,CAF3282,"2943.368959428317"
"3283",contact,"contact, certain",N,"-9",certain,certain,,01.01.01,DAS01,,CAF3283,"10234.55752932415"
"3284",contact,"contact, certain",N,"-9",certain,certain,,01.01.01,DAS01,,CAF3284,"732.7750511819891"
"3285",contact,"contact, certain",N,"-9",certain,certain,,01.01.01,DAS01,,CAF3285,"1098.014951584281"
"3286",contact,"contact, certain",N,"-9",certain,certain,,01.01.01,DAS01,,CAF3286,"1097.204076752054"
"3287",contact,"contact, certain",N,"-9",certain,certain,,01.01.01,DAS01,,CAF3287,"4663.543003607573"
"3288",contact,"contact, certain",N,"-9",certain,certain,,01.01.01,DAS01,,CAF3288,"665.8526465691468"
"3289",contact,"contact, certain",N,"-9",certain,certain,,01.01.01,DAS01,,CAF3289,"939.4465853657547"
"3290",contact,"contact, certain",N,"-9",certain,certain,,01.01.01,DAS01,,CAF3290,"5927.058287429751"
"3291",contact,"contact, certain",N,"-9",certain,certain,,01.01.01,DAS01,,CAF3291,"284.6733062918767"
"3292",contact,"contact, certain",N,"-9",certain,certain,,01.01.01,DAS01,,CAF3292,"1330.633010223028"
"3293",contact,"contact, certain",N,"-9",certain,certain,,01.01.01,DAS01,,CAF3293,"874.1332661297024"
"3294",contact,"contact, certain",N,"-9",certain,certain,,01.01.01,DAS01,,CAF3294,"1465.788525083712"
"3295",contact,"contact, certain",N,"-9",certain,certain,,01.01.01,DAS01,,CAF3295,"2391.669784939188"
"3296",contact,"contact, certain",N,"-9",certain,certain,,01.01.01,DAS01,,CAF3296,"4628.838312625008"
"3297",contact,"contact, certain",N,"-9",certain,certain,,01.01.01,DAS01,,CAF3297,"971.2002528294709"
"3298",contact,"contact, certain",N,"-9",certain,certain,,01.01.01,DAS01,,CAF3298,"7819.851110171359"
"3299",contact,"contact, certain",N,"-9",certain,certain,,01.01.01,DAS01,,CAF3299,"528.5207361172747"
"3300",contact,"contact, certain",N,"-9",certain,certain,,01.01.01,DAS01,,CAF3300,"1817.184615207796"
"3301",contact,"contact, certain",N,"-9",certain,certain,,01.01.01,DAS01,,CAF3301,"995.4547646389116"
"3302",contact,"contact, certain",N,"-9",certain,certain,,01.01.01,DAS01,,CAF3302,"6199.224799084722"
"3303",contact,"contact, certain",N,"-9",certain,certain,,01.01.01,DAS01,,CAF3303,"332.0049422428697"
"3304",contact,"contact, certain",N,"-9",certain,certain,,01.01.01,DAS01,,CAF3304,"4447.348918000654"
"3305",contact,"contact, certain",N,"-9",certain,certain,,01.01.01,DAS01,,CAF3305,"676.099263087016"
"3306",contact,"contact, certain",N,"-9",certain,certain,,01.01.01,DAS01,,CAF3306,"4675.23316611787"
"3307",contact,"contact, certain",N,"-9",certain,certain,,01.01.01,DAS01,,CAF3307,"1667.922794672842"
"3308",contact,"contact, certain",N,"-9",certain,certain,,01.01.01,DAS01,,CAF3308,"1193.784120001323"
"3309",contact,"contact, certain",N,"-9",certain,certain,,01.01.01,DAS01,,CAF3309,"3200.116771139879"
"3310",contact,"contact, certain",N,"-9",certain,certain,,01.01.01,DAS01,,CAF3310,"853.1686218796031"
"3311",contact,"contact, certain",N,"-9",certain,certain,,01.01.01,DAS01,,CAF3311,"1285.509295144107"
"3312",contact,"contact, certain",N,"-9",certain,certain,,01.01.01,DAS01,,CAF3312,"1259.097479022431"
"3313",contact,"contact, certain",N,"-9",certain,certain,,01.01.01,DAS01,,CAF3313,"366.0792858561936"
"3314",contact,"contact, certain",N,"-9",certain,certain,,01.01.01,DAS01,,CAF3314,"384.9372544099198"
"3315",contact,"contact, certain",N,"-9",certain,certain,,01.01.01,DAS01,,CAF3315,"5618.813280858265"
"3316",contact,"contact, certain",N,"-9",certain,certain,,01.01.01,DAS01,,CAF3316,"1244.267301217834"
"3317",contact,"contact, certain",N,"-9",certain,certain,,01.01.01,DAS01,,CAF3317,"1980.198270843201"
"3318",contact,"contact, certain",N,"-9",certain,certain,,01.01.01,DAS01,,CAF3318,"4175.162784018191"
"3319",contact,"contact, certain",N,"-9",certain,certain,,01.01.01,DAS01,,CAF3319,"1369.184483671858"
"3320",contact,"contact, certain",N,"-9",certain,certain,,01.01.01,DAS01,,CAF3320,"13276.52773521058"
"3321",contact,"contact, certain",N,"-9",certain,certain,,01.01.01,DAS01,,CAF3321,"1210.377897697461"
"3322",contact,"contact, certain",N,"-9",certain,certain,,01.01.01,DAS01,,CAF3322,"4456.316059361222"
"3323",contact,"contact, certain",N,"-9",certain,certain,,01.01.01,DAS01,,CAF3323,"9292.361138518221"
"3324",contact,"contact, certain",N,"-9",certain,certain,,01.01.01,DAS01,,CAF3324,"498.5237380584625"
"3325",contact,"contact, certain",N,"-9",certain,certain,,01.01.01,DAS01,,CAF3325,"2784.277279807217"
"3326",contact,"contact, certain",N,"-9",certain,certain,,01.01.01,DAS01,,CAF3326,"1004.679642360201"
"3327",contact,"contact, certain",N,"-9",certain,certain,,01.01.01,DAS01,,CAF3327,"986.0384966581797"
"3328",contact,"contact, certain",N,"-9",certain,certain,,01.01.01,DAS01,,CAF3328,"4948.671604343076"
"3329",contact,"contact, certain",N,"-9",certain,certain,,01.01.01,DAS01,,CAF3329,"3766.59702390372"
"3330",contact,"contact, certain",N,"-9",certain,certain,,01.01.01,DAS01,,CAF3330,"401.7394963792203"
"3331",contact,"contact, certain",N,"-9",certain,certain,,01.01.01,DAS01,,CAF3331,"10130.76170723413"
"3332",contact,"contact, certain",N,"-9",certain,certain,,01.01.01,DAS01,,CAF3332,"120.551671692473"
"3333",contact,"contact, certain",N,"-9",certain,certain,,01.01.01,DAS01,,CAF3333,"445.3483939501816"
"3334",contact,"contact, certain",N,"-9",certain,certain,,01.01.01,DAS01,,CAF3334,"1739.721062492847"
"3335",contact,"contact, certain",N,"-9",certain,certain,,01.01.01,DAS01,,CAF3335,"1521.040046340962"
"3336",contact,"contact, certain",N,"-9",certain,certain,,01.01.01,DAS01,,CAF3336,"1363.480650626004"
"3337",contact,"contact, certain",N,"-9",certain,certain,,01.01.01,DAS01,,CAF3337,"1232.652388067927"
"3338",contact,"contact, certain",N,"-9",certain,certain,,01.01.01,DAS01,,CAF3338,"2897.815014121317"
"3339",contact,"contact, certain",N,"-9",certain,certain,,01.01.01,DAS01,,CAF3339,"5792.981542126121"
"3340",contact,"contact, certain",N,"-9",certain,certain,,01.01.01,DAS01,,CAF3340,"1219.757014051756"
"3341",contact,"contact, certain",N,"-9",certain,certain,,01.01.01,DAS01,,CAF3341,"1132.225205710956"
"3342",contact,"contact, certain",N,"-9",certain,certain,,01.01.01,DAS01,,CAF3342,"806.2277523676707"
"3343",contact,"contact, certain",N,"-9",certain,certain,,01.01.01,DAS01,,CAF3343,"1325.585976452723"
"3344",contact,"contact, certain",N,"-9",certain,certain,,01.01.01,DAS01,,CAF3344,"484.6562048914702"
"3345",contact,"contact, certain",N,"-9",certain,certain,,01.01.01,DAS01,,CAF3345,"855.3749655867782"
"3346",contact,"contact, certain",N,"-9",certain,certain,,01.01.01,DAS01,,CAF3346,"13741.7296565975"
"3347",contact,"contact, certain",N,"-9",certain,certain,,01.01.01,DAS01,,CAF3347,"2586.980792382231"
"3348",contact,"contact, certain",N,"-9",certain,certain,,01.01.01,DAS01,,CAF3348,"1199.157975563516"
"3349",contact,"contact, certain",N,"-9",certain,certain,,01.01.01,DAS01,,CAF3349,"470.2838937782179"
"3350",contact,"contact, certain",N,"-9",certain,certain,,01.01.01,DAS01,,CAF3350,"384.0889889288221"
"3351",contact,"contact, certain",N,"-9",certain,certain,,01.01.01,DAS01,,CAF3351,"399.8110041743287"
"3352",contact,"contact, certain",N,"-9",certain,certain,,01.01.01,DAS01,,CAF3352,"1548.694586680116"
"3353",contact,"contact, certain",N,"-9",certain,certain,,01.01.01,DAS01,,CAF3353,"1684.926895429978"
"3354",contact,"contact, certain",N,"-9",certain,certain,,01.01.01,DAS01,,CAF3354,"4685.124456071691"
"3355",contact,"contact, certain",N,"-9",certain,certain,,01.01.01,DAS01,,CAF3355,"804.4370507236554"
"3356",contact,"contact, certain",N,"-9",certain,certain,,01.01.01,DAS01,,CAF3356,"787.8853637201382"
"3357",contact,"contact, certain",N,"-9",certain,certain,,01.01.01,DAS01,,CAF3357,"3414.100026027659"
"3358",contact,"contact, certain",N,"-9",certain,certain,,01.01.01,DAS01,,CAF3358,"3540.983758435424"
"3359",contact,"contact, certain",N,"-9",certain,certain,,01.01.01,DAS01,,CAF3359,"611.313603722776"
"3360",contact,"contact, certain",N,"-9",certain,certain,,01.01.01,DAS01,,CAF3360,"391.219373208439"
"3361",contact,"contact, certain",N,"-9",certain,certain,,01.01.01,DAS01,,CAF3361,"4950.945577154428"
"3362",contact,"contact, certain",N,"-9",certain,certain,,01.01.01,DAS01,,CAF3362,"7434.176689021131"
"3363",contact,"contact, certain",N,"-9",certain,certain,,01.01.01,DAS01,,CAF3363,"3482.025381886534"
"3364",contact,"contact, certain",N,"-9",certain,certain,,01.01.01,DAS01,,CAF3364,"389.2122201059816"
"3365",contact,"contact, certain",N,"-9",certain,certain,,01.01.01,DAS01,,CAF3365,"429.4944679775671"
"3366",contact,"contact, certain",N,"-9",certain,certain,,01.01.01,DAS01,,CAF3366,"329.2434556815394"
"3367",contact,"contact, certain",N,"-9",certain,certain,,01.01.01,DAS01,,CAF3367,"1946.890546799628"
"3368",contact,"contact, certain",N,"-9",certain,certain,,01.01.01,DAS01,,CAF3368,"13447.06702710353"
"3369",contact,"contact, certain",N,"-9",certain,certain,,01.01.01,DAS01,,CAF3369,"480.0994926267647"
"3370",contact,"contact, certain",N,"-9",certain,certain,,01.01.01,DAS01,,CAF3370,"4178.485466194637"
"3371",contact,"contact, certain",N,"-9",certain,certain,,01.01.01,DAS01,,CAF3371,"8834.785050211136"
"3372",contact,"contact, certain",N,"-9",certain,certain,,01.01.01,DAS01,,CAF3372,"1399.182607358054"
"3373",contact,"contact, certain",N,"-9",certain,certain,,01.01.01,DAS01,,CAF3373,"1560.647267180434"
"3374",contact,"contact, certain",N,"-9",certain,certain,,01.01.01,DAS01,,CAF3374,"1800.890745779814"
"3375",contact,"contact, certain",N,"-9",certain,certain,,01.01.01,DAS01,,CAF3375,"294.1818984285957"
"3376",contact,"contact, certain",N,"-9",certain,certain,,01.01.01,DAS01,,CAF3376,"8352.642462519629"
"3377",contact,"contact, certain",N,"-9",certain,certain,,01.01.01,DAS01,,CAF3377,"614.1821597601713"
"3378",contact,"contact, certain",N,"-9",certain,certain,,01.01.01,DAS01,,CAF3378,"6253.929344984347"
"3379",contact,"contact, certain",N,"-9",certain,certain,,01.01.01,DAS01,,CAF3379,"2143.428995148879"
"3380",contact,"contact, certain",N,"-9",certain,certain,,01.01.01,DAS01,,CAF3380,"2415.509391423769"
"3381",contact,"contact, certain",N,"-9",certain,certain,,01.01.01,DAS01,,CAF3381,"1241.736760613985"
"3382",contact,"contact, certain",N,"-9",certain,certain,,01.01.01,DAS01,,CAF3382,"4860.847412322753"
"3383",contact,"contact, certain",N,"-9",certain,certain,,01.01.01,DAS01,,CAF3383,"1577.613564022983"
"3384",contact,"contact, certain",N,"-9",certain,certain,,01.01.01,DAS01,,CAF3384,"693.0586789575952"
"3385",contact,"contact, certain",N,"-9",certain,certain,,01.01.01,DAS01,,CAF3385,"438.1758725365244"
"3386",contact,"contact, certain",N,"-9",certain,certain,,01.01.01,DAS01,,CAF3386,"2215.682295692625"
"3387",contact,"contact, certain",N,"-9",certain,certain,,01.01.01,DAS01,,CAF3387,"2242.873843446339"
"3388",contact,"contact, certain",N,"-9",certain,certain,,01.01.01,DAS01,,CAF3388,"7833.356816332525"
"3389",contact,"contact, certain",N,"-9",certain,certain,,01.01.01,DAS01,,CAF3389,"1203.51221641814"
"3390",contact,"contact, certain",N,"-9",certain,certain,,01.01.01,DAS01,,CAF3390,"4691.238416849561"
"3391",contact,"contact, certain",N,"-9",certain,certain,,01.01.01,DAS01,,CAF3391,"841.7030416774138"
"3392",contact,"contact, certain",N,"-9",certain,certain,,01.01.01,DAS01,,CAF3392,"177.8651153438772"
"3393",contact,"contact, certain",N,"-9",certain,certain,,01.01.01,DAS01,,CAF3393,"27569.97255714699"
"3394",contact,"contact, certain",N,"-9",certain,certain,,01.01.01,DAS01,,CAF3394,"7453.809289494309"
"3395",contact,"contact, certain",N,"-9",certain,certain,,01.01.01,DAS01,,CAF3395,"12599.66015949479"
"3396",contact,"contact, certain",N,"-9",certain,certain,,01.01.01,DAS01,,CAF3396,"3166.298625830216"
"3397",contact,"contact, certain",N,"-9",certain,certain,,01.01.01,DAS01,,CAF3397,"282.6869207254526"
"3398",contact,"contact, certain",N,"-9",certain,certain,,01.01.01,DAS01,,CAF3398,"2801.673203715773"
"3399",contact,"contact, certain",N,"-9",certain,certain,,01.01.01,DAS01,,CAF3399,"1679.262218511617"
"3400",contact,"contact, certain",N,"-9",certain,certain,,01.01.01,DAS01,,CAF3400,"3390.033295523786"
"3401",contact,"contact, certain",N,"-9",certain,certain,,01.01.01,DAS01,,CAF3401,"4803.931785526301"
"3402",contact,"contact, certain",N,"-9",certain,certain,,01.01.01,DAS01,,CAF3402,"219.9923369203895"
"3403",contact,"contact, certain",N,"-9",certain,certain,,01.01.01,DAS01,,CAF3403,"1155.736728117802"
"3404",contact,"contact, certain",N,"-9",certain,certain,,01.01.01,DAS01,,CAF3404,"6599.886803584625"
"3405",contact,"contact, certain",N,"-9",certain,certain,,01.01.01,DAS01,,CAF3405,"1823.263960240442"
"3406",contact,"contact, certain",N,"-9",certain,certain,,01.01.01,DAS01,,CAF3406,"447.0598061371726"
"3407",contact,"contact, certain",N,"-9",certain,certain,,01.01.01,DAS01,,CAF3407,"2226.901139853177"
"3408",contact,"contact, certain",N,"-9",certain,certain,,01.01.01,DAS01,,CAF3408,"365.8943976580921"
"3409",contact,"contact, certain",N,"-9",certain,certain,,01.01.01,DAS01,,CAF3409,"3379.711612748309"
"3410",contact,"contact, certain",N,"-9",certain,certain,,01.01.01,DAS01,scratch boundary,CAF3410,"700.4997827595965"
"3411",contact,"contact, certain",N,"-9",certain,certain,,01.01.01,DAS01,,CAF3411,"1308.810081029907"
"3412",contact,"contact, certain",N,"-9",certain,certain,,01.01.01,DAS01,,CAF3412,"1329.123640492099"
"3413",contact,"contact, certain",N,"-9",certain,certain,,01.01.01,DAS01,,CAF3413,"2508.051532614068"
"3414",contact,"contact, certain",N,"-9",certain,certain,,01.01.01,DAS01,,CAF3414,"1552.145110635855"
"3415",contact,"contact, certain",N,"-9",certain,certain,,01.01.01,DAS01,,CAF3415,"470.6358384800324"
"3416",contact,"contact, certain",N,"-9",certain,certain,,01.01.01,DAS01,,CAF3416,"789.8476757145722"
"3417",contact,"contact, certain",N,"-9",certain,certain,,01.01.01,DAS01,,CAF3417,"3194.007409783151"
"3418",contact,"contact, certain",N,"-9",certain,certain,,01.01.01,DAS01,,CAF3418,"11167.45577735981"
"3419",contact,"contact, certain",N,"-9",certain,certain,,01.01.01,DAS01,,CAF3419,"611.4486407897878"
"3420",contact,"contact, certain",N,"-9",certain,certain,,01.01.01,DAS01,,CAF3420,"428.167416874325"
"3421",contact,"contact, certain",N,"-9",certain,certain,,01.01.01,DAS01,,CAF3421,"1684.4949308922"
"3422",contact,"contact, certain",N,"-9",certain,certain,,01.01.01,DAS01,,CAF3422,"5348.195493244286"
"3423",contact,"contact, certain",N,"-9",certain,certain,,01.01.01,DAS01,,CAF3423,"655.3072736732081"
"3424",contact,"contact, certain",N,"-9",certain,certain,,01.01.01,DAS01,,CAF3424,"2694.665270991643"
"3425",contact,"contact, certain",N,"-9",certain,certain,,01.01.01,DAS01,,CAF3425,"1996.604301547769"
"3426",contact,"contact, certain",N,"-9",certain,certain,,01.01.01,DAS01,,CAF3426,"316.8000764066209"
"3427",contact,"contact, certain",N,"-9",certain,certain,,01.01.01,DAS01,,CAF3427,"419.2728132408396"
"3428",contact,"contact, certain",N,"-9",certain,certain,,01.01.01,DAS01,,CAF3428,"974.7433601066953"
"3429",contact,"contact, certain",N,"-9",certain,certain,,01.01.01,DAS01,,CAF3429,"2077.265663258141"
"3430",contact,"contact, certain",N,"-9",certain,certain,,01.01.01,DAS01,,CAF3430,"5592.426778716241"
"3431",contact,"contact, certain",N,"-9",certain,certain,,01.01.01,DAS01,,CAF3431,"1371.283568658399"
"3432",contact,"contact, certain",N,"-9",certain,certain,,01.01.01,DAS01,,CAF3432,"3274.438550992325"
"3433",contact,"contact, certain",N,"-9",certain,certain,,01.01.01,DAS01,,CAF3433,"783.7524069903934"
"3434",contact,"contact, certain",N,"-9",certain,certain,,01.01.01,DAS01,,CAF3434,"6055.007454576941"
"3435",contact,"contact, certain",N,"-9",certain,certain,,01.01.01,DAS01,,CAF3435,"509.2869535048013"
"3436",contact,"contact, certain",N,"-9",certain,certain,,01.01.01,DAS01,,CAF3436,"2076.300880421554"
"3437",contact,"contact, certain",N,"-9",certain,certain,,01.01.01,DAS01,,CAF3437,"322.1329562852142"
"3438",contact,"contact, certain",N,"-9",certain,certain,,01.01.01,DAS01,,CAF3438,"1578.377482601014"
"3439",contact,"contact, certain",N,"-9",certain,certain,,01.01.01,DAS01,,CAF3439,"7884.780237342681"
"3440",contact,"contact, certain",N,"-9",certain,certain,,01.01.01,DAS01,,CAF3440,"1133.089236162574"
"3441",contact,"contact, certain",N,"-9",certain,certain,,01.01.01,DAS01,,CAF3441,"914.4995174827772"
"3442",contact,"contact, certain",N,"-9",certain,certain,,01.01.01,DAS01,,CAF3442,"270.0848236396803"
"3443",contact,"contact, certain",N,"-9",certain,certain,,01.01.01,DAS01,,CAF3443,"2964.091937173481"
"3444",contact,"contact, certain",N,"-9",certain,certain,,01.01.01,DAS01,,CAF3444,"1398.561215245078"
"3445",contact,"contact, certain",N,"-9",certain,certain,,01.01.01,DAS01,,CAF3445,"1397.633300701362"
"3446",contact,"contact, certain",N,"-9",certain,certain,,01.01.01,DAS01,,CAF3446,"2895.365624864698"
"3447",contact,"contact, certain",N,"-9",certain,certain,,01.01.01,DAS01,,CAF3447,"813.9346424099965"
"3448",contact,"contact, certain",N,"-9",certain,certain,,01.01.01,DAS01,,CAF3448,"341.6293465575367"
"3449",contact,"contact, certain",N,"-9",certain,certain,,01.01.01,DAS01,,CAF3449,"1218.016000203049"
"3450",contact,"contact, certain",N,"-9",certain,certain,,01.01.01,DAS01,,CAF3450,"325.6892958476453"
"3451",contact,"contact, certain",N,"-9",certain,certain,,01.01.01,DAS01,,CAF3451,"3860.965699793007"
"3452",contact,"contact, certain",N,"-9",certain,certain,,01.01.01,DAS01,,CAF3452,"3026.090223105919"
"3453",contact,"contact, certain",N,"-9",certain,certain,,01.01.01,DAS01,,CAF3453,"7555.61051175328"
"3454",contact,"contact, certain",N,"-9",certain,certain,,01.01.01,DAS01,,CAF3454,"1093.945801774189"
"3455",contact,"contact, certain",N,"-9",certain,certain,,01.01.01,DAS01,,CAF3455,"621.5903032717335"
"3456",contact,"contact, certain",N,"-9",certain,certain,,01.01.01,DAS01,,CAF3456,"322.6946476538927"
"3457",contact,"contact, certain",N,"-9",certain,certain,,01.01.01,DAS01,,CAF3457,"1286.542501583182"
"3458",contact,"contact, certain",N,"-9",certain,certain,,01.01.01,DAS01,,CAF3458,"1013.118764283143"
"3459",contact,"contact, certain",N,"-9",certain,certain,,01.01.01,DAS01,,CAF3459,"4333.958889566615"
"3460",contact,"contact, certain",N,"-9",certain,certain,,01.01.01,DAS01,,CAF3460,"643.5226528717556"
"3461",contact,"contact, certain",N,"-9",certain,certain,,01.01.01,DAS01,,CAF3461,"1891.534853013569"
"3462",contact,"contact, certain",N,"-9",certain,certain,,01.01.01,DAS01,,CAF3462,"3942.197028650026"
"3463",contact,"contact, certain",N,"-9",certain,certain,,01.01.01,DAS01,,CAF3463,"4266.877764553245"
"3464",contact,"contact, certain",N,"-9",certain,certain,,01.01.01,DAS01,,CAF3464,"12430.9597810239"
"3465",contact,"contact, certain",N,"-9",certain,certain,,01.01.01,DAS01,,CAF3465,"937.214758160488"
"3466",contact,"contact, certain",N,"-9",certain,certain,,01.01.01,DAS01,,CAF3466,"3037.725648050317"
"3467",contact,"contact, certain",N,"-9",certain,certain,,01.01.01,DAS01,,CAF3467,"33091.25362167749"
"3468",contact,"contact, certain",N,"-9",certain,certain,,01.01.01,DAS01,,CAF3468,"1242.722241237855"
"3469",contact,"contact, certain",N,"-9",certain,certain,,01.01.01,DAS01,,CAF3469,"1872.634403089913"
"3470",contact,"contact, certain",N,"-9",certain,certain,,01.01.01,DAS01,,CAF3470,"2240.082162506485"
"3471",contact,"contact, certain",N,"-9",certain,certain,,01.01.01,DAS01,,CAF3471,"493.4537258543486"
"3472",contact,"contact, certain",N,"-9",certain,certain,,01.01.01,DAS01,,CAF3472,"5829.464445137188"
"3473",contact,"contact, certain",N,"-9",certain,certain,,01.01.01,DAS01,,CAF3473,"2905.563727954921"
"3474",contact,"contact, certain",N,"-9",certain,certain,,01.01.01,DAS01,,CAF3474,"3296.906564728291"
"3475",contact,"contact, certain",N,"-9",certain,certain,,01.01.01,DAS01,,CAF3475,"1430.282501113093"
"3476",contact,"contact, certain",N,"-9",certain,certain,,01.01.01,DAS01,,CAF3476,"1662.804867622422"
"3477",contact,"contact, certain",N,"-9",certain,certain,,01.01.01,DAS01,,CAF3477,"2891.050488495775"
"3478",contact,"contact, certain",N,"-9",certain,certain,,01.01.01,DAS01,,CAF3478,"6545.419766137014"
"3479",contact,"contact, certain",N,"-9",certain,certain,,01.01.01,DAS01,,CAF3479,"1828.245387542194"
"3480",contact,"contact, certain",N,"-9",certain,certain,,01.01.01,DAS01,,CAF3480,"874.9107977376992"
"3481",contact,"contact, certain",N,"-9",certain,certain,,01.01.01,DAS01,,CAF3481,"4441.232996223839"
"3482",contact,"contact, certain",N,"-9",certain,certain,,01.01.01,DAS01,,CAF3482,"902.8685241077259"
"3483",contact,"contact, certain",N,"-9",certain,certain,,01.01.01,DAS01,,CAF3483,"174.4882901574055"
"3484",contact,"contact, certain",N,"-9",certain,certain,,01.01.01,DAS01,,CAF3484,"1256.815200925294"
"3485",contact,"contact, certain",N,"-9",certain,certain,,01.01.01,DAS01,,CAF3485,"1389.779337919305"
"3486",contact,"contact, certain",N,"-9",certain,certain,,01.01.01,DAS01,,CAF3486,"1488.202456116707"
"3487",contact,"contact, certain",N,"-9",certain,certain,,01.01.01,DAS01,,CAF3487,"2333.870578192248"
"3488",contact,"contact, certain",N,"-9",certain,certain,,01.01.01,DAS01,,CAF3488,"625.9585689078042"
"3489",contact,"contact, certain",N,"-9",certain,certain,,01.01.01,DAS01,,CAF3489,"480.4755794269805"
"3490",contact,"contact, certain",N,"-9",certain,certain,,01.01.01,DAS01,,CAF3490,"2919.765170239804"
"3491",contact,"contact, certain",N,"-9",certain,certain,,01.01.01,DAS01,,CAF3491,"2360.93372940892"
"3492",contact,"contact, certain",N,"-9",certain,certain,,01.01.01,DAS01,,CAF3492,"3298.908695124591"
"3493",contact,"contact, certain",N,"-9",certain,certain,,01.01.01,DAS01,,CAF3493,"631.7360666722109"
"3494",contact,"contact, certain",N,"-9",certain,certain,,01.01.01,DAS01,,CAF3494,"858.1328095645067"
"3495",contact,"contact, certain",N,"-9",certain,certain,,01.01.01,DAS01,,CAF3495,"345.7928277530898"
"3496",contact,"contact, certain",N,"-9",certain,certain,,01.01.01,DAS01,,CAF3496,"4218.131102237952"
"3497",contact,"contact, certain",N,"-9",certain,certain,,01.01.01,DAS01,,CAF3497,"271.4028234124445"
"3498",contact,"contact, certain",N,"-9",certain,certain,,01.01.01,DAS01,,CAF3498,"30992.92563670997"
"3499",contact,"contact, certain",N,"-9",certain,certain,,01.01.01,DAS01,,CAF3499,"12050.97227316751"
"3500",contact,"contact, certain",N,"-9",certain,certain,,01.01.01,DAS01,,CAF3500,"5388.838228916108"
"3501",contact,"contact, certain",N,"-9",certain,certain,,01.01.01,DAS01,,CAF3501,"1650.561661623854"
"3502",contact,"contact, certain",N,"-9",certain,certain,,01.01.01,DAS01,,CAF3502,"655.8490652127444"
"3503",contact,"contact, certain",N,"-9",certain,certain,,01.01.01,DAS01,,CAF3503,"1125.042019749591"
"3504",contact,"contact, certain",N,"-9",certain,certain,,01.01.01,DAS01,,CAF3504,"3253.721216283135"
"3505",contact,"contact, certain",N,"-9",certain,certain,,01.01.01,DAS01,,CAF3505,"334.2482884445994"
"3506",contact,"contact, certain",N,"-9",certain,certain,,01.01.01,DAS01,,CAF3506,"2871.907123071317"
"3507",contact,"contact, certain",N,"-9",certain,certain,,01.01.01,DAS01,,CAF3507,"2503.712192342755"
"3508",contact,"contact, certain",N,"-9",certain,certain,,01.01.01,DAS01,,CAF3508,"577.6954256301418"
"3509",contact,"contact, certain",N,"-9",certain,certain,,01.01.01,DAS01,,CAF3509,"678.3751501356913"
"3510",contact,"contact, certain",N,"-9",certain,certain,,01.01.01,DAS01,,CAF3510,"7048.632501509172"
"3511",contact,"contact, certain",N,"-9",certain,certain,,01.01.01,DAS01,,CAF3511,"628.3477205406662"
"3512",contact,"contact, certain",N,"-9",certain,certain,,01.01.01,DAS01,,CAF3512,"1525.261669017921"
"3513",contact,"contact, certain",N,"-9",certain,certain,,01.01.01,DAS01,,CAF3513,"811.2651784093609"
"3514",contact,"contact, certain",N,"-9",certain,certain,,01.01.01,DAS01,,CAF3514,"2052.994261686523"
"3515",contact,"contact, certain",N,"-9",certain,certain,,01.01.01,DAS01,,CAF3515,"2225.816370926417"
"3516",contact,"contact, certain",N,"-9",certain,certain,,01.01.01,DAS01,,CAF3516,"216.2689821801147"
"3517",contact,"contact, certain",N,"-9",certain,certain,,01.01.01,DAS01,,CAF3517,"1846.74430900537"
"3518",contact,"contact, certain",N,"-9",certain,certain,,01.01.01,DAS01,,CAF3518,"4979.829458295769"
"3519",contact,"contact, certain",N,"-9",certain,certain,,01.01.01,DAS01,,CAF3519,"908.0104610061931"
"3520",contact,"contact, certain",N,"-9",certain,certain,,01.01.01,DAS01,,CAF3520,"3686.579599056111"
"3521",contact,"contact, certain",N,"-9",certain,certain,,01.01.01,DAS01,,CAF3521,"1096.523413215278"
"3522",contact,"contact, certain",N,"-9",certain,certain,,01.01.01,DAS01,,CAF3522,"2759.384485264051"
"3523",contact,"contact, certain",N,"-9",certain,certain,,01.01.01,DAS01,,CAF3523,"250.8842515957619"
"3524",contact,"contact, certain",N,"-9",certain,certain,,01.01.01,DAS01,,CAF3524,"40711.62396170232"
"3525",contact,"contact, certain",N,"-9",certain,certain,,01.01.01,DAS01,,CAF3525,"4327.575287326595"
"3526",contact,"contact, certain",N,"-9",certain,certain,,01.01.01,DAS01,,CAF3526,"1821.118813620768"
"3527",contact,"contact, certain",N,"-9",certain,certain,,01.01.01,DAS01,,CAF3527,"4631.845499250166"
"3528",contact,"contact, certain",N,"-9",certain,certain,,01.01.01,DAS01,,CAF3528,"3214.684285661414"
"3529",contact,"contact, certain",N,"-9",certain,certain,,01.01.01,DAS01,,CAF3529,"1256.69940299619"
"3530",contact,"contact, certain",N,"-9",certain,certain,,01.01.01,DAS01,,CAF3530,"364.0966106319362"
"3531",contact,"contact, certain",N,"-9",certain,certain,,01.01.01,DAS01,,CAF3531,"995.7304795310564"
"3532",contact,"contact, certain",N,"-9",certain,certain,,01.01.01,DAS01,,CAF3532,"6924.433092939516"
"3533",contact,"contact, certain",N,"-9",certain,certain,,01.01.01,DAS01,,CAF3533,"829.6727821287611"
"3534",contact,"contact, certain",N,"-9",certain,certain,,01.01.01,DAS01,,CAF3534,"2372.980601796522"
"3535",contact,"contact, certain",N,"-9",certain,certain,,01.01.01,DAS01,,CAF3535,"11369.43030045389"
"3536",contact,"contact, certain",N,"-9",certain,certain,,01.01.01,DAS01,,CAF3536,"1561.515607325967"
"3537",contact,"contact, certain",N,"-9",certain,certain,,01.01.01,DAS01,,CAF3537,"3016.833726328344"
"3538",contact,"contact, certain",N,"-9",certain,certain,,01.01.01,DAS01,,CAF3538,"31418.22868174867"
"3539",contact,"contact, certain",N,"-9",certain,certain,,01.01.01,DAS01,,CAF3539,"13263.49384791301"
"3540",contact,"contact, certain",N,"-9",certain,certain,,01.01.01,DAS01,,CAF3540,"325.8277662585449"
"3541",contact,"contact, certain",N,"-9",certain,certain,,01.01.01,DAS01,,CAF3541,"745.2218792846012"
"3542",contact,"contact, certain",N,"-9",certain,certain,,01.01.01,DAS01,,CAF3542,"2845.820679428502"
"3543",contact,"contact, certain",N,"-9",certain,certain,,01.01.01,DAS01,,CAF3543,"1579.768381598726"
"3544",contact,"contact, certain",N,"-9",certain,certain,,01.01.01,DAS01,,CAF3544,"1328.014438836578"
"3545",contact,"contact, certain",N,"-9",certain,certain,,01.01.01,DAS01,,CAF3545,"3072.089426197439"
"3546",contact,"contact, certain",N,"-9",certain,certain,,01.01.01,DAS01,,CAF3546,"879.984777023391"
"3547",contact,"contact, certain",N,"-9",certain,certain,,01.01.01,DAS01,,CAF3547,"1262.716402338644"
"3548",contact,"contact, certain",N,"-9",certain,certain,,01.01.01,DAS01,,CAF3548,"1571.99331285667"
"3549",contact,"contact, certain",N,"-9",certain,certain,,01.01.01,DAS01,,CAF3549,"1336.753752996515"
"3550",contact,"contact, certain",N,"-9",certain,certain,,01.01.01,DAS01,,CAF3550,"3028.450367115083"
"3551",contact,"contact, certain",N,"-9",certain,certain,,01.01.01,DAS01,,CAF3551,"231.4545093143828"
"3552",contact,"contact, certain",N,"-9",certain,certain,,01.01.01,DAS01,,CAF3552,"1086.229918285487"
"3553",contact,"contact, certain",N,"-9",certain,certain,,01.01.01,DAS01,,CAF3553,"5697.526564872418"
"3554",contact,"contact, certain",N,"-9",certain,certain,,01.01.01,DAS01,,CAF3554,"2680.314411952224"
"3555",contact,"contact, certain",N,"-9",certain,certain,,01.01.01,DAS01,,CAF3555,"2173.433880253413"
"3556",contact,"contact, certain",N,"-9",certain,certain,,01.01.01,DAS01,,CAF3556,"337.0280302704494"
"3557",contact,"contact, certain",N,"-9",certain,certain,,01.01.01,DAS01,,CAF3557,"758.6251225502887"
"3558",contact,"contact, certain",N,"-9",certain,certain,,01.01.01,DAS01,,CAF3558,"141.4147680510944"
"3559",contact,"contact, certain",N,"-9",certain,certain,,01.01.01,DAS01,,CAF3559,"1632.670626443857"
"3560",contact,"contact, certain",N,"-9",certain,certain,,01.01.01,DAS01,,CAF3560,"517.034092206496"
"3561",contact,"contact, certain",N,"-9",certain,certain,,01.01.01,DAS01,,CAF3561,"183.8182774667709"
"3562",contact,"contact, certain",N,"-9",certain,certain,,01.01.01,DAS01,,CAF3562,"401.8114367351856"
"3563",contact,"contact, certain",N,"-9",certain,certain,,01.01.01,DAS01,,CAF3563,"1139.731801156149"
"3564",contact,"contact, certain",N,"-9",certain,certain,,01.01.01,DAS01,,CAF3564,"1838.749043336741"
"3565",contact,"contact, certain",N,"-9",certain,certain,,01.01.01,DAS01,,CAF3565,"819.0264233187029"
"3566",contact,"contact, certain",N,"-9",certain,certain,,01.01.01,DAS01,,CAF3566,"1464.910078689272"
"3567",contact,"contact, certain",N,"-9",certain,certain,,01.01.01,DAS01,,CAF3567,"537.5326526290431"
"3568",contact,"contact, certain",N,"-9",certain,certain,,01.01.01,DAS01,,CAF3568,"1303.012587325044"
"3569",contact,"contact, certain",N,"-9",certain,certain,,01.01.01,DAS01,,CAF3569,"2967.764358767405"
"3570",contact,"contact, certain",N,"-9",certain,certain,,01.01.01,DAS01,,CAF3570,"946.5016248018804"
"3571",contact,"contact, certain",N,"-9",certain,certain,,01.01.01,DAS01,,CAF3571,"174.1660168789054"
"3572",contact,"contact, certain",N,"-9",certain,certain,,01.01.01,DAS01,,CAF3572,"393.145764880218"
"3573",contact,"contact, certain",N,"-9",certain,certain,,01.01.01,DAS01,,CAF3573,"470.9612702777568"
"3574",contact,"contact, certain",N,"-9",certain,certain,,01.01.01,DAS01,,CAF3574,"2234.347020552054"
"3575",contact,"contact, certain",N,"-9",certain,certain,,01.01.01,DAS01,,CAF3575,"2270.72403778595"
"3576",contact,"contact, certain",N,"-9",certain,certain,,01.01.01,DAS01,,CAF3576,"576.6964415218785"
"3577",contact,"contact, certain",N,"-9",certain,certain,,01.01.01,DAS01,,CAF3577,"375.5297333776216"
"3578",contact,"contact, certain",N,"-9",certain,certain,,01.01.01,DAS01,,CAF3578,"1402.619931941848"
"3579",contact,"contact, certain",N,"-9",certain,certain,,01.01.01,DAS01,,CAF3579,"641.5494662471924"
"3580",contact,"contact, certain",N,"-9",certain,certain,,01.01.01,DAS01,,CAF3580,"3105.860139217052"
"3581",contact,"contact, certain",N,"-9",certain,certain,,01.01.01,DAS01,,CAF3581,"795.6668993757463"
"3582",contact,"contact, certain",N,"-9",certain,certain,,01.01.01,DAS01,,CAF3582,"1835.048177104314"
"3583",contact,"contact, certain",N,"-9",certain,certain,,01.01.01,DAS01,,CAF3583,"11811.34794928975"
"3584",contact,"contact, certain",N,"-9",certain,certain,,01.01.01,DAS01,,CAF3584,"1182.933889821074"
"3585",contact,"contact, certain",N,"-9",certain,certain,,01.01.01,DAS01,,CAF3585,"873.4551128821817"
"3586",contact,"contact, certain",N,"-9",certain,certain,,01.01.01,DAS01,,CAF3586,"10540.8725083882"
"3587",contact,"contact, certain",N,"-9",certain,certain,,01.01.01,DAS01,,CAF3587,"6093.104426744472"
"3588",contact,"contact, certain",N,"-9",certain,certain,,01.01.01,DAS01,,CAF3588,"822.7830606956005"
"3589",contact,"contact, certain",N,"-9",certain,certain,,01.01.01,DAS01,,CAF3589,"459.4355210980879"
"3590",contact,"contact, certain",N,"-9",certain,certain,,01.01.01,DAS01,,CAF3590,"13380.27360532361"
"3591",contact,"contact, certain",N,"-9",certain,certain,,01.01.01,DAS01,,CAF3591,"720.2306339518386"
"3592",contact,"contact, certain",N,"-9",certain,certain,,01.01.01,DAS01,,CAF3592,"841.2028111828837"
"3593",contact,"contact, certain",N,"-9",certain,certain,,01.01.01,DAS01,,CAF3593,"885.4315854858988"
"3594",contact,"contact, certain",N,"-9",certain,certain,,01.01.01,DAS01,,CAF3594,"401.7836652330942"
"3595",contact,"contact, certain",N,"-9",certain,certain,,01.01.01,DAS01,,CAF3595,"7470.864245333445"
"3596",contact,"contact, certain",N,"-9",certain,certain,,01.01.01,DAS01,,CAF3596,"1093.92076739367"
"3597",contact,"contact, certain",N,"-9",certain,certain,,01.01.01,DAS01,,CAF3597,"196.5665501366281"
"3598",contact,"contact, certain",N,"-9",certain,certain,,01.01.01,DAS01,,CAF3598,"1583.785451738938"
"3599",contact,"contact, certain",N,"-9",certain,certain,,01.01.01,DAS01,,CAF3599,"1204.859668513329"
"3600",contact,"contact, certain",N,"-9",certain,certain,,01.01.01,DAS01,,CAF3600,"239.8004013447945"
"3601",contact,"contact, certain",N,"-9",certain,certain,,01.01.01,DAS01,,CAF3601,"6429.578325304763"
"3602",contact,"contact, certain",N,"-9",certain,certain,,01.01.01,DAS01,,CAF3602,"1100.02769096051"
"3603",contact,"contact, certain",N,"-9",certain,certain,,01.01.01,DAS01,,CAF3603,"3795.454120872121"
"3604",contact,"contact, certain",N,"-9",certain,certain,,01.01.01,DAS01,,CAF3604,"320.0216476609723"
"3605",contact,"contact, certain",N,"-9",certain,certain,,01.01.01,DAS01,,CAF3605,"3861.37092196292"
"3606",contact,"contact, certain",N,"-9",certain,certain,,01.01.01,DAS01,,CAF3606,"2315.721527454672"
"3607",contact,"contact, certain",N,"-9",certain,certain,,01.01.01,DAS01,,CAF3607,"1486.328574989075"
"3608",contact,"contact, certain",N,"-9",certain,certain,,01.01.01,DAS01,,CAF3608,"18234.60861127858"
"3609",contact,"contact, certain",N,"-9",certain,certain,,01.01.01,DAS01,,CAF3609,"1554.276700477738"
"3610",contact,"contact, certain",N,"-9",certain,certain,,01.01.01,DAS01,,CAF3610,"541.8719859663715"
"3611",contact,"contact, certain",N,"-9",certain,certain,,01.01.01,DAS01,,CAF3611,"7804.896883889524"
"3612",contact,"contact, certain",N,"-9",certain,certain,,01.01.01,DAS01,,CAF3612,"885.8341805756152"
"3613",contact,"contact, certain",N,"-9",certain,certain,,01.01.01,DAS01,,CAF3613,"1057.431985016714"
"3614",contact,"contact, certain",N,"-9",certain,certain,,01.01.01,DAS01,,CAF3614,"445.4385178990063"
"3615",contact,"contact, certain",N,"-9",certain,certain,,01.01.01,DAS01,,CAF3615,"6480.413397473774"
"3616",contact,"contact, certain",N,"-9",certain,certain,,01.01.01,DAS01,,CAF3616,"2444.855319255224"
"3617",contact,"contact, certain",N,"-9",certain,certain,,01.01.01,DAS01,,CAF3617,"3368.247460323245"
"3618",contact,"contact, certain",N,"-9",certain,certain,,01.01.01,DAS01,,CAF3618,"1701.307424928987"
"3619",contact,"contact, certain",N,"-9",certain,certain,,01.01.01,DAS01,,CAF3619,"399.2409142831007"
"3620",contact,"contact, certain",N,"-9",certain,certain,,01.01.01,DAS01,,CAF3620,"2162.465275810226"
"3621",contact,"contact, certain",N,"-9",certain,certain,,01.01.01,DAS01,,CAF3621,"6242.756245941555"
"3622",contact,"contact, certain",N,"-9",certain,certain,,01.01.01,DAS01,,CAF3622,"3591.918821972798"
"3623",contact,"contact, certain",N,"-9",certain,certain,,01.01.01,DAS01,,CAF3623,"455.8382857441742"
"3624",contact,"contact, certain",N,"-9",certain,certain,,01.01.01,DAS01,,CAF3624,"5707.421593463716"
"3625",contact,"contact, certain",N,"-9",certain,certain,,01.01.01,DAS01,,CAF3625,"7281.988738376076"
"3626",contact,"contact, certain",N,"-9",certain,certain,,01.01.01,DAS01,,CAF3626,"925.9091377598379"
"3627",contact,"contact, certain",N,"-9",certain,certain,,01.01.01,DAS01,,CAF3627,"2141.273263084022"
"3628",contact,"contact, certain",N,"-9",certain,certain,,01.01.01,DAS01,,CAF3628,"636.0127077576917"
"3629",contact,"contact, certain",N,"-9",certain,certain,,01.01.01,DAS01,,CAF3629,"1491.55990575145"
"3630",contact,"contact, certain",N,"-9",certain,certain,,01.01.01,DAS01,,CAF3630,"1971.896301168669"
"3631",contact,"contact, certain",N,"-9",certain,certain,,01.01.01,DAS01,,CAF3631,"2680.69841742497"
"3632",contact,"contact, certain",N,"-9",certain,certain,,01.01.01,DAS01,,CAF3632,"2560.936975613944"
"3633",contact,"contact, certain",N,"-9",certain,certain,,01.01.01,DAS01,,CAF3633,"139.3535732618018"
"3634",contact,"contact, certain",N,"-9",certain,certain,,01.01.01,DAS01,,CAF3634,"5066.06405219895"
"3635",contact,"contact, certain",N,"-9",certain,certain,,01.01.01,DAS01,,CAF3635,"2016.517735324107"
"3636",contact,"contact, certain",N,"-9",certain,certain,,01.01.01,DAS01,,CAF3636,"357.8256947831892"
"3637",contact,"contact, certain",N,"-9",certain,certain,,01.01.01,DAS01,,CAF3637,"2132.812986839129"
"3638",contact,"contact, certain",N,"-9",certain,certain,,01.01.01,DAS01,,CAF3638,"600.6637592073223"
"3639",contact,"contact, certain",N,"-9",certain,certain,,01.01.01,DAS01,,CAF3639,"241.2787049930923"
"3640",contact,"contact, certain",N,"-9",certain,certain,,01.01.01,DAS01,,CAF3640,"1350.40168155027"
"3641",contact,"contact, certain",N,"-9",certain,certain,,01.01.01,DAS01,,CAF3641,"505.623406823399"
"3642",contact,"contact, certain",N,"-9",certain,certain,,01.01.01,DAS01,,CAF3642,"694.6418839333294"
"3643",contact,"contact, certain",N,"-9",certain,certain,,01.01.01,DAS01,,CAF3643,"2346.061223103554"
"3644",contact,"contact, certain",N,"-9",certain,certain,,01.01.01,DAS01,,CAF3644,"2672.883181938972"
"3645",contact,"contact, certain",N,"-9",certain,certain,,01.01.01,DAS01,,CAF3645,"3848.517532502409"
"3646",contact,"contact, certain",N,"-9",certain,certain,,01.01.01,DAS01,,CAF3646,"1912.845524472614"
"3647",contact,"contact, certain",N,"-9",certain,certain,,01.01.01,DAS01,,CAF3647,"805.0408055813156"
"3648",contact,"contact, certain",N,"-9",certain,certain,,01.01.01,DAS01,,CAF3648,"149.622911703118"
"3649",contact,"contact, certain",N,"-9",certain,certain,,01.01.01,DAS01,,CAF3649,"287.8541576141805"
"3650",contact,"contact, certain",N,"-9",certain,certain,,01.01.01,DAS01,,CAF3650,"1608.297798751006"
"3651",contact,"contact, certain",N,"-9",certain,certain,,01.01.01,DAS01,,CAF3651,"355.6679282542562"
"3652",contact,"contact, certain",N,"-9",certain,certain,,01.01.01,DAS01,,CAF3652,"492.615522176903"
"3653",contact,"contact, certain",N,"-9",certain,certain,,01.01.01,DAS01,,CAF3653,"4115.507195132467"
"3654",contact,"contact, certain",N,"-9",certain,certain,,01.01.01,DAS01,,CAF3654,"926.7641741413054"
"3655",contact,"contact, certain",N,"-9",certain,certain,,01.01.01,DAS01,,CAF3655,"901.7613886397862"
"3656",contact,"contact, certain",N,"-9",certain,certain,,01.01.01,DAS01,,CAF3656,"5050.596335333792"
"3657",contact,"contact, certain",N,"-9",certain,certain,,01.01.01,DAS01,,CAF3657,"1391.188562212726"
"3658",contact,"contact, certain",N,"-9",certain,certain,,01.01.01,DAS01,,CAF3658,"403.7160722868862"
"3659",contact,"contact, certain",N,"-9",certain,certain,,01.01.01,DAS01,,CAF3659,"2959.768443598096"
"3660",contact,"contact, certain",N,"-9",certain,certain,,01.01.01,DAS01,,CAF3660,"4494.820479132469"
"3661",contact,"contact, certain",N,"-9",certain,certain,,01.01.01,DAS01,,CAF3661,"637.5210254021373"
"3662",contact,"contact, certain",N,"-9",certain,certain,,01.01.01,DAS01,,CAF3662,"2574.580493992627"
"3663",contact,"contact, certain",N,"-9",certain,certain,,01.01.01,DAS01,,CAF3663,"4735.549133153347"
"3664",contact,"contact, certain",N,"-9",certain,certain,,01.01.01,DAS01,,CAF3664,"485.017211739071"
"3665",contact,"contact, certain",N,"-9",certain,certain,,01.01.01,DAS01,,CAF3665,"8736.914992316417"
"3666",contact,"contact, certain",N,"-9",certain,certain,,01.01.01,DAS01,,CAF3666,"2655.53658325161"
"3667",contact,"contact, certain",N,"-9",certain,certain,,01.01.01,DAS01,,CAF3667,"1863.181615022875"
"3668",contact,"contact, certain",N,"-9",certain,certain,,01.01.01,DAS01,,CAF3668,"1181.72684913986"
"3669",contact,"contact, certain",N,"-9",certain,certain,,01.01.01,DAS01,,CAF3669,"17360.60503314508"
"3670",contact,"contact, certain",N,"-9",certain,certain,,01.01.01,DAS01,,CAF3670,"792.5523498214127"
"3671",contact,"contact, certain",N,"-9",certain,certain,,01.01.01,DAS01,,CAF3671,"1492.474676223393"
"3672",contact,"contact, certain",N,"-9",certain,certain,,01.01.01,DAS01,,CAF3672,"1435.892866342673"
"3673",contact,"contact, certain",N,"-9",certain,certain,,01.01.01,DAS01,,CAF3673,"1396.088470074769"
"3674",contact,"contact, certain",N,"-9",certain,certain,,01.01.01,DAS01,,CAF3674,"1056.109820440383"
"3675",contact,"contact, certain",N,"-9",certain,certain,,01.01.01,DAS01,,CAF3675,"28450.52462954553"
"3676",contact,"contact, certain",N,"-9",certain,certain,,01.01.01,DAS01,,CAF3676,"285.7481820947275"
"3677",contact,"contact, certain",N,"-9",certain,certain,,01.01.01,DAS01,,CAF3677,"2194.763643672974"
"3678",contact,"contact, certain",N,"-9",certain,certain,,01.01.01,DAS01,,CAF3678,"7660.419473540876"
"3679",contact,"contact, certain",N,"-9",certain,certain,,01.01.01,DAS01,,CAF3679,"178.8285691182303"
"3680",contact,"contact, certain",N,"-9",certain,certain,,01.01.01,DAS01,,CAF3680,"729.3284995013154"
"3681",contact,"contact, certain",N,"-9",certain,certain,,01.01.01,DAS01,,CAF3681,"918.4906242214165"
"3682",contact,"contact, certain",N,"-9",certain,certain,,01.01.01,DAS01,,CAF3682,"5516.922173383205"
"3683",contact,"contact, certain",N,"-9",certain,certain,,01.01.01,DAS01,,CAF3683,"10976.00334138126"
"3684",contact,"contact, certain",N,"-9",certain,certain,,01.01.01,DAS01,,CAF3684,"12465.78361836511"
"3685",contact,"contact, certain",N,"-9",certain,certain,,01.01.01,DAS01,,CAF3685,"1873.727144523718"
"3686",contact,"contact, certain",N,"-9",certain,certain,,01.01.01,DAS01,,CAF3686,"1823.138004428263"
"3687",contact,"contact, certain",N,"-9",certain,certain,,01.01.01,DAS01,,CAF3687,"3438.397607378211"
"3688",contact,"contact, certain",N,"-9",certain,certain,,01.01.01,DAS01,,CAF3688,"18685.18172087425"
"3689",contact,"contact, certain",N,"-9",certain,certain,,01.01.01,DAS01,,CAF3689,"297.1317988340326"
"3690",contact,"contact, certain",N,"-9",certain,certain,,01.01.01,DAS01,,CAF3690,"292.6166969156524"
"3691",contact,"contact, certain",N,"-9",certain,certain,,01.01.01,DAS01,,CAF3691,"1524.503839718396"
"3692",contact,"contact, certain",N,"-9",certain,certain,,01.01.01,DAS01,,CAF3692,"913.0893687516759"
"3693",contact,"contact, certain",N,"-9",certain,certain,,01.01.01,DAS01,,CAF3693,"4113.48995252575"
"3694",contact,"contact, certain",N,"-9",certain,certain,,01.01.01,DAS01,,CAF3694,"12465.71474000802"
"3695",contact,"contact, certain",N,"-9",certain,certain,,01.01.01,DAS01,,CAF3695,"2860.221796768972"
"3696",contact,"contact, certain",N,"-9",certain,certain,,01.01.01,DAS01,,CAF3696,"354.2526178581828"
"3697",contact,"contact, certain",N,"-9",certain,certain,,01.01.01,DAS01,,CAF3697,"1802.502708765658"
"3698",contact,"contact, certain",N,"-9",certain,certain,,01.01.01,DAS01,,CAF3698,"1878.742780802528"
"3699",contact,"contact, certain",N,"-9",certain,certain,,01.01.01,DAS01,,CAF3699,"1480.752297754046"
"3700",contact,"contact, certain",N,"-9",certain,certain,,01.01.01,DAS01,,CAF3700,"1303.336313734036"
"3701",contact,"contact, certain",N,"-9",certain,certain,,01.01.01,DAS01,,CAF3701,"2521.960011905853"
"3702",contact,"contact, certain",N,"-9",certain,certain,,01.01.01,DAS01,,CAF3702,"1171.178734842371"
"3703",contact,"contact, certain",N,"-9",certain,certain,,01.01.01,DAS01,,CAF3703,"10876.73706291546"
"3704",contact,"contact, certain",N,"-9",certain,certain,,01.01.01,DAS01,,CAF3704,"2020.55541697502"
"3705",contact,"contact, certain",N,"-9",certain,certain,,01.01.01,DAS01,,CAF3705,"7074.406170008938"
"3706",contact,"contact, certain",N,"-9",certain,certain,,01.01.01,DAS01,,CAF3706,"1852.788433140865"
"3707",contact,"contact, certain",N,"-9",certain,certain,,01.01.01,DAS01,,CAF3707,"13531.15589391136"
"3708",contact,"contact, certain",N,"-9",certain,certain,,01.01.01,DAS01,,CAF3708,"14747.71362850413"
"3709",contact,"contact, certain",N,"-9",certain,certain,,01.01.01,DAS01,,CAF3709,"100.6509670462774"
"3710",contact,"contact, certain",N,"-9",certain,certain,,01.01.01,DAS01,,CAF3710,"1277.969859182387"
"3711",contact,"contact, certain",N,"-9",certain,certain,,01.01.01,DAS01,,CAF3711,"640.5798376496298"
"3712",contact,"contact, certain",N,"-9",certain,certain,,01.01.01,DAS01,,CAF3712,"1172.027159824037"
"3713",contact,"contact, certain",N,"-9",certain,certain,,01.01.01,DAS01,,CAF3713,"1196.414591365179"
"3714",contact,"contact, certain",N,"-9",certain,certain,,01.01.01,DAS01,,CAF3714,"914.1674837970411"
"3715",contact,"contact, certain",N,"-9",certain,certain,,01.01.01,DAS01,,CAF3715,"484.4997157895938"
"3716",contact,"contact, certain",N,"-9",certain,certain,,01.01.01,DAS01,,CAF3716,"1957.220555338666"
"3717",contact,"contact, certain",N,"-9",certain,certain,,01.01.01,DAS01,,CAF3717,"1965.004297300268"
"3718",contact,"contact, certain",N,"-9",certain,certain,,01.01.01,DAS01,,CAF3718,"5673.228371497941"
"3719",contact,"contact, certain",N,"-9",certain,certain,,01.01.01,DAS01,,CAF3719,"14432.72532951736"
"3720",contact,"contact, certain",N,"-9",certain,certain,,01.01.01,DAS01,,CAF3720,"2665.14948032891"
"3721",contact,"contact, certain",N,"-9",certain,certain,,01.01.01,DAS01,,CAF3721,"1267.52242645796"
"3722",contact,"contact, certain",N,"-9",certain,certain,,01.01.01,DAS01,,CAF3722,"16179.49051631189"
"3723",contact,"contact, certain",N,"-9",certain,certain,,01.01.01,DAS01,,CAF3723,"17706.08715496025"
"3724",contact,"contact, certain",N,"-9",certain,certain,,01.01.01,DAS01,,CAF3724,"1608.924883819739"
"3725",contact,"contact, certain",N,"-9",certain,certain,,01.01.01,DAS01,,CAF3725,"1089.435007054107"
"3726",contact,"contact, certain",N,"-9",certain,certain,,01.01.01,DAS01,,CAF3726,"22277.99071570197"
"3727",contact,"contact, certain",N,"-9",certain,certain,,01.01.01,DAS01,,CAF3727,"457.7532096248267"
"3728",contact,"contact, certain",N,"-9",certain,certain,,01.01.01,DAS01,,CAF3728,"5922.722966486141"
"3729",contact,"contact, certain",N,"-9",certain,certain,,01.01.01,DAS01,,CAF3729,"2091.219931610762"
"3730",contact,"contact, certain",N,"-9",certain,certain,,01.01.01,DAS01,,CAF3730,"5533.910233325972"
"3731",contact,"contact, certain",N,"-9",certain,certain,,01.01.01,DAS01,,CAF3731,"458.0230945468433"
"3732",contact,"contact, certain",N,"-9",certain,certain,,01.01.01,DAS01,,CAF3732,"2620.51873087926"
"3733",contact,"contact, certain",N,"-9",certain,certain,,01.01.01,DAS01,,CAF3733,"9944.559546929828"
"3734",contact,"contact, certain",N,"-9",certain,certain,,01.01.01,DAS01,,CAF3734,"3414.659613320875"
"3735",contact,"contact, certain",N,"-9",certain,certain,,01.01.01,DAS01,,CAF3735,"585.9298586938457"
"3736",contact,"contact, certain",N,"-9",certain,certain,,01.01.01,DAS01,,CAF3736,"4683.116620588016"
"3737",contact,"contact, certain",N,"-9",certain,certain,,01.01.01,DAS01,,CAF3737,"6561.916301186237"
"3738",contact,"contact, certain",N,"-9",certain,certain,,01.01.01,DAS01,,CAF3738,"2766.545508481024"
"3739",contact,"contact, certain",N,"-9",certain,certain,,01.01.01,DAS01,,CAF3739,"4744.762409090518"
"3740",contact,"contact, certain",N,"-9",certain,certain,,01.01.01,DAS01,,CAF3740,"3656.804779732109"
"3741",contact,"contact, certain",N,"-9",certain,certain,,01.01.01,DAS01,,CAF3741,"13296.90932997219"
"3742",contact,"contact, certain",N,"-9",certain,certain,,01.01.01,DAS01,,CAF3742,"496.5057341753654"
"3743",contact,"contact, certain",N,"-9",certain,certain,,01.01.01,DAS01,,CAF3743,"7671.77678842733"
"3744",contact,"contact, certain",N,"-9",certain,certain,,01.01.01,DAS01,,CAF3744,"2681.34394909828"
"3745",contact,"contact, certain",N,"-9",certain,certain,,01.01.01,DAS01,,CAF3745,"502.2610174483623"
"3746",contact,"contact, certain",N,"-9",certain,certain,,01.01.01,DAS01,,CAF3746,"932.4261675342282"
"3747",contact,"contact, certain",N,"-9",certain,certain,,01.01.01,DAS01,,CAF3747,"1475.809867962232"
"3748",contact,"contact, certain",N,"-9",certain,certain,,01.01.01,DAS01,,CAF3748,"3373.416297321058"
"3749",contact,"contact, certain",N,"-9",certain,certain,,01.01.01,DAS01,,CAF3749,"17463.91217415992"
"3750",contact,"contact, certain",N,"-9",certain,certain,,01.01.01,DAS01,,CAF3750,"151.3085739674875"
"3751",contact,"contact, certain",N,"-9",certain,certain,,01.01.01,DAS01,,CAF3751,"6847.641870932292"
"3752",contact,"contact, certain",N,"-9",certain,certain,,01.01.01,DAS01,,CAF3752,"489.8446247396681"
"3753",contact,"contact, certain",N,"-9",certain,certain,,01.01.01,DAS01,,CAF3753,"2948.756594994831"
"3754",contact,"contact, certain",N,"-9",certain,certain,,01.01.01,DAS01,,CAF3754,"2157.594716229563"
"3755",contact,"contact, certain",N,"-9",certain,certain,,01.01.01,DAS01,,CAF3755,"1400.056857421359"
"3756",contact,"contact, certain",N,"-9",certain,certain,,01.01.01,DAS01,,CAF3756,"1298.332123976181"
"3757",contact,"contact, certain",N,"-9",certain,certain,,01.01.01,DAS01,,CAF3757,"1101.59013029055"
"3758",contact,"contact, certain",N,"-9",certain,certain,,01.01.01,DAS01,,CAF3758,"1188.653465236132"
"3759",contact,"contact, certain",N,"-9",certain,certain,,01.01.01,DAS01,modified to match printed map,CAF3759,"927.6625063146588"
"3760",contact,"contact, certain",N,"-9",certain,certain,,01.01.01,DAS01,,CAF3760,"1140.943502932959"
"3761",contact,"contact, certain",N,"-9",certain,certain,,01.01.01,DAS01,,CAF3761,"207.2584631015157"
"3762",contact,"contact, certain",N,"-9",certain,certain,,01.01.01,DAS01,,CAF3762,"301.3150545252239"
"3763",contact,"contact, certain",N,"-9",certain,certain,,01.01.01,DAS01,,CAF3763,"5900.751994878256"
"3764",contact,"contact, certain",N,"-9",certain,certain,,01.01.01,DAS01,,CAF3764,"556.377781001062"
"3765",contact,"contact, certain",N,"-9",certain,certain,,01.01.01,DAS01,,CAF3765,"253.6516658375805"
"3766",contact,"contact, certain",N,"-9",certain,certain,,01.01.01,DAS01,,CAF3766,"1479.150577825804"
"3767",contact,"contact, certain",N,"-9",certain,certain,,01.01.01,DAS01,,CAF3767,"907.7934059699778"
"3768",contact,"contact, certain",N,"-9",certain,certain,,01.01.01,DAS01,,CAF3768,"1599.591122407206"
"3769",contact,"contact, certain",N,"-9",certain,certain,,01.01.01,DAS01,,CAF3769,"1521.457891528308"
"3770",contact,"contact, certain",N,"-9",certain,certain,,01.01.01,DAS01,,CAF3770,"682.2998801589417"
"3771",contact,"contact, certain",N,"-9",certain,certain,,01.01.01,DAS01,,CAF3771,"3228.529884348608"
"3772",contact,"contact, certain",N,"-9",certain,certain,,01.01.01,DAS01,,CAF3772,"8895.461500418091"
"3773",contact,"contact, certain",N,"-9",certain,certain,,01.01.01,DAS01,,CAF3773,"662.6282343026771"
"3774",contact,"contact, certain",N,"-9",certain,certain,,01.01.01,DAS01,,CAF3774,"5707.552378871557"
"3775",contact,"contact, certain",N,"-9",certain,certain,,01.01.01,DAS01,,CAF3775,"3045.350054532983"
"3776",contact,"contact, certain",N,"-9",certain,certain,,01.01.01,DAS01,,CAF3776,"3455.248566065673"
"3777",contact,"contact, certain",N,"-9",certain,certain,,01.01.01,DAS01,,CAF3777,"698.248038449565"
"3778",contact,"contact, certain",N,"-9",certain,certain,,01.01.01,DAS01,,CAF3778,"503.7265054484879"
"3779",contact,"contact, certain",N,"-9",certain,certain,,01.01.01,DAS01,,CAF3779,"2373.251343552559"
"3780",contact,"contact, certain",N,"-9",certain,certain,,01.01.01,DAS01,,CAF3780,"1795.536629776329"
"3781",contact,"contact, certain",N,"-9",certain,certain,,01.01.01,DAS01,,CAF3781,"3201.911304335688"
"3782",contact,"contact, certain",N,"-9",certain,certain,,01.01.01,DAS01,,CAF3782,"477.7545620245077"
"3783",contact,"contact, certain",N,"-9",certain,certain,,01.01.01,DAS01,,CAF3783,"537.672506918692"
"3784",contact,"contact, certain",N,"-9",certain,certain,,01.01.01,DAS01,,CAF3784,"483.1534401361231"
"3785",contact,"contact, certain",N,"-9",certain,certain,,01.01.01,DAS01,,CAF3785,"1072.564496944008"
"3786",contact,"contact, certain",N,"-9",certain,certain,,01.01.01,DAS01,,CAF3786,"749.0127074414743"
"3787",contact,"contact, certain",N,"-9",certain,certain,,01.01.01,DAS01,,CAF3787,"1436.6334497752"
"3788",contact,"contact, certain",N,"-9",certain,certain,,01.01.01,DAS01,,CAF3788,"3293.278091045533"
"3789",contact,"contact, certain",N,"-9",certain,certain,,01.01.01,DAS01,,CAF3789,"1259.042922068079"
"3790",contact,"contact, certain",N,"-9",certain,certain,,01.01.01,DAS01,,CAF3790,"240.5363856402831"
"3791",contact,"contact, certain",N,"-9",certain,certain,,01.01.01,DAS01,,CAF3791,"1968.553605091584"
"3792",contact,"contact, certain",N,"-9",certain,certain,,01.01.01,DAS01,,CAF3792,"1278.361905945096"
"3793",contact,"contact, certain",N,"-9",certain,certain,,01.01.01,DAS01,,CAF3793,"2520.647087922114"
"3794",contact,"contact, certain",N,"-9",certain,certain,,01.01.01,DAS01,,CAF3794,"13947.61258044384"
"3795",contact,"contact, certain",N,"-9",certain,certain,,01.01.01,DAS01,,CAF3795,"1275.448628349534"
"3796",contact,"contact, certain",N,"-9",certain,certain,,01.01.01,DAS01,,CAF3796,"1060.568205956229"
"3797",contact,"contact, certain",N,"-9",certain,certain,,01.01.01,DAS01,,CAF3797,"1738.507374663644"
"3798",contact,"contact, certain",N,"-9",certain,certain,,01.01.01,DAS01,,CAF3798,"3726.525382491664"
"3799",contact,"contact, certain",N,"-9",certain,certain,,01.01.01,DAS01,,CAF3799,"3284.003185305575"
"3800",contact,"contact, certain",N,"-9",certain,certain,,01.01.01,DAS01,,CAF3800,"861.0356634522454"
"3801",contact,"contact, certain",N,"-9",certain,certain,,01.01.01,DAS01,,CAF3801,"455.9121580561606"
"3802",contact,"contact, certain",N,"-9",certain,certain,,01.01.01,DAS01,,CAF3802,"3028.384056516988"
"3803",contact,"contact, certain",N,"-9",certain,certain,,01.01.01,DAS01,,CAF3803,"1923.072674270321"
"3804",contact,"contact, certain",N,"-9",certain,certain,,01.01.01,DAS01,,CAF3804,"2484.702117851235"
"3805",contact,"contact, certain",N,"-9",certain,certain,,01.01.01,DAS01,,CAF3805,"993.1107859066327"
"3806",contact,"contact, certain",N,"-9",certain,certain,,01.01.01,DAS01,,CAF3806,"4127.918752358254"
"3807",contact,"contact, certain",N,"-9",certain,certain,,01.01.01,DAS01,,CAF3807,"2197.918525048687"
"3808",contact,"contact, certain",N,"-9",certain,certain,,01.01.01,DAS01,,CAF3808,"257.66016292267"
"3809",contact,"contact, certain",N,"-9",certain,certain,,01.01.01,DAS01,,CAF3809,"3119.708471466518"
"3810",contact,"contact, certain",N,"-9",certain,certain,,01.01.01,DAS01,,CAF3810,"2632.208981808195"
"3811",contact,"contact, certain",N,"-9",certain,certain,,01.01.01,DAS01,,CAF3811,"1335.45201556985"
"3812",contact,"contact, certain",N,"-9",certain,certain,,01.01.01,DAS01,,CAF3812,"1525.221461887347"
"3813",contact,"contact, certain",N,"-9",certain,certain,,01.01.01,DAS01,,CAF3813,"3232.616248836153"
"3814",contact,"contact, certain",N,"-9",certain,certain,,01.01.01,DAS01,,CAF3814,"1586.834526747511"
"3815",contact,"contact, certain",N,"-9",certain,certain,,01.01.01,DAS01,,CAF3815,"630.4522573731883"
"3816",contact,"contact, certain",N,"-9",certain,certain,,01.01.01,DAS01,,CAF3816,"1027.759240412056"
"3817",contact,"contact, certain",N,"-9",certain,certain,,01.01.01,DAS01,,CAF3817,"1678.421864054849"
"3818",contact,"contact, certain",N,"-9",certain,certain,,01.01.01,DAS01,,CAF3818,"2291.793144598169"
"3819",contact,"contact, certain",N,"-9",certain,certain,,01.01.01,DAS01,,CAF3819,"3099.827333810787"
"3820",contact,"contact, certain",N,"-9",certain,certain,,01.01.01,DAS01,,CAF3820,"1952.909238694048"
"3821",contact,"contact, certain",N,"-9",certain,certain,,01.01.01,DAS01,,CAF3821,"762.6721244687262"
"3822",contact,"contact, certain",N,"-9",certain,certain,,01.01.01,DAS01,,CAF3822,"8121.215916129091"
"3823",contact,"contact, certain",N,"-9",certain,certain,,01.01.01,DAS01,,CAF3823,"18300.24842283344"
"3824",contact,"contact, certain",N,"-9",certain,certain,,01.01.01,DAS01,,CAF3824,"3189.725180218206"
"3825",contact,"contact, certain",N,"-9",certain,certain,,01.01.01,DAS01,,CAF3825,"1271.204195082977"
"3826",contact,"contact, certain",N,"-9",certain,certain,,01.01.01,DAS01,,CAF3826,"1394.378356629332"
"3827",contact,"contact, certain",N,"-9",certain,certain,,01.01.01,DAS01,,CAF3827,"1764.85004298897"
"3828",contact,"contact, certain",N,"-9",certain,certain,,01.01.01,DAS01,,CAF3828,"163.6828849596432"
"3829",contact,"contact, certain",N,"-9",certain,certain,,01.01.01,DAS01,,CAF3829,"529.8246048448258"
"3830",contact,"contact, certain",N,"-9",certain,certain,,01.01.01,DAS01,,CAF3830,"826.3151196949593"
"3831",contact,"contact, certain",N,"-9",certain,certain,,01.01.01,DAS01,,CAF3831,"1715.126461724564"
"3832",contact,"contact, certain",N,"-9",certain,certain,,01.01.01,DAS01,,CAF3832,"1709.137130205914"
"3833",contact,"contact, certain",N,"-9",certain,certain,,01.01.01,DAS01,,CAF3833,"3357.629075451146"
"3834",contact,"contact, certain",N,"-9",certain,certain,,01.01.01,DAS01,,CAF3834,"3593.55357724003"
"3835",contact,"contact, certain",N,"-9",certain,certain,,01.01.01,DAS01,,CAF3835,"280.990624374856"
"3836",contact,"contact, certain",N,"-9",certain,certain,,01.01.01,DAS01,,CAF3836,"1032.11070093323"
"3837",contact,"contact, certain",N,"-9",certain,certain,,01.01.01,DAS01,,CAF3837,"912.0417700715352"
"3838",contact,"contact, certain",N,"-9",certain,certain,,01.01.01,DAS01,,CAF3838,"239.0097535976547"
"3839",contact,"contact, certain",N,"-9",certain,certain,,01.01.01,DAS01,,CAF3839,"4213.442006235028"
"3840",contact,"contact, certain",N,"-9",certain,certain,,01.01.01,DAS01,,CAF3840,"11163.49390054542"
"3841",contact,"contact, certain",N,"-9",certain,certain,,01.01.01,DAS01,,CAF3841,"1588.997995576702"
"3842",contact,"contact, certain",N,"-9",certain,certain,,01.01.01,DAS01,,CAF3842,"5049.767324549262"
"3843",contact,"contact, certain",N,"-9",certain,certain,,01.01.01,DAS01,,CAF3843,"5622.366991380502"
"3844",contact,"contact, certain",N,"-9",certain,certain,,01.01.01,DAS01,,CAF3844,"7080.352859009167"
"3845",contact,"contact, certain",N,"-9",certain,certain,,01.01.01,DAS01,,CAF3845,"496.8713839440376"
"3846",contact,"contact, certain",N,"-9",certain,certain,,01.01.01,DAS01,,CAF3846,"7697.791223455709"
"3847",contact,"contact, certain",N,"-9",certain,certain,,01.01.01,DAS01,,CAF3847,"542.425645953141"
"3848",contact,"contact, certain",N,"-9",certain,certain,,01.01.01,DAS01,,CAF3848,"2502.034633016655"
"3849",contact,"contact, certain",N,"-9",certain,certain,,01.01.01,DAS01,,CAF3849,"390.7039711590268"
"3850",contact,"contact, certain",N,"-9",certain,certain,,01.01.01,DAS01,,CAF3850,"1342.019328264485"
"3851",contact,"contact, certain",N,"-9",certain,certain,,01.01.01,DAS01,,CAF3851,"2707.742613396562"
"3852",contact,"contact, certain",N,"-9",certain,certain,,01.01.01,DAS01,,CAF3852,"2001.057390413277"
"3853",contact,"contact, certain",N,"-9",certain,certain,,01.01.01,DAS01,,CAF3853,"1634.367398653934"
"3854",contact,"contact, certain",N,"-9",certain,certain,,01.01.01,DAS01,,CAF3854,"2840.518271158917"
"3855",contact,"contact, certain",N,"-9",certain,certain,,01.01.01,DAS01,,CAF3855,"11020.17201978578"
"3856",contact,"contact, certain",N,"-9",certain,certain,,01.01.01,DAS01,,CAF3856,"244.5531673910995"
"3857",contact,"contact, certain",N,"-9",certain,certain,,01.01.01,DAS01,,CAF3857,"7266.796259836153"
"3858",contact,"contact, certain",N,"-9",certain,certain,,01.01.01,DAS01,,CAF3858,"1971.377879474737"
"3859",contact,"contact, certain",N,"-9",certain,certain,,01.01.01,DAS01,,CAF3859,"1803.525171834413"
"3860",contact,"contact, certain",N,"-9",certain,certain,,01.01.01,DAS01,,CAF3860,"3759.090366533243"
"3861",contact,"contact, certain",N,"-9",certain,certain,,01.01.01,DAS01,,CAF3861,"712.0900552471051"
"3862",contact,"contact, certain",N,"-9",certain,certain,,01.01.01,DAS01,,CAF3862,"289.1335358411746"
"3863",contact,"contact, certain",N,"-9",certain,certain,,01.01.01,DAS01,,CAF3863,"2378.09969669233"
"3864",contact,"contact, certain",N,"-9",certain,certain,,01.01.01,DAS01,,CAF3864,"2343.487237795627"
"3865",contact,"contact, certain",N,"-9",certain,certain,,01.01.01,DAS01,,CAF3865,"1799.972947182476"
"3866",contact,"contact, certain",N,"-9",certain,certain,,01.01.01,DAS01,,CAF3866,"273.2986186030212"
"3867",contact,"contact, certain",N,"-9",certain,certain,,01.01.01,DAS01,,CAF3867,"624.5900948965175"
"3868",contact,"contact, certain",N,"-9",certain,certain,,01.01.01,DAS01,,CAF3868,"710.932247031268"
"3869",contact,"contact, certain",N,"-9",certain,certain,,01.01.01,DAS01,,CAF3869,"4174.001028819711"
"3870",contact,"contact, certain",N,"-9",certain,certain,,01.01.01,DAS01,,CAF3870,"9586.06252059331"
"3871",contact,"contact, certain",N,"-9",certain,certain,,01.01.01,DAS01,,CAF3871,"984.7738564132095"
"3872",contact,"contact, certain",N,"-9",certain,certain,,01.01.01,DAS01,,CAF3872,"636.1557658317045"
"3873",contact,"contact, certain",N,"-9",certain,certain,,01.01.01,DAS01,,CAF3873,"1083.741835899285"
"3874",contact,"contact, certain",N,"-9",certain,certain,,01.01.01,DAS01,,CAF3874,"10766.88613014905"
"3875",contact,"contact, certain",N,"-9",certain,certain,,01.01.01,DAS01,,CAF3875,"1259.476426151414"
"3876",contact,"contact, certain",N,"-9",certain,certain,,01.01.01,DAS01,,CAF3876,"4278.69508746772"
"3877",contact,"contact, certain",N,"-9",certain,certain,,01.01.01,DAS01,,CAF3877,"4965.299032299119"
"3878",contact,"contact, certain",N,"-9",certain,certain,,01.01.01,DAS01,,CAF3878,"1108.660810869842"
"3879",contact,"contact, certain",N,"-9",certain,certain,,01.01.01,DAS01,,CAF3879,"4476.782210768677"
"3880",contact,"contact, certain",N,"-9",certain,certain,,01.01.01,DAS01,,CAF3880,"1014.030189012984"
"3881",contact,"contact, certain",N,"-9",certain,certain,,01.01.01,DAS01,,CAF3881,"2335.669356794485"
"3882",contact,"contact, certain",N,"-9",certain,certain,,01.01.01,DAS01,,CAF3882,"12667.74821256127"
"3883",contact,"contact, certain",N,"-9",certain,certain,,01.01.01,DAS01,,CAF3883,"5820.815578121959"
"3884",contact,"contact, certain",N,"-9",certain,certain,,01.01.01,DAS01,,CAF3884,"770.2229497115502"
"3885",contact,"contact, certain",N,"-9",certain,certain,,01.01.01,DAS01,,CAF3885,"270.1777303048375"
"3886",contact,"contact, certain",N,"-9",certain,certain,,01.01.01,DAS01,,CAF3886,"3470.317725985092"
"3887",contact,"contact, certain",N,"-9",certain,certain,,01.01.01,DAS01,,CAF3887,"1803.62956543271"
"3888",contact,"contact, certain",N,"-9",certain,certain,,01.01.01,DAS01,,CAF3888,"2109.508120405268"
"3889",contact,"contact, certain",N,"-9",certain,certain,,01.01.01,DAS01,,CAF3889,"465.8383763534348"
"3890",contact,"contact, certain",N,"-9",certain,certain,,01.01.01,DAS01,,CAF3890,"1385.256559479865"
"3891",contact,"contact, certain",N,"-9",certain,certain,,01.01.01,DAS01,,CAF3891,"1465.414789138545"
"3892",contact,"contact, certain",N,"-9",certain,certain,,01.01.01,DAS01,,CAF3892,"843.0126723791361"
"3893",contact,"contact, certain",N,"-9",certain,certain,,01.01.01,DAS01,,CAF3893,"1523.120590215211"
"3894",contact,"contact, certain",N,"-9",certain,certain,,01.01.01,DAS01,,CAF3894,"353.679464064903"
"3895",contact,"contact, certain",N,"-9",certain,certain,,01.01.01,DAS01,,CAF3895,"1051.92499021022"
"3896",contact,"contact, certain",N,"-9",certain,certain,,01.01.01,DAS01,,CAF3896,"2721.701632848329"
"3897",contact,"contact, certain",N,"-9",certain,certain,,01.01.01,DAS01,,CAF3897,"10316.42721373819"
"3898",contact,"contact, certain",N,"-9",certain,certain,,01.01.01,DAS01,,CAF3898,"17660.43120073522"
"3899",contact,"contact, certain",N,"-9",certain,certain,,01.01.01,DAS01,,CAF3899,"774.7287026196796"
"3900",contact,"contact, certain",N,"-9",certain,certain,,01.01.01,DAS01,,CAF3900,"584.8529166097376"
"3901",contact,"contact, certain",N,"-9",certain,certain,,01.01.01,DAS01,,CAF3901,"4746.554223029729"
"3902",contact,"contact, certain",N,"-9",certain,certain,,01.01.01,DAS01,,CAF3902,"1777.343498121831"
"3903",contact,"contact, certain",N,"-9",certain,certain,,01.01.01,DAS01,,CAF3903,"6988.983078174041"
"3904",contact,"contact, certain",N,"-9",certain,certain,,01.01.01,DAS01,,CAF3904,"25120.60814590138"
"3905",contact,"contact, certain",N,"-9",certain,certain,,01.01.01,DAS01,,CAF3905,"1589.51232243747"
"3906",contact,"contact, certain",N,"-9",certain,certain,,01.01.01,DAS01,,CAF3906,"309.6200551106381"
"3907",contact,"contact, certain",N,"-9",certain,certain,,01.01.01,DAS01,,CAF3907,"14858.42438528319"
"3908",contact,"contact, certain",N,"-9",certain,certain,,01.01.01,DAS01,,CAF3908,"856.2834695722249"
"3909",contact,"contact, certain",N,"-9",certain,certain,,01.01.01,DAS01,,CAF3909,"3930.866698493376"
"3910",contact,"contact, certain",N,"-9",certain,certain,,01.01.01,DAS01,,CAF3910,"357.5827753854428"
"3911",contact,"contact, certain",N,"-9",certain,certain,,01.01.01,DAS01,,CAF3911,"11162.86229665052"
"3912",contact,"contact, certain",N,"-9",certain,certain,,01.01.01,DAS01,,CAF3912,"892.6239989084258"
"3913",contact,"contact, certain",N,"-9",certain,certain,,01.01.01,DAS01,,CAF3913,"670.7342452232621"
"3914",contact,"contact, certain",N,"-9",certain,certain,,01.01.01,DAS01,,CAF3914,"737.2076474676796"
"3915",contact,"contact, certain",N,"-9",certain,certain,,01.01.01,DAS01,,CAF3915,"1069.209346391085"
"3916",contact,"contact, certain",N,"-9",certain,certain,,01.01.01,DAS01,,CAF3916,"4309.973923701793"
"3917",contact,"contact, certain",N,"-9",certain,certain,,01.01.01,DAS01,,CAF3917,"2836.365953204408"
"3918",contact,"contact, certain",N,"-9",certain,certain,,01.01.01,DAS01,,CAF3918,"1487.96327346058"
"3919",contact,"contact, certain",N,"-9",certain,certain,,01.01.01,DAS01,,CAF3919,"1217.761217173247"
"3920",contact,"contact, certain",N,"-9",certain,certain,,01.01.01,DAS01,,CAF3920,"495.3868227061349"
"3921",contact,"contact, certain",N,"-9",certain,certain,,01.01.01,DAS01,,CAF3921,"3224.577898338303"
"3922",contact,"contact, certain",N,"-9",certain,certain,,01.01.01,DAS01,,CAF3922,"789.297611279851"
"3923",contact,"contact, certain",N,"-9",certain,certain,,01.01.01,DAS01,,CAF3923,"2207.632202627774"
"3924",contact,"contact, certain",N,"-9",certain,certain,,01.01.01,DAS01,,CAF3924,"6491.881107178669"
"3925",contact,"contact, certain",N,"-9",certain,certain,,01.01.01,DAS01,,CAF3925,"2903.752432838061"
"3926",contact,"contact, certain",N,"-9",certain,certain,,01.01.01,DAS01,,CAF3926,"4741.822374347845"
"3927",contact,"contact, certain",N,"-9",certain,certain,,01.01.01,DAS01,,CAF3927,"1354.666130570411"
"3928",contact,"contact, certain",N,"-9",certain,certain,,01.01.01,DAS01,,CAF3928,"685.7008496718649"
"3929",contact,"contact, certain",N,"-9",certain,certain,,01.01.01,DAS01,,CAF3929,"726.852807213902"
"3930",contact,"contact, certain",N,"-9",certain,certain,,01.01.01,DAS01,,CAF3930,"456.9375868056063"
"3931",contact,"contact, certain",N,"-9",certain,certain,,01.01.01,DAS01,,CAF3931,"2740.771834683501"
"3932",contact,"contact, certain",N,"-9",certain,certain,,01.01.01,DAS01,,CAF3932,"1031.993801790364"
"3933",contact,"contact, certain",N,"-9",certain,certain,,01.01.01,DAS01,,CAF3933,"3370.24970287494"
"3934",contact,"contact, certain",N,"-9",certain,certain,,01.01.01,DAS01,,CAF3934,"1106.36802994348"
"3935",contact,"contact, certain",N,"-9",certain,certain,,01.01.01,DAS01,,CAF3935,"1716.172673130552"
"3936",contact,"contact, certain",N,"-9",certain,certain,,01.01.01,DAS01,,CAF3936,"616.9799804832869"
"3937",contact,"contact, certain",N,"-9",certain,certain,,01.01.01,DAS01,,CAF3937,"1006.240031503218"
"3938",contact,"contact, certain",N,"-9",certain,certain,,01.01.01,DAS01,,CAF3938,"2111.649830885041"
"3939",contact,"contact, certain",N,"-9",certain,certain,,01.01.01,DAS01,,CAF3939,"1624.617745622243"
"3940",contact,"contact, certain",N,"-9",certain,certain,,01.01.01,DAS01,,CAF3940,"590.1962914199863"
"3941",contact,"contact, certain",N,"-9",certain,certain,,01.01.01,DAS01,,CAF3941,"282.0441661639468"
"3942",contact,"contact, certain",N,"-9",certain,certain,,01.01.01,DAS01,,CAF3942,"1260.309792357486"
"3943",contact,"contact, certain",N,"-9",certain,certain,,01.01.01,DAS01,,CAF3943,"974.150760801666"
"3944",contact,"contact, certain",N,"-9",certain,certain,,01.01.01,DAS01,,CAF3944,"4038.116586639891"
"3945",contact,"contact, certain",N,"-9",certain,certain,,01.01.01,DAS01,,CAF3945,"1442.640015870928"
"3946",contact,"contact, certain",N,"-9",certain,certain,,01.01.01,DAS01,,CAF3946,"1674.117662584849"
"3947",contact,"contact, certain",N,"-9",certain,certain,,01.01.01,DAS01,,CAF3947,"1036.437957484363"
"3948",contact,"contact, certain",N,"-9",certain,certain,,01.01.01,DAS01,,CAF3948,"1001.112126578275"
"3949",contact,"contact, certain",N,"-9",certain,certain,,01.01.01,DAS01,,CAF3949,"4254.07149542174"
"3950",contact,"contact, certain",N,"-9",certain,certain,,01.01.01,DAS01,,CAF3950,"609.2137116754946"
"3951",contact,"contact, certain",N,"-9",certain,certain,,01.01.01,DAS01,,CAF3951,"440.558128520395"
"3952",contact,"contact, certain",N,"-9",certain,certain,,01.01.01,DAS01,,CAF3952,"46956.19894569058"
"3953",contact,"contact, certain",N,"-9",certain,certain,,01.01.01,DAS01,,CAF3953,"6077.468233141919"
"3954",contact,"contact, certain",N,"-9",certain,certain,,01.01.01,DAS01,,CAF3954,"1023.568929518624"
"3955",contact,"contact, certain",N,"-9",certain,certain,,01.01.01,DAS01,,CAF3955,"2085.272740975985"
"3956",contact,"contact, certain",N,"-9",certain,certain,,01.01.01,DAS01,,CAF3956,"949.582944588414"
"3957",contact,"contact, certain",N,"-9",certain,certain,,01.01.01,DAS01,,CAF3957,"752.3974214995251"
"3958",contact,"contact, certain",N,"-9",certain,certain,,01.01.01,DAS01,,CAF3958,"729.916860735566"
"3959",contact,"contact, certain",N,"-9",certain,certain,,01.01.01,DAS01,,CAF3959,"3361.128937066982"
"3960",contact,"contact, certain",N,"-9",certain,certain,,01.01.01,DAS01,,CAF3960,"1540.98794349492"
"3961",contact,"contact, certain",N,"-9",certain,certain,,01.01.01,DAS01,,CAF3961,"1173.978130816819"
"3962",contact,"contact, certain",N,"-9",certain,certain,,01.01.01,DAS01,,CAF3962,"1984.084047961645"
"3963",contact,"contact, certain",N,"-9",certain,certain,,01.01.01,DAS01,,CAF3963,"15079.95119016326"
"3964",contact,"contact, certain",N,"-9",certain,certain,,01.01.01,DAS01,,CAF3964,"4295.502114937901"
"3965",contact,"contact, certain",N,"-9",certain,certain,,01.01.01,DAS01,,CAF3965,"4169.117252892564"
"3966",contact,"contact, certain",N,"-9",certain,certain,,01.01.01,DAS01,,CAF3966,"1671.045208023691"
"3967",contact,"contact, certain",N,"-9",certain,certain,,01.01.01,DAS01,,CAF3967,"4988.655596381946"
"3968",contact,"contact, certain",N,"-9",certain,certain,,01.01.01,DAS01,,CAF3968,"2225.83446765515"
"3969",contact,"contact, certain",N,"-9",certain,certain,,01.01.01,DAS01,,CAF3969,"1151.893694537078"
"3970",contact,"contact, certain",N,"-9",certain,certain,,01.01.01,DAS01,,CAF3970,"3038.032824507988"
"3971",contact,"contact, certain",N,"-9",certain,certain,,01.01.01,DAS01,,CAF3971,"1219.676449226331"
"3972",contact,"contact, certain",N,"-9",certain,certain,,01.01.01,DAS01,,CAF3972,"1689.528406486083"
"3973",contact,"contact, certain",N,"-9",certain,certain,,01.01.01,DAS01,,CAF3973,"686.8853338914544"
"3974",contact,"contact, certain",N,"-9",certain,certain,,01.01.01,DAS01,,CAF3974,"24990.8753524237"
"3975",contact,"contact, certain",N,"-9",certain,certain,,01.01.01,DAS01,,CAF3975,"2298.054083985965"
"3976",contact,"contact, certain",N,"-9",certain,certain,,01.01.01,DAS01,,CAF3976,"3298.578322175802"
"3977",contact,"contact, certain",N,"-9",certain,certain,,01.01.01,DAS01,,CAF3977,"5238.537824927904"
"3978",contact,"contact, certain",N,"-9",certain,certain,,01.01.01,DAS01,,CAF3978,"925.8722100679754"
"3979",contact,"contact, certain",N,"-9",certain,certain,,01.01.01,DAS01,,CAF3979,"1043.220740551104"
"3980",contact,"contact, certain",N,"-9",certain,certain,,01.01.01,DAS01,,CAF3980,"4272.520470701574"
"3981",contact,"contact, certain",N,"-9",certain,certain,,01.01.01,DAS01,,CAF3981,"3216.109164901636"
"3982",contact,"contact, certain",N,"-9",certain,certain,,01.01.01,DAS01,,CAF3982,"4064.642881808985"
"3983",contact,"contact, certain",N,"-9",certain,certain,,01.01.01,DAS01,,CAF3983,"4374.337524434321"
"3984",contact,"contact, certain",N,"-9",certain,certain,,01.01.01,DAS01,,CAF3984,"872.7363233179245"
"3985",contact,"contact, certain",N,"-9",certain,certain,,01.01.01,DAS01,,CAF3985,"695.0510804193551"
"3986",contact,"contact, certain",N,"-9",certain,certain,,01.01.01,DAS01,,CAF3986,"1346.886610824223"
"3987",contact,"contact, certain",N,"-9",certain,certain,,01.01.01,DAS01,,CAF3987,"2782.341884421454"
"3988",contact,"contact, certain",N,"-9",certain,certain,,01.01.01,DAS01,,CAF3988,"3548.8734081099"
"3989",contact,"contact, certain",N,"-9",certain,certain,,01.01.01,DAS01,,CAF3989,"311.1155674633137"
"3990",contact,"contact, certain",N,"-9",certain,certain,,01.01.01,DAS01,,CAF3990,"719.1065902085134"
"3991",contact,"contact, certain",N,"-9",certain,certain,,01.01.01,DAS01,,CAF3991,"2804.167170550533"
"3992",contact,"contact, certain",N,"-9",certain,certain,,01.01.01,DAS01,,CAF3992,"1364.131264608638"
"3993",contact,"contact, certain",N,"-9",certain,certain,,01.01.01,DAS01,,CAF3993,"576.5781398111501"
"3994",contact,"contact, certain",N,"-9",certain,certain,,01.01.01,DAS01,,CAF3994,"198.360807191573"
"3995",contact,"contact, certain",N,"-9",certain,certain,,01.01.01,DAS01,,CAF3995,"613.7561469581992"
"3996",contact,"contact, certain",N,"-9",certain,certain,,01.01.01,DAS01,,CAF3996,"25521.09846708841"
"3997",contact,"contact, certain",N,"-9",certain,certain,,01.01.01,DAS01,,CAF3997,"2906.976199027076"
"3998",contact,"contact, certain",N,"-9",certain,certain,,01.01.01,DAS01,,CAF3998,"620.1190002254809"
"3999",contact,"contact, certain",N,"-9",certain,certain,,01.01.01,DAS01,,CAF3999,"1914.589870342358"
"4000",contact,"contact, certain",N,"-9",certain,certain,,01.01.01,DAS01,,CAF4000,"1026.686995543074"
"4001",contact,"contact, certain",N,"-9",certain,certain,,01.01.01,DAS01,,CAF4001,"1103.360950800241"
"4002",contact,"contact, certain",N,"-9",certain,certain,,01.01.01,DAS01,,CAF4002,"358.4117095874137"
"4003",contact,"contact, certain",N,"-9",certain,certain,,01.01.01,DAS01,,CAF4003,"1397.708942892211"
"4004",contact,"contact, certain",N,"-9",certain,certain,,01.01.01,DAS01,,CAF4004,"605.3358809922368"
"4005",contact,"contact, certain",N,"-9",certain,certain,,01.01.01,DAS01,,CAF4005,"986.6206148534204"
"4006",contact,"contact, certain",N,"-9",certain,certain,,01.01.01,DAS01,,CAF4006,"3163.813623148386"
"4007",contact,"contact, certain",N,"-9",certain,certain,,01.01.01,DAS01,,CAF4007,"2978.452911211175"
"4008",contact,"contact, certain",N,"-9",certain,certain,,01.01.01,DAS01,,CAF4008,"2190.737995318588"
"4009",contact,"contact, certain",N,"-9",certain,certain,,01.01.01,DAS01,,CAF4009,"1654.565945195449"
"4010",contact,"contact, certain",N,"-9",certain,certain,,01.01.01,DAS01,,CAF4010,"825.4461979018049"
"4011",contact,"contact, certain",N,"-9",certain,certain,,01.01.01,DAS01,,CAF4011,"220.1892900263605"
"4012",contact,"contact, certain",N,"-9",certain,certain,,01.01.01,DAS01,,CAF4012,"551.6493560289165"
"4013",contact,"contact, certain",N,"-9",certain,certain,,01.01.01,DAS01,,CAF4013,"1992.755190305189"
"4014",contact,"contact, certain",N,"-9",certain,certain,,01.01.01,DAS01,,CAF4014,"47601.49654199673"
"4015",contact,"contact, certain",N,"-9",certain,certain,,01.01.01,DAS01,,CAF4015,"1734.815525073893"
"4016",contact,"contact, certain",N,"-9",certain,certain,,01.01.01,DAS01,,CAF4016,"3116.606889270006"
"4017",contact,"contact, certain",N,"-9",certain,certain,,01.01.01,DAS01,,CAF4017,"8563.574111124417"
"4018",contact,"contact, certain",N,"-9",certain,certain,,01.01.01,DAS01,,CAF4018,"6265.664214723372"
"4019",contact,"contact, certain",N,"-9",certain,certain,,01.01.01,DAS01,,CAF4019,"8656.887969259256"
"4020",contact,"contact, certain",N,"-9",certain,certain,,01.01.01,DAS01,,CAF4020,"976.7366418414033"
"4021",contact,"contact, certain",N,"-9",certain,certain,,01.01.01,DAS01,,CAF4021,"2218.171578987733"
"4022",contact,"contact, certain",N,"-9",certain,certain,,01.01.01,DAS01,,CAF4022,"301.346394630123"
"4023",contact,"contact, certain",N,"-9",certain,certain,,01.01.01,DAS01,,CAF4023,"2702.917683117126"
"4024",contact,"contact, certain",N,"-9",certain,certain,,01.01.01,DAS01,,CAF4024,"995.4823816696688"
"4025",contact,"contact, certain",N,"-9",certain,certain,,01.01.01,DAS01,,CAF4025,"1797.707420608746"
"4026",contact,"contact, certain",N,"-9",certain,certain,,01.01.01,DAS01,,CAF4026,"1877.143329127615"
"4027",contact,"contact, certain",N,"-9",certain,certain,,01.01.01,DAS01,,CAF4027,"3687.551863721026"
"4028",contact,"contact, certain",N,"-9",certain,certain,,01.01.01,DAS01,,CAF4028,"3522.591580711987"
"4029",contact,"contact, certain",N,"-9",certain,certain,,01.01.01,DAS01,,CAF4029,"1502.729919622461"
"4030",contact,"contact, certain",N,"-9",certain,certain,,01.01.01,DAS01,,CAF4030,"7847.872866796556"
"4031",contact,"contact, certain",N,"-9",certain,certain,,01.01.01,DAS01,,CAF4031,"13403.59063719805"
"4032",contact,"contact, certain",N,"-9",certain,certain,,01.01.01,DAS01,,CAF4032,"1444.978982553128"
"4033",contact,"contact, certain",N,"-9",certain,certain,,01.01.01,DAS01,,CAF4033,"2650.391903333456"
"4034",contact,"contact, certain",N,"-9",certain,certain,,01.01.01,DAS01,,CAF4034,"513.2647503609857"
"4035",contact,"contact, certain",N,"-9",certain,certain,,01.01.01,DAS01,,CAF4035,"2850.429154272192"
"4036",contact,"contact, certain",N,"-9",certain,certain,,01.01.01,DAS01,,CAF4036,"533.9616296929444"
"4037",contact,"contact, certain",N,"-9",certain,certain,,01.01.01,DAS01,,CAF4037,"2562.440566259687"
"4038",contact,"contact, certain",N,"-9",certain,certain,,01.01.01,DAS01,,CAF4038,"885.4600727515561"
"4039",contact,"contact, certain",N,"-9",certain,certain,,01.01.01,DAS01,,CAF4039,"1734.978576824745"
"4040",contact,"contact, certain",N,"-9",certain,certain,,01.01.01,DAS01,,CAF4040,"17137.0086615117"
"4041",contact,"contact, certain",N,"-9",certain,certain,,01.01.01,DAS01,,CAF4041,"6120.325447786766"
"4042",contact,"contact, certain",N,"-9",certain,certain,,01.01.01,DAS01,,CAF4042,"5658.500929173058"
"4043",contact,"contact, certain",N,"-9",certain,certain,,01.01.01,DAS01,,CAF4043,"343.8481235483902"
"4044",contact,"contact, certain",N,"-9",certain,certain,,01.01.01,DAS01,,CAF4044,"3798.227619377984"
"4045",contact,"contact, certain",N,"-9",certain,certain,,01.01.01,DAS01,,CAF4045,"3820.54840082245"
"4046",contact,"contact, certain",N,"-9",certain,certain,,01.01.01,DAS01,,CAF4046,"4090.896719718398"
"4047",contact,"contact, certain",N,"-9",certain,certain,,01.01.01,DAS01,,CAF4047,"1051.172023334311"
"4048",contact,"contact, certain",N,"-9",certain,certain,,01.01.01,DAS01,,CAF4048,"139.8079295241932"
"4049",contact,"contact, certain",N,"-9",certain,certain,,01.01.01,DAS01,,CAF4049,"2227.140323637236"
"4050",contact,"contact, certain",N,"-9",certain,certain,,01.01.01,DAS01,,CAF4050,"2454.810063916258"
"4051",contact,"contact, certain",N,"-9",certain,certain,,01.01.01,DAS01,,CAF4051,"2628.550508075681"
"4052",contact,"contact, certain",N,"-9",certain,certain,,01.01.01,DAS01,,CAF4052,"294.543809127247"
"4053",contact,"contact, certain",N,"-9",certain,certain,,01.01.01,DAS01,,CAF4053,"3279.861570029158"
"4054",contact,"contact, certain",N,"-9",certain,certain,,01.01.01,DAS01,,CAF4054,"355.8942112456928"
"4055",contact,"contact, certain",N,"-9",certain,certain,,01.01.01,DAS01,,CAF4055,"547.9019524836574"
"4056",contact,"contact, certain",N,"-9",certain,certain,,01.01.01,DAS01,,CAF4056,"9845.163297904952"
"4057",contact,"contact, certain",N,"-9",certain,certain,,01.01.01,DAS01,,CAF4057,"415.0852834026236"
"4058",contact,"contact, certain",N,"-9",certain,certain,,01.01.01,DAS01,,CAF4058,"10047.46102013297"
"4059",contact,"contact, certain",N,"-9",certain,certain,,01.01.01,DAS01,,CAF4059,"938.8618280325202"
"4060",contact,"contact, certain",N,"-9",certain,certain,,01.01.01,DAS01,,CAF4060,"8752.339294278845"
"4061",contact,"contact, certain",N,"-9",certain,certain,,01.01.01,DAS01,,CAF4061,"477.2537314661203"
"4062",contact,"contact, certain",N,"-9",certain,certain,,01.01.01,DAS01,,CAF4062,"456.9787511048438"
"4063",contact,"contact, certain",N,"-9",certain,certain,,01.01.01,DAS01,,CAF4063,"990.3359041339379"
"4064",contact,"contact, certain",N,"-9",certain,certain,,01.01.01,DAS01,,CAF4064,"463.572734542211"
"4065",contact,"contact, certain",N,"-9",certain,certain,,01.01.01,DAS01,,CAF4065,"656.6962202206122"
"4066",contact,"contact, certain",N,"-9",certain,certain,,01.01.01,DAS01,,CAF4066,"1377.934314280084"
"4067",contact,"contact, certain",N,"-9",certain,certain,,01.01.01,DAS01,,CAF4067,"8774.986187176279"
"4068",contact,"contact, certain",N,"-9",certain,certain,,01.01.01,DAS01,,CAF4068,"1514.439784258399"
"4069",contact,"contact, certain",N,"-9",certain,certain,,01.01.01,DAS01,,CAF4069,"2113.728752218195"
"4070",contact,"contact, certain",N,"-9",certain,certain,,01.01.01,DAS01,,CAF4070,"3005.655570770417"
"4071",contact,"contact, certain",N,"-9",certain,certain,,01.01.01,DAS01,,CAF4071,"3760.552318498549"
"4072",contact,"contact, certain",N,"-9",certain,certain,,01.01.01,DAS01,,CAF4072,"384.0406445800135"
"4073",contact,"contact, certain",N,"-9",certain,certain,,01.01.01,DAS01,,CAF4073,"1024.452027098298"
"4074",contact,"contact, certain",N,"-9",certain,certain,,01.01.01,DAS01,,CAF4074,"3035.313718921855"
"4075",contact,"contact, certain",N,"-9",certain,certain,,01.01.01,DAS01,,CAF4075,"1217.850043699609"
"4076",contact,"contact, certain",N,"-9",certain,certain,,01.01.01,DAS01,,CAF4076,"3078.971109767851"
"4077",contact,"contact, certain",N,"-9",certain,certain,,01.01.01,DAS01,,CAF4077,"5912.812001503386"
"4078",contact,"contact, certain",N,"-9",certain,certain,,01.01.01,DAS01,,CAF4078,"20218.35452572481"
"4079",contact,"contact, certain",N,"-9",certain,certain,,01.01.01,DAS01,,CAF4079,"1046.619494724163"
"4080",contact,"contact, certain",N,"-9",certain,certain,,01.01.01,DAS01,,CAF4080,"1419.161323141896"
"4081",contact,"contact, certain",N,"-9",certain,certain,,01.01.01,DAS01,,CAF4081,"984.297835085692"
"4082",contact,"contact, certain",N,"-9",certain,certain,,01.01.01,DAS01,,CAF4082,"2812.454539456825"
"4083",contact,"contact, certain",N,"-9",certain,certain,,01.01.01,DAS01,,CAF4083,"407.9920546441501"
"4084",contact,"contact, certain",N,"-9",certain,certain,,01.01.01,DAS01,,CAF4084,"7728.757820909717"
"4085",contact,"contact, certain",N,"-9",certain,certain,,01.01.01,DAS01,,CAF4085,"1389.674733696578"
"4086",contact,"contact, certain",N,"-9",certain,certain,,01.01.01,DAS01,,CAF4086,"2620.030066344487"
"4087",contact,"contact, certain",N,"-9",certain,certain,,01.01.01,DAS01,,CAF4087,"1741.669716126606"
"4088",contact,"contact, certain",N,"-9",certain,certain,,01.01.01,DAS01,,CAF4088,"1705.265186061451"
"4089",contact,"contact, certain",N,"-9",certain,certain,,01.01.01,DAS01,,CAF4089,"1109.271984739743"
"4090",contact,"contact, certain",N,"-9",certain,certain,,01.01.01,DAS01,,CAF4090,"1734.139509686994"
"4091",contact,"contact, certain",N,"-9",certain,certain,,01.01.01,DAS01,,CAF4091,"728.1733526748476"
"4092",contact,"contact, certain",N,"-9",certain,certain,,01.01.01,DAS01,,CAF4092,"1474.79932796077"
"4093",contact,"contact, certain",N,"-9",certain,certain,,01.01.01,DAS01,,CAF4093,"3644.843636696358"
"4094",contact,"contact, certain",N,"-9",certain,certain,,01.01.01,DAS01,,CAF4094,"1979.43204130966"
"4095",contact,"contact, certain",N,"-9",certain,certain,,01.01.01,DAS01,,CAF4095,"919.34464243068"
"4096",contact,"contact, certain",N,"-9",certain,certain,,01.01.01,DAS01,,CAF4096,"299.9829236201382"
"4097",contact,"contact, certain",N,"-9",certain,certain,,01.01.01,DAS01,,CAF4097,"9045.386847534792"
"4098",contact,"contact, certain",N,"-9",certain,certain,,01.01.01,DAS01,,CAF4098,"6423.915519987194"
"4099",contact,"contact, certain",N,"-9",certain,certain,,01.01.01,DAS01,,CAF4099,"365.8683308359537"
"4100",contact,"contact, certain",N,"-9",certain,certain,,01.01.01,DAS01,,CAF4100,"4922.619978251801"
"4101",contact,"contact, certain",N,"-9",certain,certain,,01.01.01,DAS01,,CAF4101,"1489.293994910764"
"4102",contact,"contact, certain",N,"-9",certain,certain,,01.01.01,DAS01,,CAF4102,"1117.146236203631"
"4103",contact,"contact, certain",N,"-9",certain,certain,,01.01.01,DAS01,,CAF4103,"848.2476376771592"
"4104",contact,"contact, certain",N,"-9",certain,certain,,01.01.01,DAS01,,CAF4104,"4903.05238036737"
"4105",contact,"contact, certain",N,"-9",certain,certain,,01.01.01,DAS01,,CAF4105,"3813.555853159693"
"4106",contact,"contact, certain",N,"-9",certain,certain,,01.01.01,DAS01,,CAF4106,"995.375916249321"
"4107",contact,"contact, certain",N,"-9",certain,certain,,01.01.01,DAS01,,CAF4107,"1269.990437948788"
"4108",contact,"contact, certain",N,"-9",certain,certain,,01.01.01,DAS01,,CAF4108,"3453.17398441185"
"4109",contact,"contact, certain",N,"-9",certain,certain,,01.01.01,DAS01,,CAF4109,"4475.818817768063"
"4110",contact,"contact, certain",N,"-9",certain,certain,,01.01.01,DAS01,,CAF4110,"7439.843507440941"
"4111",contact,"contact, certain",N,"-9",certain,certain,,01.01.01,DAS01,,CAF4111,"219.7149978939514"
"4112",contact,"contact, certain",N,"-9",certain,certain,,01.01.01,DAS01,,CAF4112,"3744.305101960172"
"4113",contact,"contact, certain",N,"-9",certain,certain,,01.01.01,DAS01,,CAF4113,"2041.427002537976"
"4114",contact,"contact, certain",N,"-9",certain,certain,,01.01.01,DAS01,,CAF4114,"1797.351110482374"
"4115",contact,"contact, certain",N,"-9",certain,certain,,01.01.01,DAS01,,CAF4115,"675.1487869864644"
"4116",contact,"contact, certain",N,"-9",certain,certain,,01.01.01,DAS01,,CAF4116,"704.2751526896959"
"4117",contact,"contact, certain",N,"-9",certain,certain,,01.01.01,DAS01,,CAF4117,"1781.092951771259"
"4118",contact,"contact, certain",N,"-9",certain,certain,,01.01.01,DAS01,,CAF4118,"443.5441288182093"
"4119",contact,"contact, certain",N,"-9",certain,certain,,01.01.01,DAS01,,CAF4119,"3935.761671344549"
"4120",contact,"contact, certain",N,"-9",certain,certain,,01.01.01,DAS01,,CAF4120,"2013.0867710421"
"4121",contact,"contact, certain",N,"-9",certain,certain,,01.01.01,DAS01,,CAF4121,"405.4367358648512"
"4122",contact,"contact, certain",N,"-9",certain,certain,,01.01.01,DAS01,,CAF4122,"207.5607514900078"
"4123",contact,"contact, certain",N,"-9",certain,certain,,01.01.01,DAS01,,CAF4123,"430.8462448795396"
"4124",contact,"contact, certain",N,"-9",certain,certain,,01.01.01,DAS01,,CAF4124,"1481.387298201144"
"4125",contact,"contact, certain",N,"-9",certain,certain,,01.01.01,DAS01,,CAF4125,"490.9302364270136"
"4126",contact,"contact, certain",N,"-9",certain,certain,,01.01.01,DAS01,,CAF4126,"1306.842011777521"
"4127",contact,"contact, certain",N,"-9",certain,certain,,01.01.01,DAS01,,CAF4127,"2731.270483588392"
"4128",contact,"contact, certain",N,"-9",certain,certain,,01.01.01,DAS01,,CAF4128,"356.2039486239081"
"4129",contact,"contact, certain",N,"-9",certain,certain,,01.01.01,DAS01,,CAF4129,"5576.160635292968"
"4130",contact,"contact, certain",N,"-9",certain,certain,,01.01.01,DAS01,,CAF4130,"4657.144296203341"
"4131",contact,"contact, certain",N,"-9",certain,certain,,01.01.01,DAS01,,CAF4131,"465.8601898793954"
"4132",contact,"contact, certain",N,"-9",certain,certain,,01.01.01,DAS01,,CAF4132,"5301.195091010494"
"4133",contact,"contact, certain",N,"-9",certain,certain,,01.01.01,DAS01,,CAF4133,"559.5235615978984"
"4134",contact,"contact, certain",N,"-9",certain,certain,,01.01.01,DAS01,,CAF4134,"34283.19245319688"
"4135",contact,"contact, certain",N,"-9",certain,certain,,01.01.01,DAS01,,CAF4135,"2689.967127701039"
"4136",contact,"contact, certain",N,"-9",certain,certain,,01.01.01,DAS01,,CAF4136,"1683.532221950794"
"4137",contact,"contact, certain",N,"-9",certain,certain,,01.01.01,DAS01,,CAF4137,"1287.300761022958"
"4138",contact,"contact, certain",N,"-9",certain,certain,,01.01.01,DAS01,,CAF4138,"548.840782941889"
"4139",contact,"contact, certain",N,"-9",certain,certain,,01.01.01,DAS01,,CAF4139,"2882.207714924496"
"4140",contact,"contact, certain",N,"-9",certain,certain,,01.01.01,DAS01,,CAF4140,"781.4769167512635"
"4141",contact,"contact, certain",N,"-9",certain,certain,,01.01.01,DAS01,,CAF4141,"2295.615202257577"
"4142",contact,"contact, certain",N,"-9",certain,certain,,01.01.01,DAS01,,CAF4142,"2693.194941458624"
"4143",contact,"contact, certain",N,"-9",certain,certain,,01.01.01,DAS01,,CAF4143,"3697.641574541324"
"4144",contact,"contact, certain",N,"-9",certain,certain,,01.01.01,DAS01,,CAF4144,"288.2815853234958"
"4145",contact,"contact, certain",N,"-9",certain,certain,,01.01.01,DAS01,,CAF4145,"1947.690013392081"
"4146",contact,"contact, certain",N,"-9",certain,certain,,01.01.01,DAS01,,CAF4146,"562.5343353255821"
"4147",contact,"contact, certain",N,"-9",certain,certain,,01.01.01,DAS01,,CAF4147,"4653.960395025306"
"4148",contact,"contact, certain",N,"-9",certain,certain,,01.01.01,DAS01,,CAF4148,"226.4715558633878"
"4149",contact,"contact, certain",N,"-9",certain,certain,,01.01.01,DAS01,,CAF4149,"1855.351394361005"
"4150",contact,"contact, certain",N,"-9",certain,certain,,01.01.01,DAS01,,CAF4150,"5199.633360571651"
"4151",contact,"contact, certain",N,"-9",certain,certain,,01.01.01,DAS01,,CAF4151,"2434.72464644929"
"4152",contact,"contact, certain",N,"-9",certain,certain,,01.01.01,DAS01,,CAF4152,"6011.125039037488"
"4153",contact,"contact, certain",N,"-9",certain,certain,,01.01.01,DAS01,,CAF4153,"174.6610557401016"
"4154",contact,"contact, certain",N,"-9",certain,certain,,01.01.01,DAS01,,CAF4154,"3253.812559880892"
"4155",contact,"contact, certain",N,"-9",certain,certain,,01.01.01,DAS01,,CAF4155,"480.619114055732"
"4156",contact,"contact, certain",N,"-9",certain,certain,,01.01.01,DAS01,,CAF4156,"7975.862967930679"
"4157",contact,"contact, certain",N,"-9",certain,certain,,01.01.01,DAS01,,CAF4157,"3716.907086874098"
"4158",contact,"contact, certain",N,"-9",certain,certain,,01.01.01,DAS01,,CAF4158,"1689.954369596602"
"4159",contact,"contact, certain",N,"-9",certain,certain,,01.01.01,DAS01,,CAF4159,"1268.225122555015"
"4160",contact,"contact, certain",N,"-9",certain,certain,,01.01.01,DAS01,,CAF4160,"1436.747466152308"
"4161",contact,"contact, certain",N,"-9",certain,certain,,01.01.01,DAS01,,CAF4161,"509.4051651649738"
"4162",contact,"contact, certain",N,"-9",certain,certain,,01.01.01,DAS01,,CAF4162,"99286.69525809688"
"4163",contact,"contact, certain",N,"-9",certain,certain,,01.01.01,DAS01,,CAF4163,"3673.626778804945"
"4164",contact,"contact, certain",N,"-9",certain,certain,,01.01.01,DAS01,,CAF4164,"12036.82782951702"
"4165",contact,"contact, certain",N,"-9",certain,certain,,01.01.01,DAS01,,CAF4165,"68.74256872792175"
"4166",contact,"contact, certain",N,"-9",certain,certain,,01.01.01,DAS01,,CAF4166,"129.6287641284266"
"4167",contact,"contact, certain",N,"-9",certain,certain,,01.01.01,DAS01,,CAF4167,"689.3229444715951"
"4168",contact,"contact, certain",N,"-9",certain,certain,,01.01.01,DAS01,,CAF4168,"3256.2768518354"
"4169",contact,"contact, certain",N,"-9",certain,certain,,01.01.01,DAS01,,CAF4169,"3102.115795479122"
"4170",contact,"contact, certain",N,"-9",certain,certain,,01.01.01,DAS01,,CAF4170,"1430.070556814027"
"4171",contact,"contact, certain",N,"-9",certain,certain,,01.01.01,DAS01,,CAF4171,"312.0378391054818"
"4172",contact,"contact, certain",N,"-9",certain,certain,,01.01.01,DAS01,,CAF4172,"1036.391761904017"
"4173",contact,"contact, certain",N,"-9",certain,certain,,01.01.01,DAS01,,CAF4173,"1063.999042085032"
"4174",contact,"contact, certain",N,"-9",certain,certain,,01.01.01,DAS01,,CAF4174,"1293.756036954278"
"4175",contact,"contact, certain",N,"-9",certain,certain,,01.01.01,DAS01,,CAF4175,"3344.856054200529"
"4176",contact,"contact, certain",N,"-9",certain,certain,,01.01.01,DAS01,,CAF4176,"1982.006580862001"
"4177",contact,"contact, certain",N,"-9",certain,certain,,01.01.01,DAS01,,CAF4177,"207.3828078792424"
"4178",contact,"contact, certain",N,"-9",certain,certain,,01.01.01,DAS01,,CAF4178,"354.4775223522159"
"4179",contact,"contact, certain",N,"-9",certain,certain,,01.01.01,DAS01,,CAF4179,"1404.300137202499"
"4180",contact,"contact, certain",N,"-9",certain,certain,,01.01.01,DAS01,,CAF4180,"2574.728217829996"
"4181",contact,"contact, certain",N,"-9",certain,certain,,01.01.01,DAS01,,CAF4181,"23789.67801744034"
"4182",contact,"contact, certain",N,"-9",certain,certain,,01.01.01,DAS01,,CAF4182,"841.1675372141731"
"4183",contact,"contact, certain",N,"-9",certain,certain,,01.01.01,DAS01,,CAF4183,"2782.235804095373"
"4184",contact,"contact, certain",N,"-9",certain,certain,,01.01.01,DAS01,,CAF4184,"380.9208713731522"
"4185",contact,"contact, certain",N,"-9",certain,certain,,01.01.01,DAS01,,CAF4185,"1737.413531469843"
"4186",contact,"contact, certain",N,"-9",certain,certain,,01.01.01,DAS01,,CAF4186,"788.3708375790545"
"4187",contact,"contact, certain",N,"-9",certain,certain,,01.01.01,DAS01,,CAF4187,"739.2668715758233"
"4188",contact,"contact, certain",N,"-9",certain,certain,,01.01.01,DAS01,,CAF4188,"1151.265766203559"
"4189",contact,"contact, certain",N,"-9",certain,certain,,01.01.01,DAS01,,CAF4189,"2703.252558863143"
"4190",contact,"contact, certain",N,"-9",certain,certain,,01.01.01,DAS01,,CAF4190,"299.1262311076413"
"4191",contact,"contact, certain",N,"-9",certain,certain,,01.01.01,DAS01,,CAF4191,"198.122661476315"
"4192",contact,"contact, certain",N,"-9",certain,certain,,01.01.01,DAS01,,CAF4192,"6677.142043896996"
"4193",contact,"contact, certain",N,"-9",certain,certain,,01.01.01,DAS01,,CAF4193,"3873.941278331792"
"4194",contact,"contact, certain",N,"-9",certain,certain,,01.01.01,DAS01,,CAF4194,"5871.809811636902"
"4195",contact,"contact, certain",N,"-9",certain,certain,,01.01.01,DAS01,,CAF4195,"1656.199047015292"
"4196",contact,"contact, certain",N,"-9",certain,certain,,01.01.01,DAS01,,CAF4196,"1022.489757062586"
"4197",contact,"contact, certain",N,"-9",certain,certain,,01.01.01,DAS01,,CAF4197,"1475.303416477571"
"4198",contact,"contact, certain",N,"-9",certain,certain,,01.01.01,DAS01,,CAF4198,"7745.195506870363"
"4199",contact,"contact, certain",N,"-9",certain,certain,,01.01.01,DAS01,,CAF4199,"792.4815015504365"
"4200",contact,"contact, certain",N,"-9",certain,certain,,01.01.01,DAS01,,CAF4200,"2135.177857677886"
"4201",contact,"contact, certain",N,"-9",certain,certain,,01.01.01,DAS01,,CAF4201,"465.6129197702786"
"4202",contact,"contact, certain",N,"-9",certain,certain,,01.01.01,DAS01,,CAF4202,"692.3052753729414"
"4203",contact,"contact, certain",N,"-9",certain,certain,,01.01.01,DAS01,,CAF4203,"1320.816629029943"
"4204",contact,"contact, certain",N,"-9",certain,certain,,01.01.01,DAS01,,CAF4204,"1063.146901600082"
"4205",contact,"contact, certain",N,"-9",certain,certain,,01.01.01,DAS01,,CAF4205,"8016.065817499369"
"4206",contact,"contact, certain",N,"-9",certain,certain,,01.01.01,DAS01,,CAF4206,"1462.661334684495"
"4207",contact,"contact, certain",N,"-9",certain,certain,,01.01.01,DAS01,,CAF4207,"1266.943170046264"
"4208",contact,"contact, certain",N,"-9",certain,certain,,01.01.01,DAS01,,CAF4208,"42299.91974963555"
"4209",contact,"contact, certain",N,"-9",certain,certain,,01.01.01,DAS01,,CAF4209,"2618.238449088364"
"4210",contact,"contact, certain",N,"-9",certain,certain,,01.01.01,DAS01,,CAF4210,"12977.41847078737"
"4211",contact,"contact, certain",N,"-9",certain,certain,,01.01.01,DAS01,,CAF4211,"1239.276058525135"
"4212",contact,"contact, certain",N,"-9",certain,certain,,01.01.01,DAS01,,CAF4212,"15623.37366860981"
"4213",contact,"contact, certain",N,"-9",certain,certain,,01.01.01,DAS01,,CAF4213,"12401.90029957985"
"4214",contact,"contact, certain",N,"-9",certain,certain,,01.01.01,DAS01,,CAF4214,"1285.155815978156"
"4215",contact,"contact, certain",N,"-9",certain,certain,,01.01.01,DAS01,,CAF4215,"150.1242561086722"
"4216",contact,"contact, certain",N,"-9",certain,certain,,01.01.01,DAS01,,CAF4216,"369.7779107412325"
"4217",contact,"contact, certain",N,"-9",certain,certain,,01.01.01,DAS01,,CAF4217,"21920.85655109862"
"4218",contact,"contact, certain",N,"-9",certain,certain,,01.01.01,DAS01,,CAF4218,"1555.122682937832"
"4219",contact,"contact, certain",N,"-9",certain,certain,,01.01.01,DAS01,,CAF4219,"1654.473781190347"
"4220",contact,"contact, certain",N,"-9",certain,certain,,01.01.01,DAS01,,CAF4220,"885.5694240382853"
"4221",contact,"contact, certain",N,"-9",certain,certain,,01.01.01,DAS01,,CAF4221,"333.1774697543506"
"4222",contact,"contact, certain",N,"-9",certain,certain,,01.01.01,DAS01,,CAF4222,"2674.276355575957"
"4223",contact,"contact, certain",N,"-9",certain,certain,,01.01.01,DAS01,,CAF4223,"3014.646965208778"
"4224",contact,"contact, certain",N,"-9",certain,certain,,01.01.01,DAS01,,CAF4224,"8390.714585212469"
"4225",contact,"contact, certain",N,"-9",certain,certain,,01.01.01,DAS01,,CAF4225,"1715.772722689367"
"4226",contact,"contact, certain",N,"-9",certain,certain,,01.01.01,DAS01,,CAF4226,"6395.411809668869"
"4227",contact,"contact, certain",N,"-9",certain,certain,,01.01.01,DAS01,,CAF4227,"4947.169690101189"
"4228",contact,"contact, certain",N,"-9",certain,certain,,01.01.01,DAS01,,CAF4228,"12496.21037229093"
"4229",contact,"contact, certain",N,"-9",certain,certain,,01.01.01,DAS01,,CAF4229,"856.7255597140379"
"4230",contact,"contact, certain",N,"-9",certain,certain,,01.01.01,DAS01,,CAF4230,"3701.932546192307"
"4231",contact,"contact, certain",N,"-9",certain,certain,,01.01.01,DAS01,,CAF4231,"8964.730523425005"
"4232",contact,"contact, certain",N,"-9",certain,certain,,01.01.01,DAS01,,CAF4232,"2784.71469104679"
"4233",contact,"contact, certain",N,"-9",certain,certain,,01.01.01,DAS01,,CAF4233,"2425.980717879353"
"4234",contact,"contact, certain",N,"-9",certain,certain,,01.01.01,DAS01,,CAF4234,"5758.492978497225"
"4235",contact,"contact, certain",N,"-9",certain,certain,,01.01.01,DAS01,,CAF4235,"2155.886164118179"
"4236",contact,"contact, certain",N,"-9",certain,certain,,01.01.01,DAS01,,CAF4236,"3432.690198320471"
"4237",contact,"contact, certain",N,"-9",certain,certain,,01.01.01,DAS01,,CAF4237,"1179.529561084268"
"4238",contact,"contact, certain",N,"-9",certain,certain,,01.01.01,DAS01,,CAF4238,"4619.913388837407"
"4239",contact,"contact, certain",N,"-9",certain,certain,,01.01.01,DAS01,,CAF4239,"1145.465420289051"
"4240",contact,"contact, certain",N,"-9",certain,certain,,01.01.01,DAS01,,CAF4240,"2212.693557253552"
"4241",contact,"contact, certain",N,"-9",certain,certain,,01.01.01,DAS01,,CAF4241,"2112.054967119483"
"4242",contact,"contact, certain",N,"-9",certain,certain,,01.01.01,DAS01,,CAF4242,"5410.99041310471"
"4243",contact,"contact, certain",N,"-9",certain,certain,,01.01.01,DAS01,,CAF4243,"1082.792625492818"
"4244",contact,"contact, certain",N,"-9",certain,certain,,01.01.01,DAS01,,CAF4244,"8950.319908773958"
"4245",contact,"contact, certain",N,"-9",certain,certain,,01.01.01,DAS01,,CAF4245,"1367.841756668318"
"4246",contact,"contact, certain",N,"-9",certain,certain,,01.01.01,DAS01,,CAF4246,"519.700074344232"
"4247",contact,"contact, certain",N,"-9",certain,certain,,01.01.01,DAS01,,CAF4247,"2992.600006155684"
"4248",contact,"contact, certain",N,"-9",certain,certain,,01.01.01,DAS01,,CAF4248,"21492.68404916139"
"4249",contact,"contact, certain",N,"-9",certain,certain,,01.01.01,DAS01,,CAF4249,"5981.820465769839"
"4250",contact,"contact, certain",N,"-9",certain,certain,,01.01.01,DAS01,,CAF4250,"2319.426710121525"
"4251",contact,"contact, certain",N,"-9",certain,certain,,01.01.01,DAS01,,CAF4251,"455.2768126285955"
"4252",contact,"contact, certain",N,"-9",certain,certain,,01.01.01,DAS01,,CAF4252,"6699.123732452258"
"4253",contact,"contact, certain",N,"-9",certain,certain,,01.01.01,DAS01,,CAF4253,"14762.68188011981"
"4254",contact,"contact, certain",N,"-9",certain,certain,,01.01.01,DAS01,,CAF4254,"335.1817216504179"
"4255",contact,"contact, certain",N,"-9",certain,certain,,01.01.01,DAS01,,CAF4255,"1435.680333654871"
"4256",contact,"contact, certain",N,"-9",certain,certain,,01.01.01,DAS01,,CAF4256,"377.9313534332564"
"4257",contact,"contact, certain",N,"-9",certain,certain,,01.01.01,DAS01,,CAF4257,"3695.335413520278"
"4258",contact,"contact, certain",N,"-9",certain,certain,,01.01.01,DAS01,,CAF4258,"4459.156925178662"
"4259",contact,"contact, certain",N,"-9",certain,certain,,01.01.01,DAS01,,CAF4259,"4361.5052615398"
"4260",contact,"contact, certain",N,"-9",certain,certain,,01.01.01,DAS01,,CAF4260,"1504.306276769706"
"4261",contact,"contact, certain",N,"-9",certain,certain,,01.01.01,DAS01,,CAF4261,"1080.032136761627"
"4262",contact,"contact, certain",N,"-9",certain,certain,,01.01.01,DAS01,,CAF4262,"2455.472211955436"
"4263",contact,"contact, certain",N,"-9",certain,certain,,01.01.01,DAS01,,CAF4263,"1115.75289893699"
"4264",contact,"contact, certain",N,"-9",certain,certain,,01.01.01,DAS01,,CAF4264,"581.7921162896085"
"4265",contact,"contact, certain",N,"-9",certain,certain,,01.01.01,DAS01,,CAF4265,"5112.761363323581"
"4266",contact,"contact, certain",N,"-9",certain,certain,,01.01.01,DAS01,,CAF4266,"185.1976511185894"
"4267",contact,"contact, certain",N,"-9",certain,certain,,01.01.01,DAS01,,CAF4267,"876.0642025714527"
"4268",contact,"contact, certain",N,"-9",certain,certain,,01.01.01,DAS01,,CAF4268,"1591.762084510823"
"4269",contact,"contact, certain",N,"-9",certain,certain,,01.01.01,DAS01,,CAF4269,"3843.3510725498"
"4270",contact,"contact, certain",N,"-9",certain,certain,,01.01.01,DAS01,,CAF4270,"2805.084152287178"
"4271",contact,"contact, certain",N,"-9",certain,certain,,01.01.01,DAS01,,CAF4271,"253.5277028346305"
"4272",contact,"contact, certain",N,"-9",certain,certain,,01.01.01,DAS01,,CAF4272,"2726.007335013659"
"4273",contact,"contact, certain",N,"-9",certain,certain,,01.01.01,DAS01,,CAF4273,"3061.544822431196"
"4274",contact,"contact, certain",N,"-9",certain,certain,,01.01.01,DAS01,,CAF4274,"14619.48513424342"
"4275",contact,"contact, certain",N,"-9",certain,certain,,01.01.01,DAS01,,CAF4275,"448.3397475424736"
"4276",contact,"contact, certain",N,"-9",certain,certain,,01.01.01,DAS01,,CAF4276,"3500.364001755369"
"4277",contact,"contact, certain",N,"-9",certain,certain,,01.01.01,DAS01,,CAF4277,"326.6406079142105"
"4278",contact,"contact, certain",N,"-9",certain,certain,,01.01.01,DAS01,,CAF4278,"194.2984835824124"
"4279",contact,"contact, certain",N,"-9",certain,certain,,01.01.01,DAS01,,CAF4279,"1132.642018242299"
"4280",contact,"contact, certain",N,"-9",certain,certain,,01.01.01,DAS01,,CAF4280,"1311.81475686421"
"4281",contact,"contact, certain",N,"-9",certain,certain,,01.01.01,DAS01,,CAF4281,"6105.500100484002"
"4282",contact,"contact, certain",N,"-9",certain,certain,,01.01.01,DAS01,,CAF4282,"1100.847145292489"
"4283",contact,"contact, certain",N,"-9",certain,certain,,01.01.01,DAS01,,CAF4283,"856.8438111227406"
"4284",contact,"contact, certain",N,"-9",certain,certain,,01.01.01,DAS01,,CAF4284,"109.6662480763888"
"4285",contact,"contact, certain",N,"-9",certain,certain,,01.01.01,DAS01,,CAF4285,"4058.805881521452"
"4286",contact,"contact, certain",N,"-9",certain,certain,,01.01.01,DAS01,,CAF4286,"3942.839916846409"
"4287",contact,"contact, certain",N,"-9",certain,certain,,01.01.01,DAS01,,CAF4287,"5969.796178783576"
"4288",contact,"contact, certain",N,"-9",certain,certain,,01.01.01,DAS01,,CAF4288,"526.9995083929706"
"4289",contact,"contact, certain",N,"-9",certain,certain,,01.01.01,DAS01,,CAF4289,"508.8070487771257"
"4290",contact,"contact, certain",N,"-9",certain,certain,,01.01.01,DAS01,,CAF4290,"2039.979397944503"
"4291",contact,"contact, certain",N,"-9",certain,certain,,01.01.01,DAS01,,CAF4291,"711.3499803100128"
"4292",contact,"contact, certain",N,"-9",certain,certain,,01.01.01,DAS01,,CAF4292,"803.9148755400424"
"4293",contact,"contact, certain",N,"-9",certain,certain,,01.01.01,DAS01,,CAF4293,"1696.210274980986"
"4294",contact,"contact, certain",N,"-9",certain,certain,,01.01.01,DAS01,,CAF4294,"698.526239189179"
"4295",contact,"contact, certain",N,"-9",certain,certain,,01.01.01,DAS01,,CAF4295,"121.9142298973791"
"4296",contact,"contact, certain",N,"-9",certain,certain,,01.01.01,DAS01,,CAF4296,"1045.805284132692"
"4297",contact,"contact, certain",N,"-9",certain,certain,,01.01.01,DAS01,,CAF4297,"991.4592484265662"
"4298",contact,"contact, certain",N,"-9",certain,certain,,01.01.01,DAS01,,CAF4298,"4966.735657270508"
"4299",contact,"contact, certain",N,"-9",certain,certain,,01.01.01,DAS01,,CAF4299,"123.362754329108"
"4300",contact,"contact, certain",N,"-9",certain,certain,,01.01.01,DAS01,,CAF4300,"4609.146287905239"
"4301",contact,"contact, certain",N,"-9",certain,certain,,01.01.01,DAS01,,CAF4301,"5211.484308737997"
"4302",contact,"contact, certain",N,"-9",certain,certain,,01.01.01,DAS01,,CAF4302,"472.3589323047285"
"4303",contact,"contact, certain",N,"-9",certain,certain,,01.01.01,DAS01,,CAF4303,"3141.790761722811"
"4304",contact,"contact, certain",N,"-9",certain,certain,,01.01.01,DAS01,,CAF4304,"1136.757482165259"
"4305",contact,"contact, certain",N,"-9",certain,certain,,01.01.01,DAS01,,CAF4305,"2028.199062555406"
"4306",contact,"contact, certain",N,"-9",certain,certain,,01.01.01,DAS01,,CAF4306,"337.7436130423698"
"4307",contact,"contact, certain",N,"-9",certain,certain,,01.01.01,DAS01,,CAF4307,"791.3358420918437"
"4308",contact,"contact, certain",N,"-9",certain,certain,,01.01.01,DAS01,,CAF4308,"2065.885495232833"
"4309",contact,"contact, certain",N,"-9",certain,certain,,01.01.01,DAS01,,CAF4309,"450.8323677864352"
"4310",contact,"contact, certain",N,"-9",certain,certain,,01.01.01,DAS01,,CAF4310,"2014.942204894722"
"4311",contact,"contact, certain",N,"-9",certain,certain,,01.01.01,DAS01,,CAF4311,"4981.661570222612"
"4312",contact,"contact, certain",N,"-9",certain,certain,,01.01.01,DAS01,,CAF4312,"1617.453951921744"
"4313",contact,"contact, certain",N,"-9",certain,certain,,01.01.01,DAS01,,CAF4313,"7577.069555556269"
"4314",contact,"contact, certain",N,"-9",certain,certain,,01.01.01,DAS01,,CAF4314,"1015.221346153945"
"4315",contact,"contact, certain",N,"-9",certain,certain,,01.01.01,DAS01,,CAF4315,"3105.29480348374"
"4316",contact,"contact, certain",N,"-9",certain,certain,,01.01.01,DAS01,,CAF4316,"2780.298522198178"
"4317",contact,"contact, certain",N,"-9",certain,certain,,01.01.01,DAS01,,CAF4317,"5671.347656039751"
"4318",contact,"contact, certain",N,"-9",certain,certain,,01.01.01,DAS01,,CAF4318,"520.2408032943605"
"4319",contact,"contact, certain",N,"-9",certain,certain,,01.01.01,DAS01,,CAF4319,"913.9996036263658"
"4320",contact,"contact, certain",N,"-9",certain,certain,,01.01.01,DAS01,,CAF4320,"1217.584333623957"
"4321",contact,"contact, certain",N,"-9",certain,certain,,01.01.01,DAS01,,CAF4321,"6593.092133960383"
"4322",contact,"contact, certain",N,"-9",certain,certain,,01.01.01,DAS01,,CAF4322,"2723.214306621895"
"4323",contact,"contact, certain",N,"-9",certain,certain,,01.01.01,DAS01,,CAF4323,"1723.295494709795"
"4324",contact,"contact, certain",N,"-9",certain,certain,,01.01.01,DAS01,,CAF4324,"653.7506205673228"
"4325",contact,"contact, certain",N,"-9",certain,certain,,01.01.01,DAS01,,CAF4325,"1394.038283029378"
"4326",contact,"contact, certain",N,"-9",certain,certain,,01.01.01,DAS01,,CAF4326,"28670.05543152183"
"4327",contact,"contact, certain",N,"-9",certain,certain,,01.01.01,DAS01,,CAF4327,"2734.750283160587"
"4328",contact,"contact, certain",N,"-9",certain,certain,,01.01.01,DAS01,,CAF4328,"2000.460538577196"
"4329",contact,"contact, certain",N,"-9",certain,certain,,01.01.01,DAS01,,CAF4329,"597.0708692458127"
"4330",contact,"contact, certain",N,"-9",certain,certain,,01.01.01,DAS01,,CAF4330,"322.2426962534533"
"4331",contact,"contact, certain",N,"-9",certain,certain,,01.01.01,DAS01,,CAF4331,"2619.718997362746"
"4332",contact,"contact, certain",N,"-9",certain,certain,,01.01.01,DAS01,,CAF4332,"1593.41944187169"
"4333",contact,"contact, certain",N,"-9",certain,certain,,01.01.01,DAS01,,CAF4333,"2062.510198724642"
"4334",contact,"contact, certain",N,"-9",certain,certain,,01.01.01,DAS01,,CAF4334,"188.9174018514329"
"4335",contact,"contact, certain",N,"-9",certain,certain,,01.01.01,DAS01,,CAF4335,"270.2553252579721"
"4336",contact,"contact, certain",N,"-9",certain,certain,,01.01.01,DAS01,,CAF4336,"3648.231138210622"
"4337",contact,"contact, certain",N,"-9",certain,certain,,01.01.01,DAS01,,CAF4337,"1609.924132135985"
"4338",contact,"contact, certain",N,"-9",certain,certain,,01.01.01,DAS01,,CAF4338,"717.7367162087146"
"4339",contact,"contact, certain",N,"-9",certain,certain,,01.01.01,DAS01,,CAF4339,"281.4941797492615"
"4340",contact,"contact, certain",N,"-9",certain,certain,,01.01.01,DAS01,,CAF4340,"423.8024709415888"
"4341",contact,"contact, certain",N,"-9",certain,certain,,01.01.01,DAS01,,CAF4341,"614.1023542873018"
"4342",contact,"contact, certain",N,"-9",certain,certain,,01.01.01,DAS01,,CAF4342,"456.6683912234933"
"4343",contact,"contact, certain",N,"-9",certain,certain,,01.01.01,DAS01,,CAF4343,"4647.485756755898"
"4344",contact,"contact, certain",N,"-9",certain,certain,,01.01.01,DAS01,,CAF4344,"5326.757725698285"
"4345",contact,"contact, certain",N,"-9",certain,certain,,01.01.01,DAS01,,CAF4345,"3364.856349871229"
"4346",contact,"contact, certain",N,"-9",certain,certain,,01.01.01,DAS01,,CAF4346,"6638.083962123766"
"4347",contact,"contact, certain",N,"-9",certain,certain,,01.01.01,DAS01,,CAF4347,"2264.333268561168"
"4348",contact,"contact, certain",N,"-9",certain,certain,,01.01.01,DAS01,,CAF4348,"1247.594666035744"
"4349",contact,"contact, certain",N,"-9",certain,certain,,01.01.01,DAS01,,CAF4349,"2297.135054332766"
"4350",contact,"contact, certain",N,"-9",certain,certain,,01.01.01,DAS01,,CAF4350,"1655.110037643776"
"4351",contact,"contact, certain",N,"-9",certain,certain,,01.01.01,DAS01,,CAF4351,"1130.098040409991"
"4352",contact,"contact, certain",N,"-9",certain,certain,,01.01.01,DAS01,,CAF4352,"5283.787395280443"
"4353",contact,"contact, certain",N,"-9",certain,certain,,01.01.01,DAS01,,CAF4353,"9040.021267229138"
"4354",contact,"contact, certain",N,"-9",certain,certain,,01.01.01,DAS01,,CAF4354,"6621.25499694111"
"4355",contact,"contact, certain",N,"-9",certain,certain,,01.01.01,DAS01,,CAF4355,"301.6258224650792"
"4356",contact,"contact, certain",N,"-9",certain,certain,,01.01.01,DAS01,,CAF4356,"5473.183235401101"
"4357",contact,"contact, certain",N,"-9",certain,certain,,01.01.01,DAS01,,CAF4357,"1584.58987355658"
"4358",contact,"contact, certain",N,"-9",certain,certain,,01.01.01,DAS01,,CAF4358,"1121.989992666396"
"4359",contact,"contact, certain",N,"-9",certain,certain,,01.01.01,DAS01,,CAF4359,"814.8696978248216"
"4360",contact,"contact, certain",N,"-9",certain,certain,,01.01.01,DAS01,,CAF4360,"16016.53392497388"
"4361",contact,"contact, certain",N,"-9",certain,certain,,01.01.01,DAS01,,CAF4361,"1320.236017567612"
"4362",contact,"contact, certain",N,"-9",certain,certain,,01.01.01,DAS01,,CAF4362,"494.2415124171862"
"4363",contact,"contact, certain",N,"-9",certain,certain,,01.01.01,DAS01,,CAF4363,"3017.474437662871"
"4364",contact,"contact, certain",N,"-9",certain,certain,,01.01.01,DAS01,,CAF4364,"1586.908187097069"
"4365",contact,"contact, certain",N,"-9",certain,certain,,01.01.01,DAS01,,CAF4365,"459.3389138622402"
"4366",contact,"contact, certain",N,"-9",certain,certain,,01.01.01,DAS01,,CAF4366,"478.0899415902871"
"4367",contact,"contact, certain",N,"-9",certain,certain,,01.01.01,DAS01,,CAF4367,"564.3485954935809"
"4368",contact,"contact, certain",N,"-9",certain,certain,,01.01.01,DAS01,,CAF4368,"746.618205365595"
"4369",contact,"contact, certain",N,"-9",certain,certain,,01.01.01,DAS01,,CAF4369,"1138.778038336584"
"4370",contact,"contact, certain",N,"-9",certain,certain,,01.01.01,DAS01,,CAF4370,"4344.254771422005"
"4371",contact,"contact, certain",N,"-9",certain,certain,,01.01.01,DAS01,,CAF4371,"5734.829322963949"
"4372",contact,"contact, certain",N,"-9",certain,certain,,01.01.01,DAS01,,CAF4372,"6328.332948368501"
"4373",contact,"contact, certain",N,"-9",certain,certain,,01.01.01,DAS01,,CAF4373,"903.1426001339782"
"4374",contact,"contact, certain",N,"-9",certain,certain,,01.01.01,DAS01,,CAF4374,"752.945877973799"
"4375",contact,"contact, certain",N,"-9",certain,certain,,01.01.01,DAS01,,CAF4375,"1950.210061216648"
"4376",contact,"contact, certain",N,"-9",certain,certain,,01.01.01,DAS01,,CAF4376,"398.7199147094409"
"4377",contact,"contact, certain",N,"-9",certain,certain,,01.01.01,DAS01,,CAF4377,"1515.413991845041"
"4378",contact,"contact, certain",N,"-9",certain,certain,,01.01.01,DAS01,,CAF4378,"6737.268447264842"
"4379",contact,"contact, certain",N,"-9",certain,certain,,01.01.01,DAS01,,CAF4379,"1950.026049427653"
"4380",contact,"contact, certain",N,"-9",certain,certain,,01.01.01,DAS01,,CAF4380,"2888.699434201616"
"4381",contact,"contact, certain",N,"-9",certain,certain,,01.01.01,DAS01,,CAF4381,"828.8555529434352"
"4382",contact,"contact, certain",N,"-9",certain,certain,,01.01.01,DAS01,,CAF4382,"588.4894081176858"
"4383",contact,"contact, certain",N,"-9",certain,certain,,01.01.01,DAS01,,CAF4383,"845.0767407103867"
"4384",contact,"contact, certain",N,"-9",certain,certain,,01.01.01,DAS01,,CAF4384,"2354.362053285596"
"4385",contact,"contact, certain",N,"-9",certain,certain,,01.01.01,DAS01,,CAF4385,"1598.750416143343"
"4386",contact,"contact, certain",N,"-9",certain,certain,,01.01.01,DAS01,,CAF4386,"1413.553365709267"
"4387",contact,"contact, certain",N,"-9",certain,certain,,01.01.01,DAS01,,CAF4387,"6075.84229462096"
"4388",contact,"contact, certain",N,"-9",certain,certain,,01.01.01,DAS01,,CAF4388,"44170.62380724033"
"4389",contact,"contact, certain",N,"-9",certain,certain,,01.01.01,DAS01,,CAF4389,"851.2251373399255"
"4390",contact,"contact, certain",N,"-9",certain,certain,,01.01.01,DAS01,,CAF4390,"755.6844659276474"
"4391",contact,"contact, certain",N,"-9",certain,certain,,01.01.01,DAS01,,CAF4391,"2840.038053741847"
"4392",contact,"contact, certain",N,"-9",certain,certain,,01.01.01,DAS01,,CAF4392,"4280.072318080631"
"4393",contact,"contact, certain",N,"-9",certain,certain,,01.01.01,DAS01,,CAF4393,"1170.417321740005"
"4394",contact,"contact, certain",N,"-9",certain,certain,,01.01.01,DAS01,,CAF4394,"5788.396672557205"
"4395",contact,"contact, certain",N,"-9",certain,certain,,01.01.01,DAS01,,CAF4395,"262.8419468394743"
"4396",contact,"contact, certain",N,"-9",certain,certain,,01.01.01,DAS01,,CAF4396,"1852.330598646946"
"4397",contact,"contact, certain",N,"-9",certain,certain,,01.01.01,DAS01,,CAF4397,"3825.128640843588"
"4398",contact,"contact, certain",N,"-9",certain,certain,,01.01.01,DAS01,,CAF4398,"3708.934463379963"
"4399",contact,"contact, certain",N,"-9",certain,certain,,01.01.01,DAS01,,CAF4399,"968.7130017968909"
"4400",contact,"contact, certain",N,"-9",certain,certain,,01.01.01,DAS01,,CAF4400,"1270.613886258269"
"4401",contact,"contact, certain",N,"-9",certain,certain,,01.01.01,DAS01,,CAF4401,"860.5127158109985"
"4402",contact,"contact, certain",N,"-9",certain,certain,,01.01.01,DAS01,,CAF4402,"4283.866494209826"
"4403",contact,"contact, certain",N,"-9",certain,certain,,01.01.01,DAS01,,CAF4403,"441.5008205697212"
"4404",contact,"contact, certain",N,"-9",certain,certain,,01.01.01,DAS01,,CAF4404,"4116.920009903376"
"4405",contact,"contact, certain",N,"-9",certain,certain,,01.01.01,DAS01,,CAF4405,"3011.434528984182"
"4406",contact,"contact, certain",N,"-9",certain,certain,,01.01.01,DAS01,,CAF4406,"442.984075855273"
"4407",contact,"contact, certain",N,"-9",certain,certain,,01.01.01,DAS01,,CAF4407,"7195.750281500535"
"4408",contact,"contact, certain",N,"-9",certain,certain,,01.01.01,DAS01,,CAF4408,"2629.721601493464"
"4409",contact,"contact, certain",N,"-9",certain,certain,,01.01.01,DAS01,,CAF4409,"855.1093630451196"
"4410",contact,"contact, certain",N,"-9",certain,certain,,01.01.01,DAS01,,CAF4410,"1774.740332768677"
"4411",contact,"contact, certain",N,"-9",certain,certain,,01.01.01,DAS01,,CAF4411,"673.0348351770406"
"4412",contact,"contact, certain",N,"-9",certain,certain,,01.01.01,DAS01,,CAF4412,"3250.882337634511"
"4413",contact,"contact, certain",N,"-9",certain,certain,,01.01.01,DAS01,,CAF4413,"5133.127494280438"
"4414",contact,"contact, certain",N,"-9",certain,certain,,01.01.01,DAS01,,CAF4414,"887.5819621949365"
"4415",contact,"contact, certain",N,"-9",certain,certain,,01.01.01,DAS01,,CAF4415,"1880.283559331112"
"4416",contact,"contact, certain",N,"-9",certain,certain,,01.01.01,DAS01,,CAF4416,"444.656715260303"
"4417",contact,"contact, certain",N,"-9",certain,certain,,01.01.01,DAS01,,CAF4417,"1227.848416529069"
"4418",contact,"contact, certain",N,"-9",certain,certain,,01.01.01,DAS01,,CAF4418,"941.4800251577351"
"4419",contact,"contact, certain",N,"-9",certain,certain,,01.01.01,DAS01,,CAF4419,"7371.266279455012"
"4420",contact,"contact, certain",N,"-9",certain,certain,,01.01.01,DAS01,,CAF4420,"1924.897252002008"
"4421",contact,"contact, certain",N,"-9",certain,certain,,01.01.01,DAS01,,CAF4421,"388.0602063481553"
"4422",contact,"contact, certain",N,"-9",certain,certain,,01.01.01,DAS01,,CAF4422,"3375.078211986765"
"4423",contact,"contact, certain",N,"-9",certain,certain,,01.01.01,DAS01,,CAF4423,"864.5937988310798"
"4424",contact,"contact, certain",N,"-9",certain,certain,,01.01.01,DAS01,,CAF4424,"914.5490816428627"
"4425",contact,"contact, certain",N,"-9",certain,certain,,01.01.01,DAS01,,CAF4425,"1538.531725249618"
"4426",contact,"contact, certain",N,"-9",certain,certain,,01.01.01,DAS01,,CAF4426,"5396.24458349926"
"4427",contact,"contact, certain",N,"-9",certain,certain,,01.01.01,DAS01,,CAF4427,"3594.8237019894"
"4428",contact,"contact, certain",N,"-9",certain,certain,,01.01.01,DAS01,,CAF4428,"4571.620609414765"
"4429",contact,"contact, certain",N,"-9",certain,certain,,01.01.01,DAS01,,CAF4429,"4408.606327193894"
"4430",contact,"contact, certain",N,"-9",certain,certain,,01.01.01,DAS01,,CAF4430,"268.6452727727522"
"4431",contact,"contact, certain",N,"-9",certain,certain,,01.01.01,DAS01,,CAF4431,"576.3325151351036"
"4432",contact,"contact, certain",N,"-9",certain,certain,,01.01.01,DAS01,,CAF4432,"8940.056072215506"
"4433",contact,"contact, certain",N,"-9",certain,certain,,01.01.01,DAS01,,CAF4433,"479.9481998407308"
"4434",contact,"contact, certain",N,"-9",certain,certain,,01.01.01,DAS01,,CAF4434,"3548.98886642826"
"4435",contact,"contact, certain",N,"-9",certain,certain,,01.01.01,DAS01,,CAF4435,"747.9273991099777"
"4436",contact,"contact, certain",N,"-9",certain,certain,,01.01.01,DAS01,,CAF4436,"1992.976291117538"
"4437",contact,"contact, certain",N,"-9",certain,certain,,01.01.01,DAS01,,CAF4437,"4813.563595773598"
"4438",contact,"contact, certain",N,"-9",certain,certain,,01.01.01,DAS01,,CAF4438,"1562.090122369575"
"4439",contact,"contact, certain",N,"-9",certain,certain,,01.01.01,DAS01,,CAF4439,"934.5707617859919"
"4440",contact,"contact, certain",N,"-9",certain,certain,,01.01.01,DAS01,,CAF4440,"7091.049622809342"
"4441",contact,"contact, certain",N,"-9",certain,certain,,01.01.01,DAS01,,CAF4441,"419.8736668488623"
"4442",contact,"contact, certain",N,"-9",certain,certain,,01.01.01,DAS01,,CAF4442,"608.8044394649672"
"4443",contact,"contact, certain",N,"-9",certain,certain,,01.01.01,DAS01,,CAF4443,"372.8836720087548"
"4444",contact,"contact, certain",N,"-9",certain,certain,,01.01.01,DAS01,,CAF4444,"3699.963322918027"
"4445",contact,"contact, certain",N,"-9",certain,certain,,01.01.01,DAS01,,CAF4445,"4140.877236485022"
"4446",contact,"contact, certain",N,"-9",certain,certain,,01.01.01,DAS01,,CAF4446,"92.69553141554363"
"4447",contact,"contact, certain",N,"-9",certain,certain,,01.01.01,DAS01,,CAF4447,"19213.49711615479"
"4448",contact,"contact, certain",N,"-9",certain,certain,,01.01.01,DAS01,,CAF4448,"4180.730467482515"
"4449",contact,"contact, certain",N,"-9",certain,certain,,01.01.01,DAS01,,CAF4449,"1277.398788049262"
"4450",contact,"contact, certain",N,"-9",certain,certain,,01.01.01,DAS01,,CAF4450,"2189.730040602192"
"4451",contact,"contact, certain",N,"-9",certain,certain,,01.01.01,DAS01,,CAF4451,"1890.656830393126"
"4452",contact,"contact, certain",N,"-9",certain,certain,,01.01.01,DAS01,,CAF4452,"1651.195245365837"
"4453",contact,"contact, certain",N,"-9",certain,certain,,01.01.01,DAS01,,CAF4453,"473.3691677462508"
"4454",contact,"contact, certain",N,"-9",certain,certain,,01.01.01,DAS01,,CAF4454,"3676.201968687314"
"4455",contact,"contact, certain",N,"-9",certain,certain,,01.01.01,DAS01,,CAF4455,"1761.049403477045"
"4456",contact,"contact, certain",N,"-9",certain,certain,,01.01.01,DAS01,,CAF4456,"851.9678803476571"
"4457",contact,"contact, certain",N,"-9",certain,certain,,01.01.01,DAS01,,CAF4457,"564.5923202830019"
"4458",contact,"contact, certain",N,"-9",certain,certain,,01.01.01,DAS01,,CAF4458,"2201.733992861305"
"4459",contact,"contact, certain",N,"-9",certain,certain,,01.01.01,DAS01,,CAF4459,"728.6592339401928"
"4460",contact,"contact, certain",N,"-9",certain,certain,,01.01.01,DAS01,,CAF4460,"10510.63126316525"
"4461",contact,"contact, certain",N,"-9",certain,certain,,01.01.01,DAS01,,CAF4461,"1441.711314374183"
"4462",contact,"contact, certain",N,"-9",certain,certain,,01.01.01,DAS01,,CAF4462,"797.8813686830746"
"4463",contact,"contact, certain",N,"-9",certain,certain,,01.01.01,DAS01,,CAF4463,"2834.507838176031"
"4464",contact,"contact, certain",N,"-9",certain,certain,,01.01.01,DAS01,,CAF4464,"819.3474437495713"
"4465",contact,"contact, certain",N,"-9",certain,certain,,01.01.01,DAS01,,CAF4465,"1219.988419520636"
"4466",contact,"contact, certain",N,"-9",certain,certain,,01.01.01,DAS01,,CAF4466,"8194.882333112329"
"4467",contact,"contact, certain",N,"-9",certain,certain,,01.01.01,DAS01,,CAF4467,"15227.779476932"
"4468",contact,"contact, certain",N,"-9",certain,certain,,01.01.01,DAS01,,CAF4468,"2525.966231780919"
"4469",contact,"contact, certain",N,"-9",certain,certain,,01.01.01,DAS01,,CAF4469,"982.7987851031362"
"4470",contact,"contact, certain",N,"-9",certain,certain,,01.01.01,DAS01,,CAF4470,"246.8211155170425"
"4471",contact,"contact, certain",N,"-9",certain,certain,,01.01.01,DAS01,,CAF4471,"6241.336317387247"
"4472",contact,"contact, certain",N,"-9",certain,certain,,01.01.01,DAS01,,CAF4472,"815.8957938159461"
"4473",contact,"contact, certain",N,"-9",certain,certain,,01.01.01,DAS01,,CAF4473,"1176.891012377434"
"4474",contact,"contact, certain",N,"-9",certain,certain,,01.01.01,DAS01,,CAF4474,"943.3908119605594"
"4475",contact,"contact, certain",N,"-9",certain,certain,,01.01.01,DAS01,,CAF4475,"3609.564171771684"
"4476",contact,"contact, certain",N,"-9",certain,certain,,01.01.01,DAS01,,CAF4476,"751.7088568354104"
"4477",contact,"contact, certain",N,"-9",certain,certain,,01.01.01,DAS01,,CAF4477,"600.3164392499179"
"4478",contact,"contact, certain",N,"-9",certain,certain,,01.01.01,DAS01,,CAF4478,"1720.341074387518"
"4479",contact,"contact, certain",N,"-9",certain,certain,,01.01.01,DAS01,,CAF4479,"3780.414983581987"
"4480",contact,"contact, certain",N,"-9",certain,certain,,01.01.01,DAS01,,CAF4480,"734.5936511167695"
"4481",contact,"contact, certain",N,"-9",certain,certain,,01.01.01,DAS01,,CAF4481,"320.471766833297"
"4482",contact,"contact, certain",N,"-9",certain,certain,,01.01.01,DAS01,,CAF4482,"7455.611703448636"
"4483",contact,"contact, certain",N,"-9",certain,certain,,01.01.01,DAS01,,CAF4483,"947.7347710648251"
"4484",contact,"contact, certain",N,"-9",certain,certain,,01.01.01,DAS01,,CAF4484,"868.205482264789"
"4485",contact,"contact, certain",N,"-9",certain,certain,,01.01.01,DAS01,,CAF4485,"4602.458400396432"
"4486",contact,"contact, certain",N,"-9",certain,certain,,01.01.01,DAS01,,CAF4486,"1048.117887101063"
"4487",contact,"contact, certain",N,"-9",certain,certain,,01.01.01,DAS01,,CAF4487,"611.8398320551657"
"4488",contact,"contact, certain",N,"-9",certain,certain,,01.01.01,DAS01,,CAF4488,"112.7316039368208"
"4489",contact,"contact, certain",N,"-9",certain,certain,,01.01.01,DAS01,,CAF4489,"781.3698479976697"
"4490",contact,"contact, certain",N,"-9",certain,certain,,01.01.01,DAS01,,CAF4490,"457.2029907041696"
"4491",contact,"contact, certain",N,"-9",certain,certain,,01.01.01,DAS01,,CAF4491,"820.932161404323"
"4492",contact,"contact, concealed",Y,"-9",certain,certain,,01.01.07,DAS01,,CAF4492,"7920.988033775784"
"4493",contact,"contact, concealed",Y,"-9",certain,certain,,01.01.07,DAS01,,CAF4493,"1136.017540168567"
"4494",contact,"contact, concealed",Y,"-9",certain,certain,,01.01.07,DAS01,,CAF4494,"1400.845674894771"
"4495",contact,"contact, concealed",Y,"-9",certain,certain,,01.01.07,DAS01,,CAF4495,"1148.332362828167"
"4496",contact,"contact, concealed",Y,"-9",certain,certain,,01.01.07,DAS01,,CAF4496,"465.8623069657151"
"4497",contact,"contact, concealed",Y,"-9",certain,certain,,01.01.07,DAS01,,CAF4497,"2073.79483237194"
"4498",contact,"contact, concealed",Y,"-9",certain,certain,,01.01.07,DAS01,,CAF4498,"531.6943558976363"
"4499",contact,"contact, concealed",Y,"-9",certain,certain,,01.01.07,DAS01,,CAF4499,"1512.359991928825"
"4500",contact,"contact, concealed",Y,"-9",certain,certain,,01.01.07,DAS01,,CAF4500,"1381.086733055438"
"4501",contact,"contact, concealed",Y,"-9",certain,certain,,01.01.07,DAS01,,CAF4501,"341.9642152585848"
"4502",contact,"contact, concealed",Y,"-9",certain,certain,,01.01.07,DAS01,,CAF4502,"1968.286340447478"
"4503",contact,"contact, concealed",Y,"-9",certain,certain,,01.01.07,DAS01,,CAF4503,"1574.408024259894"
"4504",contact,"contact, concealed",Y,"-9",certain,certain,,01.01.07,DAS01,,CAF4504,"1528.592991226522"
"4505",contact,"contact, concealed",Y,"-9",certain,certain,,01.01.07,DAS01,,CAF4505,"5306.402031752838"
"4506",contact,"contact, concealed",Y,"-9",certain,certain,,01.01.07,DAS01,,CAF4506,"1102.025299529977"
"4507",contact,"contact, concealed",Y,"-9",certain,certain,,01.01.07,DAS01,,CAF4507,"2152.992706924285"
"4508",contact,"contact, concealed",Y,"-9",certain,certain,,01.01.07,DAS01,,CAF4508,"1759.7418817674"
"4509",contact,"contact, concealed",Y,"-9",certain,certain,,01.01.07,DAS01,,CAF4509,"1196.897509559938"
"4510",contact,"contact, concealed",Y,"-9",certain,certain,,01.01.07,DAS01,,CAF4510,"1280.786698068579"
"4511",contact,"contact, concealed",Y,"-9",certain,certain,,01.01.07,DAS01,,CAF4511,"1759.636151550789"
"4512",contact,"contact, concealed",Y,"-9",certain,certain,,01.01.07,DAS01,,CAF4512,"371.2112148458354"
"4513",contact,"contact, concealed",Y,"-9",certain,certain,,01.01.07,DAS01,,CAF4513,"481.959538673018"
"4514",contact,"contact, concealed",Y,"-9",certain,certain,,01.01.07,DAS01,,CAF4514,"2143.764874481223"
"4515",contact,"contact, concealed",Y,"-9",certain,certain,,01.01.07,DAS01,,CAF4515,"2004.486331365719"
"4516",contact,"contact, concealed",Y,"-9",certain,certain,,01.01.07,DAS01,,CAF4516,"4932.866398680382"
"4517",contact,"contact, concealed",Y,"-9",certain,certain,,01.01.07,DAS01,,CAF4517,"7466.647410025266"
"4518",contact,"contact, concealed",Y,"-9",certain,certain,,01.01.07,DAS01,,CAF4518,"793.9205217264879"
"4519",contact,"contact, concealed",Y,"-9",certain,certain,,01.01.07,DAS01,,CAF4519,"1254.960455014491"
"4520",contact,"contact, concealed",Y,"-9",certain,certain,,01.01.07,DAS01,,CAF4520,"895.4463863586097"
"4521",contact,"contact, concealed",Y,"-9",certain,certain,,01.01.07,DAS02,added line to match printed map,CAF4521,"2411.713167741719"
"4522",contact,"contact, concealed",Y,"-9",certain,certain,,01.01.07,DAS01,,CAF4522,"2186.693596466071"
"4523",contact,"contact, concealed",Y,"-9",certain,certain,,01.01.07,DAS01,,CAF4523,"1730.863247075132"
"4524",contact,"contact, concealed",Y,"-9",certain,certain,,01.01.07,DAS01,,CAF4524,"672.9399188003545"
"4525",contact,"contact, concealed",Y,"-9",certain,certain,,01.01.07,DAS01,,CAF4525,"2057.385501042042"
"4526",contact,"contact, concealed",Y,"-9",certain,certain,,01.01.07,DAS01,,CAF4526,"832.7482764805518"
"4527",contact,"contact, concealed",Y,"-9",certain,certain,,01.01.07,DAS01,,CAF4527,"3015.085412429247"
"4528",contact,"contact, concealed",Y,"-9",certain,certain,,01.01.07,DAS01,,CAF4528,"1024.60318667595"
"4529",contact,"contact, concealed",Y,"-9",certain,certain,,01.01.07,DAS01,,CAF4529,"696.2859431414535"
"4530",contact,"contact, concealed",Y,"-9",certain,certain,,01.01.07,DAS01,,CAF4530,"2525.807266886323"
"4531",contact,"contact, concealed",Y,"-9",certain,certain,,01.01.07,DAS01,,CAF4531,"2230.383021248358"
"4532",contact,"contact, concealed",Y,"-9",certain,certain,,01.01.07,DAS01,,CAF4532,"5214.225569837452"
"4533",contact,"contact, concealed",Y,"-9",certain,certain,,01.01.07,DAS01,,CAF4533,"1919.839825286962"
"4534",contact,"contact, concealed",Y,"-9",certain,certain,,01.01.07,DAS01,,CAF4534,"763.5095431797621"
"4535",contact,"contact, concealed",Y,"-9",certain,certain,,01.01.07,DAS01,,CAF4535,"1404.323856714842"
"4536",contact,"contact, concealed",Y,"-9",certain,certain,,01.01.07,DAS01,,CAF4536,"2099.775392190581"
"4537",contact,"contact, concealed",Y,"-9",certain,certain,,01.01.07,DAS01,,CAF4537,"1010.127205012608"
"4538",contact,"contact, concealed",Y,"-9",certain,certain,,01.01.07,DAS01,,CAF4538,"2088.526598029379"
"4539",contact,"contact, concealed",Y,"-9",certain,certain,,01.01.07,DAS01,,CAF4539,"823.0812347746607"
"4540",contact,"contact, concealed",Y,"-9",certain,certain,,01.01.07,DAS01,,CAF4540,"3499.461174229436"
"4541",contact,"contact, concealed",Y,"-9",certain,certain,,01.01.07,DAS01,,CAF4541,"1358.468407477921"
"4542",contact,"contact, concealed",Y,"-9",certain,certain,,01.01.07,DAS01,,CAF4542,"1452.144866596386"
"4543",contact,"contact, concealed",Y,"-9",certain,certain,,01.01.07,DAS01,,CAF4543,"2208.225718748391"
"4544",contact,"contact, concealed",Y,"-9",certain,certain,,01.01.07,DAS01,,CAF4544,"583.4349108647673"
"4545",contact,"contact, concealed",Y,"-9",certain,certain,,01.01.07,DAS01,,CAF4545,"1896.104107716164"
"4546",contact,"contact, concealed",Y,"-9",certain,certain,,01.01.07,DAS01,,CAF4546,"701.1408815967253"
"4547",contact,"contact, concealed",Y,"-9",certain,certain,,01.01.07,DAS01,,CAF4547,"799.0872846491972"
"4548",contact,"contact, concealed",Y,"-9",certain,certain,,01.01.07,DAS01,,CAF4548,"3916.238560569605"
"4549",contact,"contact, concealed",Y,"-9",certain,certain,,01.01.07,DAS01,,CAF4549,"729.5975415695771"
"4550",contact,"contact, concealed",Y,"-9",certain,certain,,01.01.07,DAS01,,CAF4550,"1320.66212409936"
"4551",contact,"contact, concealed",Y,"-9",certain,certain,,01.01.07,DAS01,,CAF4551,"965.7621878352675"
"4552",contact,"contact, concealed",Y,"-9",certain,certain,,01.01.07,DAS01,,CAF4552,"2250.996192313531"
"4553",contact,"contact, concealed",Y,"-9",certain,certain,,01.01.07,DAS01,,CAF4553,"1294.504080668086"
"4554",contact,"contact, concealed",Y,"-9",certain,certain,,01.01.07,DAS01,,CAF4554,"7342.791345971955"
"4555",contact,"contact, concealed",Y,"-9",certain,certain,,01.01.07,DAS01,,CAF4555,"3014.709876468594"
"4556",contact,"contact, concealed",Y,"-9",certain,certain,,01.01.07,DAS01,,CAF4556,"1912.4716760012"
"4557",contact,"contact, concealed",Y,"-9",certain,certain,,01.01.07,DAS01,,CAF4557,"744.8535462900456"
"4558",contact,"contact, concealed",Y,"-9",certain,certain,,01.01.07,DAS01,,CAF4558,"1742.396579007868"
"4559",contact,"contact, concealed",Y,"-9",certain,certain,,01.01.07,DAS01,,CAF4559,"1616.124595498256"
"4560",contact,"contact, concealed",Y,"-9",certain,certain,,01.01.07,DAS01,,CAF4560,"1004.484096909421"
"4561",contact,"contact, concealed",Y,"-9",certain,certain,,01.01.07,DAS01,,CAF4561,"658.0674039526449"
"4562",contact,"contact, concealed",Y,"-9",certain,certain,,01.01.07,DAS01,,CAF4562,"1083.571662254023"
"4563",contact,"contact, concealed",Y,"-9",certain,certain,,01.01.07,DAS01,,CAF4563,"936.5403892312968"
"4564",contact,"contact, concealed",Y,"-9",certain,certain,,01.01.07,DAS01,,CAF4564,"912.0278871520227"
"4565",contact,"contact, concealed",Y,"-9",certain,certain,,01.01.07,DAS01,,CAF4565,"1039.202645066859"
"4566",contact,"contact, concealed",Y,"-9",certain,certain,,01.01.07,DAS01,,CAF4566,"21020.41726094628"
"4567",contact,"contact, concealed",Y,"-9",certain,certain,,01.01.07,DAS01,,CAF4567,"1625.746389652157"
"4568",contact,"contact, concealed",Y,"-9",certain,certain,,01.01.07,DAS01,,CAF4568,"1063.673648431353"
"4569",contact,"contact, concealed",Y,"-9",certain,certain,,01.01.07,DAS01,,CAF4569,"2887.36973476872"
"4570",contact,"contact, concealed",Y,"-9",certain,certain,,01.01.07,DAS01,,CAF4570,"508.3730049620636"
"4571",contact,"contact, concealed",Y,"-9",certain,certain,,01.01.07,DAS01,,CAF4571,"1095.296812960181"
"4572",contact,"contact, concealed",Y,"-9",certain,certain,,01.01.07,DAS01,,CAF4572,"754.9284516686197"
"4573",contact,"contact, concealed",Y,"-9",certain,certain,,01.01.07,DAS01,,CAF4573,"1168.412095904049"
"4574",contact,"contact, concealed",Y,"-9",certain,certain,,01.01.07,DAS01,,CAF4574,"624.7625776628735"
"4575",contact,"contact, concealed",Y,"-9",certain,certain,,01.01.07,DAS01,,CAF4575,"1626.33187760935"
"4576",contact,"contact, concealed",Y,"-9",certain,certain,,01.01.07,DAS01,,CAF4576,"821.3985060845907"
"4577",contact,"contact, concealed",Y,"-9",certain,certain,,01.01.07,DAS01,,CAF4577,"6092.552341535625"
"4578",contact,"contact, concealed",Y,"-9",certain,certain,,01.01.07,DAS01,,CAF4578,"7309.392054024831"
"4579",contact,"contact, concealed",Y,"-9",certain,certain,,01.01.07,DAS01,,CAF4579,"1961.672055434682"
"4580",contact,"contact, concealed",Y,"-9",certain,certain,,01.01.07,DAS01,,CAF4580,"798.4410179427239"
"4581",contact,"contact, concealed",Y,"-9",certain,certain,,01.01.07,DAS01,,CAF4581,"968.125498295725"
"4582",contact,"contact, concealed",Y,"-9",certain,certain,,01.01.07,DAS01,,CAF4582,"722.8997752297647"
"4583",contact,"contact, concealed",Y,"-9",certain,certain,,01.01.07,DAS01,,CAF4583,"7121.850180515776"
"4584",contact,"contact, concealed",Y,"-9",certain,certain,,01.01.07,DAS01,,CAF4584,"5467.0643446474"
"4585",contact,"contact, concealed",Y,"-9",certain,certain,,01.01.07,DAS01,,CAF4585,"3148.265620593423"
"4586",contact,"contact, concealed",Y,"-9",certain,certain,,01.01.07,DAS01,,CAF4586,"1285.366552252905"
"4587",contact,"contact, concealed",Y,"-9",certain,certain,,01.01.07,DAS01,,CAF4587,"3203.67080082105"
"4588",contact,"contact, concealed",Y,"-9",certain,certain,,01.01.07,DAS01,,CAF4588,"4043.852463100086"
"4589",contact,"contact, concealed",Y,"-9",certain,certain,,01.01.07,DAS01,,CAF4589,"3226.64843224161"
"4590",contact,"contact, concealed",Y,"-9",certain,certain,,01.01.07,DAS01,,CAF4590,"18097.30760632884"
"4591",contact,"contact, concealed",Y,"-9",certain,certain,,01.01.07,DAS01,,CAF4591,"2437.905499427745"
"4592",contact,"contact, concealed",Y,"-9",certain,certain,,01.01.07,DAS01,,CAF4592,"3646.673110770908"
"4593",contact,"contact, concealed",Y,"-9",certain,certain,,01.01.07,DAS01,,CAF4593,"484.8558875216482"
"4594",contact,"contact, concealed",Y,"-9",certain,certain,,01.01.07,DAS01,,CAF4594,"1715.741748555051"
"4595",contact,"contact, concealed",Y,"-9",certain,certain,,01.01.07,DAS01,,CAF4595,"468.6218047151301"
"4596",contact,"contact, concealed",Y,"-9",certain,certain,,01.01.07,DAS01,,CAF4596,"1123.469907544361"
"4597",contact,"contact, concealed",Y,"-9",certain,certain,,01.01.07,DAS01,,CAF4597,"1633.783043239302"
"4598",contact,"contact, concealed",Y,"-9",certain,certain,,01.01.07,DAS01,,CAF4598,"3709.432853768871"
"4599",contact,"contact, concealed",Y,"-9",certain,certain,,01.01.07,DAS01,,CAF4599,"1306.25060122106"
"4600",contact,"contact, concealed",Y,"-9",certain,certain,,01.01.07,DAS01,,CAF4600,"3739.245195272776"
"4601",contact,"contact, concealed",Y,"-9",certain,certain,,01.01.07,DAS01,,CAF4601,"705.0775109135444"
"4602",contact,"contact, concealed",Y,"-9",certain,certain,,01.01.07,DAS01,,CAF4602,"725.8166407869071"
"4603",contact,"contact, concealed",Y,"-9",certain,certain,,01.01.07,DAS01,,CAF4603,"722.4648220722208"
"4604",contact,"contact, concealed",Y,"-9",certain,certain,,01.01.07,DAS02,,CAF4604,"257.9626544246791"
"4605",contact,"contact, concealed",Y,"-9",certain,certain,,01.01.07,DAS01,,CAF4605,"743.9689802667741"
"4606",contact,"contact, concealed",Y,"-9",certain,certain,,01.01.07,DAS02,added line to match printed map,CAF4606,"3706.850086905349"
"4607",contact,"contact, concealed",Y,"-9",certain,certain,,01.01.07,DAS01,,CAF4607,"1350.902506840115"
"4608",contact,"contact, concealed",Y,"-9",certain,certain,,01.01.07,DAS01,,CAF4608,"549.5825932820171"
"4609",contact,"contact, concealed",Y,"-9",certain,certain,,01.01.07,DAS01,,CAF4609,"1705.643421694282"
"4610",contact,"contact, concealed",Y,"-9",certain,certain,,01.01.07,DAS01,,CAF4610,"1807.172608555485"
"4611",contact,"contact, concealed",Y,"-9",certain,certain,,01.01.07,DAS01,,CAF4611,"917.7900626408571"
"4612",contact,"contact, concealed",Y,"-9",certain,certain,,01.01.07,DAS01,,CAF4612,"2183.319511486157"
"4613",contact,"contact, concealed",Y,"-9",certain,certain,,01.01.07,DAS01,,CAF4613,"1569.515936123249"
"4614",contact,"contact, concealed",Y,"-9",certain,certain,,01.01.07,DAS01,,CAF4614,"7205.122622895147"
"4615",contact,"contact, concealed",Y,"-9",certain,certain,,01.01.07,DAS01,,CAF4615,"4314.815253089703"
"4616",contact,"contact, concealed",Y,"-9",certain,certain,,01.01.07,DAS01,,CAF4616,"611.4605142132826"
"4617",contact,"contact, concealed",Y,"-9",certain,certain,,01.01.07,DAS01,,CAF4617,"6024.188882210433"
"4618",contact,"contact, concealed",Y,"-9",certain,certain,,01.01.07,DAS01,,CAF4618,"956.8054620555835"
"4619",contact,"contact, concealed",Y,"-9",certain,certain,,01.01.07,DAS01,,CAF4619,"5261.640300189701"
"4620",contact,"contact, concealed",Y,"-9",certain,certain,,01.01.07,DAS01,,CAF4620,"1326.148800740524"
"4621",contact,"contact, concealed",Y,"-9",certain,certain,,01.01.07,DAS01,,CAF4621,"5861.914257323207"
"4622",contact,"contact, concealed",Y,"-9",certain,certain,,01.01.07,DAS01,,CAF4622,"711.7991138920841"
"4623",contact,"contact, concealed",Y,"-9",certain,certain,,01.01.07,DAS01,,CAF4623,"933.3487800073151"
"4624",contact,"contact, concealed",Y,"-9",certain,certain,,01.01.07,DAS01,,CAF4624,"2642.480148231969"
"4625",contact,"contact, concealed",Y,"-9",certain,certain,,01.01.07,DAS01,,CAF4625,"3676.343700588466"
"4626",contact,"contact, concealed",Y,"-9",certain,certain,,01.01.07,DAS01,,CAF4626,"2540.890017081729"
"4627",contact,"contact, concealed",Y,"-9",certain,certain,,01.01.07,DAS01,,CAF4627,"497.011543406475"
"4628",contact,"contact, concealed",Y,"-9",certain,certain,,01.01.07,DAS02,added line to match printed map,CAF4628,"1029.227931239385"
"4629",contact,"contact, concealed",Y,"-9",certain,certain,,01.01.07,DAS01,,CAF4629,"875.4446170068318"
"4630",contact,"contact, concealed",Y,"-9",certain,certain,,01.01.07,DAS01,,CAF4630,"1009.536611372972"
"4631",contact,"contact, concealed",Y,"-9",certain,certain,,01.01.07,DAS01,,CAF4631,"2747.498832606122"
"4632",contact,"contact, concealed",Y,"-9",certain,certain,,01.01.07,DAS01,,CAF4632,"859.1896320907306"
"4633",contact,"contact, concealed",Y,"-9",certain,certain,,01.01.07,DAS01,,CAF4633,"2196.418324341358"
"4634",contact,"contact, concealed",Y,"-9",certain,certain,,01.01.07,DAS02,added line to match printed map,CAF4634,"1054.638275902073"
"4635",contact,"contact, concealed",Y,"-9",certain,certain,,01.01.07,DAS01,,CAF4635,"5307.2186421417"
"4636",contact,"contact, concealed",Y,"-9",certain,certain,,01.01.07,DAS01,,CAF4636,"2226.67472332041"
"4637",contact,"contact, concealed",Y,"-9",certain,certain,,01.01.07,DAS01,,CAF4637,"4094.933686909026"
"4638",contact,"contact, concealed",Y,"-9",certain,certain,,01.01.07,DAS01,,CAF4638,"1337.511698853357"
"4639",contact,"contact, concealed",Y,"-9",certain,certain,,01.01.07,DAS01,,CAF4639,"1761.849564944492"
"4640",contact,"contact, concealed",Y,"-9",certain,certain,,01.01.07,DAS01,,CAF4640,"2153.300154613762"
"4641",contact,"contact, concealed",Y,"-9",certain,certain,,01.01.07,DAS01,,CAF4641,"3023.144190029878"
"4642",contact,"contact, concealed",Y,"-9",certain,certain,,01.01.07,DAS01,,CAF4642,"4326.143865462191"
"4643",contact,"contact, concealed",Y,"-9",certain,certain,,01.01.07,DAS01,,CAF4643,"1024.606605486837"
"4644",contact,"contact, concealed",Y,"-9",certain,certain,,01.01.07,DAS01,,CAF4644,"669.7445199037503"
"4645",contact,"contact, concealed",Y,"-9",certain,certain,,01.01.07,DAS01,,CAF4645,"3681.95984977071"
"4646",contact,"contact, concealed",Y,"-9",certain,certain,,01.01.07,DAS01,,CAF4646,"602.8136406490765"
"4647",contact,"contact, concealed",Y,"-9",certain,certain,,01.01.07,DAS01,,CAF4647,"1232.458802795243"
"4648",contact,"contact, concealed",Y,"-9",certain,certain,,01.01.07,DAS01,,CAF4648,"852.6121283469225"
"4649",contact,"contact, concealed",Y,"-9",certain,certain,,01.01.07,DAS01,modified to match printed map,CAF4649,"1015.6410204907"
"4650",contact,"contact, concealed",Y,"-9",certain,certain,,01.01.07,DAS01,,CAF4650,"2164.72232848503"
"4651",contact,"contact, concealed",Y,"-9",certain,certain,,01.01.07,DAS01,,CAF4651,"3259.458374638854"
"4652",contact,"contact, concealed",Y,"-9",certain,certain,,01.01.07,DAS01,,CAF4652,"7061.424713400279"
"4653",contact,"contact, concealed",Y,"-9",certain,certain,,01.01.07,DAS01,,CAF4653,"3228.319830374539"
"4654",contact,"contact, concealed",Y,"-9",certain,certain,,01.01.07,DAS01,,CAF4654,"794.1307063575611"
"4655",contact,"contact, concealed",Y,"-9",certain,certain,,01.01.07,DAS01,,CAF4655,"1709.038613093301"
"4656",contact,"contact, concealed",Y,"-9",certain,certain,,01.01.07,DAS01,,CAF4656,"4443.708888622828"
"4657",contact,"contact, concealed",Y,"-9",certain,certain,,01.01.07,DAS01,,CAF4657,"831.2940368482872"
"4658",contact,"contact, concealed",Y,"-9",certain,certain,,01.01.07,DAS01,,CAF4658,"1921.986147840538"
"4659",contact,"contact, concealed",Y,"-9",certain,certain,,01.01.07,DAS01,,CAF4659,"1411.573778788359"
"4660",contact,"contact, concealed",Y,"-9",certain,certain,,01.01.07,DAS01,,CAF4660,"515.3788217592013"
"4661",contact,"contact, concealed",Y,"-9",certain,certain,,01.01.07,DAS01,,CAF4661,"1136.118184186784"
"4662",contact,"contact, concealed",Y,"-9",certain,certain,,01.01.07,DAS01,,CAF4662,"795.6790095234342"
"4663",contact,"contact, concealed",Y,"-9",certain,certain,,01.01.07,DAS01,,CAF4663,"4099.481330419498"
"4664",contact,"contact, concealed",Y,"-9",certain,certain,,01.01.07,DAS01,,CAF4664,"567.1182416250899"
"4665",contact,"contact, concealed",Y,"-9",certain,certain,,01.01.07,DAS01,,CAF4665,"1735.937942268837"
"4666",contact,"contact, concealed",Y,"-9",certain,certain,,01.01.07,DAS01,,CAF4666,"756.6657149931714"
"4667",contact,"contact, concealed",Y,"-9",certain,certain,,01.01.07,DAS01,,CAF4667,"1338.703428806793"
"4668",contact,"contact, concealed",Y,"-9",certain,certain,,01.01.07,DAS01,,CAF4668,"383.1195962439834"
"4669",contact,"contact, concealed",Y,"-9",certain,certain,,01.01.07,DAS02,added line to match printed map,CAF4669,"5691.505449180683"
"4670",contact,"contact, concealed",Y,"-9",certain,certain,,01.01.07,DAS01,,CAF4670,"1860.352489332402"
"4671",contact,"contact, concealed",Y,"-9",certain,certain,,01.01.07,DAS01,,CAF4671,"1273.148645522534"
"4672",contact,"contact, concealed",Y,"-9",certain,certain,,01.01.07,DAS01,,CAF4672,"844.4649685461109"
"4673",contact,"contact, concealed",Y,"-9",certain,certain,,01.01.07,DAS01,,CAF4673,"476.8249135488386"
"4674",contact,"contact, concealed",Y,"-9",certain,certain,,01.01.07,DAS01,,CAF4674,"1869.146831684159"
"4675",contact,"contact, concealed",Y,"-9",certain,certain,,01.01.07,DAS01,,CAF4675,"2582.114629785803"
"4676",contact,"contact, concealed",Y,"-9",certain,certain,,01.01.07,DAS01,,CAF4676,"978.0704920666808"
"4677",contact,"contact, concealed",Y,"-9",certain,certain,,01.01.07,DAS01,,CAF4677,"2518.953198021727"
"4678",contact,"contact, concealed",Y,"-9",certain,certain,,01.01.07,DAS01,,CAF4678,"1346.304593272142"
"4679",contact,"contact, concealed",Y,"-9",certain,certain,,01.01.07,DAS01,,CAF4679,"642.772504661889"
"4680",contact,"contact, concealed",Y,"-9",certain,certain,,01.01.07,DAS01,,CAF4680,"2352.961850343615"
"4681",contact,"contact, concealed",Y,"-9",certain,certain,,01.01.07,DAS01,,CAF4681,"2997.941352785615"
"4682",contact,"contact, concealed",Y,"-9",certain,certain,,01.01.07,DAS01,,CAF4682,"2628.616173717984"
"4683",contact,"contact, concealed",Y,"-9",certain,certain,,01.01.07,DAS01,,CAF4683,"1272.47476039236"
"4684",contact,"contact, concealed",Y,"-9",certain,certain,,01.01.07,DAS01,,CAF4684,"1737.296589616948"
"4685",contact,"contact, concealed",Y,"-9",certain,certain,,01.01.07,DAS01,,CAF4685,"509.3834481940969"
"4686",contact,"contact, concealed",Y,"-9",certain,certain,,01.01.07,DAS01,,CAF4686,"2647.584929237891"
"4687",contact,"contact, concealed",Y,"-9",certain,certain,,01.01.07,DAS01,,CAF4687,"1034.790246481875"
"4688",contact,"contact, concealed",Y,"-9",certain,certain,,01.01.07,DAS01,,CAF4688,"1607.616445032059"
"4689",contact,"contact, concealed",Y,"-9",certain,certain,,01.01.07,DAS01,,CAF4689,"497.0523043865833"
"4690",contact,"contact, concealed",Y,"-9",certain,certain,,01.01.07,DAS01,,CAF4690,"745.1976884423511"
"4691",contact,"contact, concealed",Y,"-9",certain,certain,,01.01.07,DAS01,,CAF4691,"1385.309064199941"
"4692",contact,"contact, concealed",Y,"-9",certain,certain,,01.01.07,DAS01,,CAF4692,"5224.825012003664"
"4693",contact,"contact, concealed",Y,"-9",certain,certain,,01.01.07,DAS01,,CAF4693,"3923.179481007235"
"4694",contact,"contact, concealed",Y,"-9",certain,certain,,01.01.07,DAS01,,CAF4694,"1922.635099442878"
"4695",contact,"contact, concealed",Y,"-9",certain,certain,,01.01.07,DAS01,,CAF4695,"1270.039035622557"
"4696",contact,"contact, concealed",Y,"-9",certain,certain,,01.01.07,DAS02,,CAF4696,"379.0274272927358"
"4697",contact,"contact, concealed",Y,"-9",certain,certain,,01.01.07,DAS01,,CAF4697,"2675.806493988254"
"4698",contact,"contact, concealed",Y,"-9",certain,certain,,01.01.07,DAS01,,CAF4698,"2030.990325750368"
"4699",contact,"contact, concealed",Y,"-9",certain,certain,,01.01.07,DAS01,,CAF4699,"841.6282520890317"
"4700",contact,"contact, concealed",Y,"-9",certain,certain,,01.01.07,DAS01,,CAF4700,"3906.657142933602"
"4701",contact,"contact, concealed",Y,"-9",certain,certain,,01.01.07,DAS01,,CAF4701,"2416.425139501817"
"4702",contact,"contact, concealed",Y,"-9",certain,certain,,01.01.07,DAS01,,CAF4702,"2467.292326547271"
"4703",contact,"contact, concealed",Y,"-9",certain,certain,,01.01.07,DAS01,,CAF4703,"3468.407770090524"
"4704",contact,"contact, concealed",Y,"-9",certain,certain,,01.01.07,DAS01,,CAF4704,"6638.13938228118"
"4705",contact,"contact, concealed",Y,"-9",certain,certain,,01.01.07,DAS01,,CAF4705,"1306.445281664616"
"4706",contact,"contact, concealed",Y,"-9",certain,certain,,01.01.07,DAS01,,CAF4706,"1899.535372744126"
"4707",contact,"contact, concealed",Y,"-9",certain,certain,,01.01.07,DAS01,,CAF4707,"3514.361363545686"
"4708",contact,"contact, concealed",Y,"-9",certain,certain,,01.01.07,DAS01,,CAF4708,"989.9970762328293"
"4709",contact,"contact, concealed",Y,"-9",certain,certain,,01.01.07,DAS01,,CAF4709,"2702.534949321237"
"4710",contact,"contact, concealed",Y,"-9",certain,certain,,01.01.07,DAS01,,CAF4710,"1529.152525880973"
"4711",contact,"contact, concealed",Y,"-9",certain,certain,,01.01.07,DAS01,,CAF4711,"1700.911836249376"
"4712",contact,"contact, concealed",Y,"-9",certain,certain,,01.01.07,DAS01,,CAF4712,"676.7603781869753"
"4713",contact,"contact, concealed",Y,"-9",certain,certain,,01.01.07,DAS01,,CAF4713,"1388.523949470449"
"4714",contact,"contact, concealed",Y,"-9",certain,certain,,01.01.07,DAS01,,CAF4714,"1085.11788939163"
"4715",contact,"contact, concealed",Y,"-9",certain,certain,,01.01.07,DAS01,,CAF4715,"7444.006040458447"
"4716",contact,"contact, concealed",Y,"-9",certain,certain,,01.01.07,DAS01,,CAF4716,"2260.478709876968"
"4717",contact,"contact, concealed",Y,"-9",certain,certain,,01.01.07,DAS01,,CAF4717,"1397.421425373511"
"4718",contact,"contact, concealed",Y,"-9",certain,certain,,01.01.07,DAS01,,CAF4718,"2407.682671326645"
"4719",contact,"contact, concealed",Y,"-9",certain,certain,,01.01.07,DAS01,,CAF4719,"520.5634172146196"
"4720",contact,"contact, concealed",Y,"-9",certain,certain,,01.01.07,DAS01,,CAF4720,"1620.309830555289"
"4721",contact,"contact, concealed",Y,"-9",certain,certain,,01.01.07,DAS01,,CAF4721,"788.3057434273267"
"4722",contact,"contact, concealed",Y,"-9",certain,certain,,01.01.07,DAS01,,CAF4722,"1889.167576124642"
"4723",contact,"contact, concealed",Y,"-9",certain,certain,,01.01.07,DAS01,,CAF4723,"1830.193353395976"
"4724",contact,"contact, concealed",Y,"-9",certain,certain,,01.01.07,DAS01,,CAF4724,"807.9873562585149"
"4725",contact,"contact, concealed",Y,"-9",certain,certain,,01.01.07,DAS01,,CAF4725,"3829.109431698184"
"4726",contact,"contact, concealed",Y,"-9",certain,certain,,01.01.07,DAS01,,CAF4726,"5607.54194068873"
"4727",contact,"contact, concealed",Y,"-9",certain,certain,,01.01.07,DAS01,,CAF4727,"3071.130409770372"
"4728",contact,"contact, concealed",Y,"-9",certain,certain,,01.01.07,DAS01,,CAF4728,"2692.467946996663"
"4729",contact,"contact, concealed",Y,"-9",certain,certain,,01.01.07,DAS01,,CAF4729,"842.379568175744"
"4730",contact,"contact, concealed",Y,"-9",certain,certain,,01.01.07,DAS02,added line to match printed map,CAF4730,"2632.614964616914"
"4731",contact,"contact, concealed",Y,"-9",certain,certain,,01.01.07,DAS01,,CAF4731,"2635.769220538407"
"4732",contact,"contact, concealed",Y,"-9",certain,certain,,01.01.07,DAS01,,CAF4732,"1222.279526044405"
"4733",contact,"contact, concealed",Y,"-9",certain,certain,,01.01.07,DAS01,,CAF4733,"659.9198464850135"
"4734",contact,"contact, concealed",Y,"-9",certain,certain,,01.01.07,DAS01,,CAF4734,"1252.202990754741"
"4735",contact,"contact, concealed",Y,"-9",certain,certain,,01.01.07,DAS01,,CAF4735,"1341.590011687508"
"4736",contact,"contact, concealed",Y,"-9",certain,certain,,01.01.07,DAS01,,CAF4736,"408.6984220836331"
"4737",contact,"contact, concealed",Y,"-9",certain,certain,,01.01.07,DAS01,,CAF4737,"398.8058196635294"
"4738",contact,"contact, concealed",Y,"-9",certain,certain,,01.01.07,DAS01,,CAF4738,"1773.950867443818"
"4739",contact,"contact, concealed",Y,"-9",certain,certain,,01.01.07,DAS01,,CAF4739,"1868.331112157127"
"4740",contact,"contact, concealed",Y,"-9",certain,certain,,01.01.07,DAS01,,CAF4740,"3751.481971002334"
"4741",contact,"contact, concealed",Y,"-9",certain,certain,,01.01.07,DAS01,,CAF4741,"1098.486350454988"
"4742",contact,"contact, concealed",Y,"-9",certain,certain,,01.01.07,DAS01,,CAF4742,"2816.650174992172"
"4743",contact,"contact, concealed",Y,"-9",certain,certain,,01.01.07,DAS01,,CAF4743,"230.0461785962054"
"4744",contact,"contact, concealed",Y,"-9",certain,certain,,01.01.07,DAS01,,CAF4744,"608.2758341900305"
"4745",contact,"contact, concealed",Y,"-9",certain,certain,,01.01.07,DAS01,,CAF4745,"820.7055158584908"
"4746",contact,"contact, concealed",Y,"-9",certain,certain,,01.01.07,DAS01,,CAF4746,"3211.867935331698"
"4747",contact,"contact, concealed",Y,"-9",certain,certain,,01.01.07,DAS01,,CAF4747,"2607.674482453395"
"4748",contact,"contact, concealed",Y,"-9",certain,certain,,01.01.07,DAS01,,CAF4748,"933.0364860191407"
"4749",contact,"contact, concealed",Y,"-9",certain,certain,,01.01.07,DAS01,,CAF4749,"10263.40611020678"
"4750",contact,"contact, concealed",Y,"-9",certain,certain,,01.01.07,DAS01,,CAF4750,"11994.83072543005"
"4751",contact,"contact, concealed",Y,"-9",certain,certain,,01.01.07,DAS01,,CAF4751,"846.4939100752695"
"4752",contact,"contact, concealed",Y,"-9",certain,certain,,01.01.07,DAS01,,CAF4752,"3923.073367583746"
"4753",contact,"contact, concealed",Y,"-9",certain,certain,,01.01.07,DAS01,,CAF4753,"4902.058825425334"
"4754",contact,"contact, concealed",Y,"-9",certain,certain,,01.01.07,DAS01,,CAF4754,"2691.967657212011"
"4755",contact,"contact, concealed",Y,"-9",certain,certain,,01.01.07,DAS01,,CAF4755,"1172.879034505443"
"4756",contact,"contact, concealed",Y,"-9",certain,certain,,01.01.07,DAS01,,CAF4756,"5645.219377529083"
"4757",contact,"contact, concealed",Y,"-9",certain,certain,,01.01.07,DAS01,,CAF4757,"1521.420050683548"
"4758",contact,"contact, concealed",Y,"-9",certain,certain,,01.01.07,DAS01,,CAF4758,"734.2551479406637"
"4759",contact,"contact, concealed",Y,"-9",certain,certain,,01.01.07,DAS01,,CAF4759,"1905.764186696574"
"4760",contact,"contact, concealed",Y,"-9",certain,certain,,01.01.07,DAS01,,CAF4760,"540.8254470569035"
"4761",contact,"contact, concealed",Y,"-9",certain,certain,,01.01.07,DAS01,,CAF4761,"1573.161545269566"
"4762",fault,"fault, certain",N,"-9",certain,certain,,02.01.01,DAS01,merged multiple lines into one,CAF4762,"3903.973085332077"
"4763",fault,"fault, certain",N,"-9",certain,certain,,02.01.01,DAS01,,CAF4763,"441.3338658163506"
"4764",fault,"fault, certain",N,"-9",certain,certain,,02.01.01,DAS01,merged multiple lines into one,CAF4764,"1242.350975509613"
"4765",fault,"fault, certain",N,"-9",certain,certain,,02.01.01,DAS01,,CAF4765,"413.5737885879657"
"4766",fault,"fault, certain",N,"-9",certain,certain,,02.01.01,DAS01,,CAF4766,"605.6493951078527"
"4767",fault,"fault, certain",N,"-9",certain,certain,,02.01.01,DAS01,,CAF4767,"491.9702011246671"
"4768",fault,"fault, certain",N,"-9",certain,certain,,02.01.01,DAS01,,CAF4768,"2562.182080648141"
"4769",fault,"fault, certain",N,"-9",certain,certain,,02.01.01,DAS01,,CAF4769,"265.4974455238065"
"4770",fault,"fault, certain",N,"-9",certain,certain,,02.01.01,DAS01,,CAF4770,"1318.169968881781"
"4771",fault,"fault, certain",N,"-9",certain,certain,,02.01.01,DAS01,,CAF4771,"2208.259121635052"
"4772",fault,"fault, certain",N,"-9",certain,certain,,02.01.01,DAS01,merged multiple lines into one,CAF4772,"5123.349463717621"
"4773",fault,"fault, certain",N,"-9",certain,certain,,02.01.01,DAS01,changed from contact to fault to match printed map,CAF4773,"1098.405691941891"
"4774",fault,"fault, certain",N,"-9",certain,certain,,02.01.01,DAS01,merged multiple lines into one,CAF4774,"3002.726418840115"
"4775",fault,"fault, certain",N,"-9",certain,certain,,02.01.01,DAS01,,CAF4775,"4825.100390891358"
"4776",fault,"fault, certain",N,"-9",certain,certain,,02.01.01,DAS01,,CAF4776,"4716.435952759542"
"4777",fault,"fault, certain",N,"-9",certain,certain,,02.01.01,DAS01,,CAF4777,"1877.597166811052"
"4778",fault,"fault, certain",N,"-9",certain,certain,,02.01.01,DAS01,,CAF4778,"669.9687702205276"
"4779",fault,"fault, certain",N,"-9",certain,certain,,02.01.01,DAS01,merged multiple lines into one,CAF4779,"14743.9843247828"
"4780",fault,"fault, certain",N,"-9",certain,certain,,02.01.01,DAS01,,CAF4780,"1994.254147388075"
"4781",fault,"fault, certain",N,"-9",certain,certain,,02.01.01,DAS01,,CAF4781,"3725.617160409842"
"4782",fault,"fault, certain",N,"-9",certain,certain,,02.01.01,DAS01,merged multiple lines into one,CAF4782,"2706.734013080585"
"4783",fault,"fault, certain",N,"-9",certain,certain,,02.01.01,DAS01,merged multiple lines into one,CAF4783,"5695.316644353119"
"4784",fault,"fault, certain",N,"-9",certain,certain,,02.01.01,DAS01,,CAF4784,"2509.330639790799"
"4785",fault,"fault, certain",N,"-9",certain,certain,,02.01.01,DAS01,,CAF4785,"1760.729846397227"
"4786",fault,"fault, certain",N,"-9",certain,certain,,02.01.01,DAS01,,CAF4786,"1553.102562459123"
"4787",fault,"fault, certain",N,"-9",certain,certain,,02.01.01,DAS01,,CAF4787,"1326.812112486451"
"4788",fault,"fault, certain",N,"-9",certain,certain,,02.01.01,DAS01,,CAF4788,"1269.397232758549"
"4789",fault,"fault, certain",N,"-9",certain,certain,,02.01.01,DAS01,,CAF4789,"1541.06468734796"
"4790",fault,"fault, certain",N,"-9",certain,certain,,02.01.01,DAS01,,CAF4790,"3408.596014255249"
"4791",fault,"fault, certain",N,"-9",certain,certain,,02.01.01,DAS01,merged multiple lines into one,CAF4791,"990.2145280505871"
"4792",fault,"fault, certain",N,"-9",certain,certain,,02.01.01,DAS01,,CAF4792,"439.5998344560725"
"4793",fault,"fault, certain",N,"-9",certain,certain,,02.01.01,DAS01,"changed from 'fault, thrust' to 'fault' to match printed map",CAF4793,"2418.242898070246"
"4794",fault,"fault, certain",N,"-9",certain,certain,,02.01.01,DAS01,merged multiple lines into one,CAF4794,"8578.236257988297"
"4795",fault,"fault, certain",N,"-9",certain,certain,,02.01.01,DAS01,,CAF4795,"1439.647450637857"
"4796",fault,"fault, certain",N,"-9",certain,certain,,02.01.01,DAS01,merged multiple lines into one,CAF4796,"1111.407152289913"
"4797",fault,"fault, certain",N,"-9",certain,certain,,02.01.01,DAS01,,CAF4797,"729.9808863020544"
"4798",fault,"fault, certain",N,"-9",certain,certain,,02.01.01,DAS01,,CAF4798,"1482.527826615542"
"4799",fault,"fault, certain",N,"-9",certain,certain,,02.01.01,DAS01,merged multiple lines into one,CAF4799,"880.1156348792698"
"4800",fault,"fault, certain",N,"-9",certain,certain,,02.01.01,DAS01,,CAF4800,"792.7950700681361"
"4801",fault,"fault, certain",N,"-9",certain,certain,,02.01.01,DAS01,,CAF4801,"475.0881256344261"
"4802",fault,"fault, certain",N,"-9",certain,certain,,02.01.01,DAS01,"changed from 'fault, thrust' to 'fault' to match printed map",CAF4802,"9552.196248821549"
"4803",fault,"fault, certain",N,"-9",certain,certain,,02.01.01,DAS01,,CAF4803,"448.0589988705699"
"4804",fault,"fault, certain",N,"-9",certain,certain,,02.01.01,DAS01,merged multiple lines into one,CAF4804,"1537.206365290897"
"4805",fault,"fault, certain",N,"-9",certain,certain,,02.01.01,DAS01,modified to match printed map,CAF4805,"369.0868180729269"
"4806",fault,"fault, certain",N,"-9",certain,certain,,02.01.01,DAS01,,CAF4806,"1951.411640297208"
"4807",fault,"fault, certain",N,"-9",certain,certain,,02.01.01,DAS01,merged multiple lines into one,CAF4807,"2793.215240879618"
"4808",fault,"fault, certain",N,"-9",certain,certain,,02.01.01,DAS01,,CAF4808,"1081.461039601615"
"4809",fault,"fault, certain",N,"-9",certain,certain,,02.01.01,DAS01,,CAF4809,"978.8036618020366"
"4810",fault,"fault, certain",N,"-9",certain,certain,,02.01.01,DAS01,,CAF4810,"2833.262562127128"
"4811",fault,"fault, certain",N,"-9",certain,certain,,02.01.01,DAS01,,CAF4811,"784.0365048213814"
"4812",fault,"fault, certain",N,"-9",certain,certain,,02.01.01,DAS01,,CAF4812,"2006.821105561721"
"4813",fault,"fault, certain",N,"-9",certain,certain,,02.01.01,DAS01,,CAF4813,"1421.577954890216"
"4814",fault,"fault, certain",N,"-9",certain,certain,,02.01.01,DAS01,,CAF4814,"1472.022639795711"
"4815",fault,"fault, certain",N,"-9",certain,certain,,02.01.01,DAS01,,CAF4815,"1276.762102437259"
"4816",fault,"fault, certain",N,"-9",certain,certain,,02.01.01,DAS01,merged multiple lines into one,CAF4816,"5477.149329119345"
"4817",fault,"fault, certain",N,"-9",certain,certain,,02.01.01,DAS01,modified to match printed map,CAF4817,"1253.611639407308"
"4818",fault,"fault, certain",N,"-9",certain,certain,,02.01.01,DAS01,"changed from 'fault, thrust' to 'fault' to match printed map",CAF4818,"627.0518168093211"
"4819",fault,"fault, certain",N,"-9",certain,certain,,02.01.01,DAS01,merged multiple lines into one,CAF4819,"3580.591200431964"
"4820",fault,"fault, certain",N,"-9",certain,certain,,02.01.01,DAS01,merged multiple lines into one,CAF4820,"2438.394797578245"
"4821",fault,"fault, certain",N,"-9",certain,certain,,02.01.01,DAS01,,CAF4821,"1262.657774977003"
"4822",fault,"fault, certain",N,"-9",certain,certain,,02.01.01,DAS01,modified to match printed map,CAF4822,"425.8390529275364"
"4823",fault,"fault, certain",N,"-9",certain,certain,,02.01.01,DAS01,,CAF4823,"1796.026192263027"
"4824",fault,"fault, certain",N,"-9",certain,certain,,02.01.01,DAS01,,CAF4824,"475.6374665201578"
"4825",fault,"fault, certain",N,"-9",certain,certain,,02.01.01,DAS01,,CAF4825,"414.3525835703134"
"4826",fault,"fault, certain",N,"-9",certain,certain,,02.01.01,DAS01,merged multiple lines into one,CAF4826,"2407.491852054579"
"4827",fault,"fault, concealed",Y,"-9",certain,certain,,02.01.07,DAS01,,CAF4827,"255.6987652241001"
"4828",fault,"fault, concealed",Y,"-9",certain,certain,,02.01.07,DAS01,merged multiple lines into one,CAF4828,"7212.979737903953"
"4829",fault,"fault, concealed",Y,"-9",certain,certain,,02.01.07,DAS01,merged multiple lines into one,CAF4829,"2638.881238134293"
"4830",fault,"fault, concealed",Y,"-9",certain,certain,,02.01.07,DAS01,modified to match printed map,CAF4830,"2528.13299860758"
"4831",fault,"fault, concealed",Y,"-9",certain,certain,,02.01.07,DAS01,,CAF4831,"502.9056555165923"
"4832",fault,"fault, concealed",Y,"-9",certain,certain,,02.01.07,DAS01,,CAF4832,"2369.981991707709"
"4833",fault,"fault, concealed",Y,"-9",certain,certain,,02.01.07,DAS01,,CAF4833,"1452.129344282733"
"4834",fault,"fault, concealed",Y,"-9",certain,certain,,02.01.07,DAS01,,CAF4834,"1617.03538069785"
"4835",fault,"fault, concealed",Y,"-9",certain,certain,,02.01.07,DAS01,"merged multiple lines into one; modified to match printed map",CAF4835,"3964.079991621569"
"4836",fault,"fault, concealed",Y,"-9",certain,certain,,02.01.07,DAS01,,CAF4836,"733.4387335107373"
"4837",fault,"fault, concealed",Y,"-9",certain,certain,,02.01.07,DAS01,,CAF4837,"490.5301713300605"
"4838",fault,"fault, concealed",Y,"-9",certain,certain,,02.01.07,DAS01,,CAF4838,"872.3579554588972"
"4839",fault,"fault, concealed",Y,"-9",certain,certain,,02.01.07,DAS01,,CAF4839,"4434.844752752084"
"4840",fault,"fault, concealed",Y,"-9",certain,certain,,02.01.07,DAS01,modified to match printed map,CAF4840,"992.7723219997087"
"4841",fault,"fault, concealed",Y,"-9",certain,certain,,02.01.07,DAS01,,CAF4841,"2232.842915243275"
"4842",fault,"fault, concealed",Y,"-9",certain,certain,,02.01.07,DAS01,,CAF4842,"438.6835850402333"
"4843",fault,"fault, concealed",Y,"-9",certain,certain,,02.01.07,DAS01,"merged multiple lines into one; modified to match printed map",CAF4843,"5339.653893749979"
"4844",fault,"fault, concealed",Y,"-9",certain,certain,,02.01.07,DAS01,,CAF4844,"1284.037194898509"
"4845",fault,"fault, concealed",Y,"-9",certain,certain,,02.01.07,DAS01,"changed from 'fault, thrust' to 'fault' to match printed map",CAF4845,"300.0912185306917"
"4846",fault,"fault, concealed",Y,"-9",certain,certain,,02.01.07,DAS01,modified to match printed map,CAF4846,"7265.352311790482"
"4847",fault,"fault, concealed",Y,"-9",certain,certain,,02.01.07,DAS01,modified to match printed map,CAF4847,"328.2862706443615"
"4848",fault,"fault, concealed",Y,"-9",certain,certain,,02.01.07,DAS01,,CAF4848,"503.3252799087085"
"4849",fault,"fault, concealed",Y,"-9",certain,certain,,02.01.07,DAS01,modified to match printed map,CAF4849,"3489.263080905843"
"4850",fault,"fault, concealed",Y,"-9",certain,certain,,02.01.07,DAS01,,CAF4850,"920.6067738195412"
"4851",fault,"fault, concealed",Y,"-9",certain,certain,,02.01.07,DAS01,,CAF4851,"2013.765138921455"
"4852",fault,"fault, concealed",Y,"-9",certain,certain,,02.01.07,DAS01,modified to match printed map,CAF4852,"400.4687707185311"
"4853",fault,"fault, concealed",Y,"-9",certain,certain,,02.01.07,DAS01,"merged multiple lines into one; modified to match printed map",CAF4853,"2487.866258626328"
"4854",fault,"fault, concealed",Y,"-9",certain,certain,,02.01.07,DAS01,,CAF4854,"1646.442699210442"
"4855",fault,"fault, concealed",Y,"-9",certain,certain,,02.01.07,DAS01,modified to match printed map,CAF4855,"4319.35664967326"
"4856",fault,"fault, concealed",Y,"-9",certain,certain,,02.01.07,DAS01,"merged multiple lines into one; modified to match printed map",CAF4856,"5572.602946279531"
"4857",fault,"fault, concealed",Y,"-9",certain,certain,,02.01.07,DAS01,,CAF4857,"886.8823680908217"
"4858",fault,"fault, concealed",Y,"-9",certain,certain,,02.01.07,DAS01,,CAF4858,"265.295622155882"
"4859",fault,"fault, concealed",Y,"-9",certain,certain,,02.01.07,DAS01,,CAF4859,"531.9330195477917"
"4860",fault,"fault, concealed",Y,"-9",certain,certain,,02.01.07,DAS01,modified to match printed map,CAF4860,"15109.8303458472"
"4861",fault,"fault, concealed",Y,"-9",certain,certain,,02.01.07,DAS01,,CAF4861,"2138.63885057205"
"4862",fault,"fault, concealed",Y,"-9",certain,certain,,02.01.07,DAS01,,CAF4862,"1309.818824039962"
"4863",fault,"fault, concealed",Y,"-9",certain,certain,,02.01.07,DAS01,,CAF4863,"727.4973052982632"
"4864",fault,"fault, concealed",Y,"-9",certain,certain,,02.01.07,DAS01,modified to match printed map,CAF4864,"2537.409927096419"
"4865",fault,"fault, concealed",Y,"-9",certain,certain,,02.01.07,DAS01,,CAF4865,"1576.504790009819"
"4866",fault,"fault, concealed",Y,"-9",certain,certain,,02.01.07,DAS01,"merged multiple lines into one; modified to match printed map",CAF4866,"3421.843307207613"
"4867",fault,"fault, concealed",Y,"-9",certain,certain,,02.01.07,DAS01,merged multiple lines into one,CAF4867,"4842.536493917969"
"4868",fault,"fault, concealed",Y,"-9",certain,certain,,02.01.07,DAS01,,CAF4868,"661.8655404545888"
"4869",fault,"fault, concealed",Y,"-9",certain,certain,,02.01.07,DAS01,modified to match printed map,CAF4869,"9758.755907866785"
"4870",fault,"fault, concealed",Y,"-9",certain,certain,,02.01.07,DAS01,,CAF4870,"2093.945495278265"
"4871",fault,"fault, concealed",Y,"-9",certain,certain,,02.01.07,DAS01,"merged multiple lines into one; modified to match printed map",CAF4871,"16157.00473121456"
"4872",fault,"fault, concealed",Y,"-9",certain,certain,,02.01.07,DAS01,,CAF4872,"2271.880976422482"
"4873",fault,"fault, concealed",Y,"-9",certain,certain,,02.01.07,DAS01,modified to match printed map,CAF4873,"1792.57987494785"
"4874",fault,"fault, concealed",Y,"-9",certain,certain,,02.01.07,DAS01,modified to match printed map,CAF4874,"1546.280529346025"
"4875",fault,"fault, concealed",Y,"-9",certain,certain,,02.01.07,DAS01,"merged multiple lines into one; modified to match printed map",CAF4875,"5769.535800180754"
"4876",fault,"fault, concealed",Y,"-9",certain,certain,,02.01.07,DAS01,,CAF4876,"1679.39869449377"
"4877",fault,"fault, concealed",Y,"-9",certain,certain,,02.01.07,DAS01,modified to match printed map,CAF4877,"674.2639982263163"
"4878",fault,"fault, concealed",Y,"-9",certain,certain,,02.01.07,DAS01,,CAF4878,"649.6085904137497"
"4879",fault,"fault, concealed",Y,"-9",certain,certain,,02.01.07,DAS01,modified to match printed map,CAF4879,"783.5247772183593"
"4880",fault,"fault, concealed",Y,"-9",certain,certain,,02.01.07,DAS01,"changed from 'fault, thrust' to 'fault' to match printed map",CAF4880,"312.0825217243004"
"4881",fault,"fault, concealed",Y,"-9",certain,certain,,02.01.07,DAS01,,CAF4881,"421.5527504652652"
"4882",fault,"fault, concealed",Y,"-9",certain,certain,,02.01.07,DAS01,,CAF4882,"533.1422974240676"
"4883",fault,"fault, concealed",Y,"-9",certain,certain,,02.01.07,DAS01,,CAF4883,"2829.730133049069"
"4884",fault,"fault, concealed",Y,"-9",certain,certain,,02.01.07,DAS01,,CAF4884,"1137.490325036133"
"4885",fault,"fault, concealed",Y,"-9",certain,certain,,02.01.07,DAS01,,CAF4885,"2194.892322247927"
"4886",fault,"fault, concealed",Y,"-9",certain,certain,,02.01.07,DAS01,,CAF4886,"2653.751415192742"
"4887",fault,"fault, concealed",Y,"-9",certain,certain,,02.01.07,DAS01,"merged multiple lines into one; modified to match printed map",CAF4887,"11124.49797191424"
"4888",fault,"fault, concealed",Y,"-9",certain,certain,,02.01.07,DAS01,,CAF4888,"405.0717321335756"
"4889",fault,"fault, concealed",Y,"-9",certain,certain,,02.01.07,DAS01,,CAF4889,"671.1113269014241"
"4890",fault,"fault, concealed",Y,"-9",certain,certain,,02.01.07,DAS01,,CAF4890,"1810.647958305529"
"4891",fault,"fault, concealed",Y,"-9",certain,certain,,02.01.07,DAS01,,CAF4891,"853.0309330310884"
"4892",fault,"fault, concealed",Y,"-9",certain,certain,,02.01.07,DAS01,,CAF4892,"1146.58753164401"
"4893",fault,"fault, concealed",Y,"-9",certain,certain,,02.01.07,DAS01,,CAF4893,"732.3028145393799"
"4894",fault,"fault, concealed",Y,"-9",certain,certain,,02.01.07,DAS01,,CAF4894,"1159.584440018526"
"4895","fault, normal","fault, normal, certain",N,"-9",certain,certain,,02.02.01,DAS01,,CAF4895,"2261.799382647376"
"4896","fault, normal","fault, normal, certain",N,"-9",certain,certain,,02.02.01,DAS01,,CAF4896,"659.3311856855374"
"4897","fault, normal","fault, normal, certain",N,"-9",certain,certain,,02.02.01,DAS01,merged multiple lines into one,CAF4897,"4575.217931496519"
"4898","fault, normal","fault, normal, certain",N,"-9",certain,certain,,02.02.01,DAS01,merged multiple lines into one,CAF4898,"3911.060477457735"
"4899","fault, normal","fault, normal, certain",N,"-9",certain,certain,,02.02.01,DAS01,merged multiple lines into one,CAF4899,"17024.46128587768"
"4900","fault, normal","fault, normal, certain",N,"-9",certain,certain,,02.02.01,DAS01,,CAF4900,"3625.441734336921"
"4901","fault, normal","fault, normal, certain",N,"-9",certain,certain,,02.02.01,DAS01,modified to match printed map,CAF4901,"2179.462780862835"
"4902","fault, normal","fault, normal, certain",N,"-9",certain,certain,,02.02.01,DAS01,,CAF4902,"414.4946142082919"
"4903","fault, normal","fault, normal, certain",N,"-9",certain,certain,,02.02.01,DAS01,,CAF4903,"3008.008140940454"
"4904","fault, normal","fault, normal, certain",N,"-9",certain,certain,,02.02.01,DAS01,,CAF4904,"5201.878156065241"
"4905","fault, normal","fault, normal, certain",N,"-9",certain,certain,,02.02.01,DAS01,,CAF4905,"658.4704679167966"
"4906","fault, normal","fault, normal, certain",N,"-9",certain,certain,,02.02.01,DAS01,merged multiple lines into one,CAF4906,"1312.250404894447"
"4907","fault, normal","fault, normal, certain",N,"-9",certain,certain,,02.02.01,DAS01,merged multiple lines into one,CAF4907,"3806.229498285376"
"4908","fault, normal","fault, normal, certain",N,"-9",certain,certain,,02.02.01,DAS01,merged multiple lines into one,CAF4908,"10604.90190117992"
"4909","fault, normal","fault, normal, certain",N,"-9",certain,certain,,02.02.01,DAS01,merged multiple lines into one,CAF4909,"2699.937605657698"
"4910","fault, normal","fault, normal, certain",N,"-9",certain,certain,,02.02.01,DAS01,,CAF4910,"514.0246903169761"
"4911","fault, normal","fault, normal, certain",N,"-9",certain,certain,,02.02.01,DAS01,merged multiple lines into one,CAF4911,"7947.932598006907"
"4912","fault, normal","fault, normal, certain",N,"-9",certain,certain,,02.02.01,DAS01,merged multiple lines into one,CAF4912,"6020.768460804298"
"4913","fault, normal","fault, normal, certain",N,"-9",certain,certain,,02.02.01,DAS01,merged multiple lines into one,CAF4913,"4976.460265958563"
"4914","fault, normal","fault, normal, certain",N,"-9",certain,certain,,02.02.01,DAS01,merged multiple lines into one,CAF4914,"821.988598648687"
"4915","fault, normal","fault, normal, certain",N,"-9",certain,certain,,02.02.01,DAS01,,CAF4915,"1328.064890656331"
"4916","fault, normal","fault, normal, certain",N,"-9",certain,certain,,02.02.01,DAS01,,CAF4916,"1135.013607963264"
"4917","fault, normal","fault, normal, certain",N,"-9",certain,certain,,02.02.01,DAS01,merged multiple lines into one,CAF4917,"3989.00642687729"
"4918","fault, normal","fault, normal, certain",N,"-9",certain,certain,,02.02.01,DAS01,,CAF4918,"5669.183436394174"
"4919","fault, normal","fault, normal, certain",N,"-9",certain,certain,,02.02.01,DAS01,,CAF4919,"1808.429884076609"
"4920","fault, normal","fault, normal, certain",N,"-9",certain,certain,,02.02.01,DAS01,,CAF4920,"4017.75268138115"
"4921","fault, normal","fault, normal, certain",N,"-9",certain,certain,,02.02.01,DAS01,,CAF4921,"269.0181566694232"
"4922","fault, normal","fault, normal, certain",N,"-9",certain,certain,,02.02.01,DAS01,,CAF4922,"1467.030835091522"
"4923","fault, normal","fault, normal, certain",N,"-9",certain,certain,,02.02.01,DAS01,merged multiple lines into one,CAF4923,"6990.913746891498"
"4924","fault, normal","fault, normal, certain",N,"-9",certain,certain,,02.02.01,DAS01,"merged multiple lines into one; modified to match printed map",CAF4924,"13729.59066479696"
"4925","fault, normal","fault, normal, certain",N,"-9",certain,certain,,02.02.01,DAS01,,CAF4925,"689.0228061106749"
"4926","fault, normal","fault, normal, certain",N,"-9",certain,certain,,02.02.01,DAS01,,CAF4926,"1430.634225099955"
"4927","fault, normal","fault, normal, certain",N,"-9",certain,certain,,02.02.01,DAS01,merged multiple lines into one,CAF4927,"2690.848964397328"
"4928","fault, normal","fault, normal, certain",N,"-9",certain,certain,,02.02.01,DAS01,merged multiple lines into one,CAF4928,"7750.933041069756"
"4929","fault, normal","fault, normal, certain",N,"-9",certain,certain,,02.02.01,DAS01,,CAF4929,"5485.204474245096"
"4930","fault, normal","fault, normal, certain",N,"-9",certain,certain,,02.02.01,DAS01,merged multiple lines into one,CAF4930,"5449.552836085619"
"4931","fault, normal","fault, normal, certain",N,"-9",certain,certain,,02.02.01,DAS01,,CAF4931,"921.2326721534769"
"4932","fault, normal","fault, normal, certain",N,"-9",certain,certain,,02.02.01,DAS01,merged multiple lines into one,CAF4932,"7572.651410837097"
"4933","fault, normal","fault, normal, certain",N,"-9",certain,certain,,02.02.01,DAS01,,CAF4933,"1090.643867110875"
"4934","fault, normal","fault, normal, certain",N,"-9",certain,certain,,02.02.01,DAS01,,CAF4934,"1551.021642443926"
"4935","fault, normal","fault, normal, certain",N,"-9",certain,certain,,02.02.01,DAS01,,CAF4935,"1089.856757003206"
"4936","fault, normal","fault, normal, certain",N,"-9",certain,certain,,02.02.01,DAS01,merged multiple lines into one,CAF4936,"3383.165274982983"
"4937","fault, normal","fault, normal, certain",N,"-9",certain,certain,,02.02.01,DAS01,merged multiple lines into one,CAF4937,"6045.348759777216"
"4938","fault, normal","fault, normal, certain",N,"-9",certain,certain,,02.02.01,DAS01,merged multiple lines into one,CAF4938,"3777.722785782016"
"4939","fault, normal","fault, normal, certain",N,"-9",certain,certain,,02.02.01,DAS01,,CAF4939,"745.9211926736609"
"4940","fault, normal","fault, normal, certain",N,"-9",certain,certain,,02.02.01,DAS01,,CAF4940,"3732.557102220515"
"4941","fault, normal","fault, normal, certain",N,"-9",certain,certain,,02.02.01,DAS01,merged multiple lines into one,CAF4941,"6148.76826633665"
"4942","fault, normal","fault, normal, certain",N,"-9",certain,certain,,02.02.01,DAS01,,CAF4942,"1246.093089414978"
"4943","fault, normal","fault, normal, certain",N,"-9",certain,certain,,02.02.01,DAS01,,CAF4943,"255.4025345852482"
"4944","fault, normal","fault, normal, certain",N,"-9",certain,certain,,02.02.01,DAS01,,CAF4944,"1040.960468189378"
"4945","fault, normal","fault, normal, certain",N,"-9",certain,certain,,02.02.01,DAS01,merged multiple lines into one,CAF4945,"2215.772063098091"
"4946","fault, normal","fault, normal, certain",N,"-9",certain,certain,,02.02.01,DAS01,,CAF4946,"4686.035019777538"
"4947","fault, normal","fault, normal, certain",N,"-9",certain,certain,,02.02.01,DAS01,,CAF4947,"2636.520208090466"
"4948","fault, normal","fault, normal, certain",N,"-9",certain,certain,,02.02.01,DAS01,merged multiple lines into one,CAF4948,"3174.342335678498"
"4949","fault, normal","fault, normal, certain",N,"-9",certain,certain,,02.02.01,DAS01,merged multiple lines into one,CAF4949,"3452.073258329317"
"4950","fault, normal","fault, normal, certain",N,"-9",certain,certain,,02.02.01,DAS01,merged multiple lines into one,CAF4950,"7385.554373916783"
"4951","fault, normal","fault, normal, certain",N,"-9",certain,certain,,02.02.01,DAS01,,CAF4951,"1397.357785984509"
"4952","fault, normal","fault, normal, certain",N,"-9",certain,certain,,02.02.01,DAS01,,CAF4952,"3422.548666090868"
"4953","fault, normal","fault, normal, certain",N,"-9",certain,certain,,02.02.01,DAS01,merged multiple lines into one,CAF4953,"8382.179856711549"
"4954","fault, normal","fault, normal, certain",N,"-9",certain,certain,,02.02.01,DAS01,merged multiple lines into one,CAF4954,"3449.21880577357"
"4955","fault, normal","fault, normal, certain",N,"-9",certain,certain,,02.02.01,DAS01,,CAF4955,"4274.263703387113"
"4956","fault, normal","fault, normal, certain",N,"-9",certain,certain,,02.02.01,DAS01,merged multiple lines into one,CAF4956,"3145.236285705223"
"4957","fault, normal","fault, normal, certain",N,"-9",certain,certain,,02.02.01,DAS01,split fault and merged multiple lines into one,CAF4957,"4599.148393784451"
"4958","fault, normal","fault, normal, certain",N,"-9",certain,certain,,02.02.01,DAS01,,CAF4958,"633.2981353962372"
"4959","fault, normal","fault, normal, certain",N,"-9",certain,certain,,02.02.01,DAS01,,CAF4959,"1350.36214157258"
"4960","fault, normal","fault, normal, certain",N,"-9",certain,certain,,02.02.01,DAS01,merged multiple lines into one,CAF4960,"5099.602772059181"
"4961","fault, normal","fault, normal, certain",N,"-9",certain,certain,,02.02.01,DAS01,,CAF4961,"277.477639583679"
"4962","fault, normal","fault, normal, certain",N,"-9",certain,certain,,02.02.01,DAS01,merged multiple lines into one,CAF4962,"2701.006159176609"
"4963","fault, normal","fault, normal, certain",N,"-9",certain,certain,,02.02.01,DAS01,merged multiple lines into one,CAF4963,"10406.39467541309"
"4964","fault, normal","fault, normal, certain",N,"-9",certain,certain,,02.02.01,DAS01,,CAF4964,"1932.034076509235"
"4965","fault, normal","fault, normal, certain",N,"-9",certain,certain,,02.02.01,DAS01,split fault and merged multiple lines into one,CAF4965,"2257.679700432686"
"4966","fault, normal","fault, normal, certain",N,"-9",certain,certain,,02.02.01,DAS01,,CAF4966,"4849.610050980476"
"4967","fault, normal","fault, normal, certain",N,"-9",certain,certain,,02.02.01,DAS01,,CAF4967,"6658.447544640181"
"4968","fault, normal","fault, normal, certain",N,"-9",certain,certain,,02.02.01,DAS01,merged multiple lines into one,CAF4968,"6748.797885043723"
"4969","fault, normal","fault, normal, certain",N,"-9",certain,certain,,02.02.01,DAS01,,CAF4969,"2230.402180153378"
"4970","fault, normal","fault, normal, certain",N,"-9",certain,certain,,02.02.01,DAS01,,CAF4970,"133.7118674831294"
"4971","fault, normal","fault, normal, certain",N,"-9",certain,certain,,02.02.01,DAS01,,CAF4971,"5096.211558946381"
"4972","fault, normal","fault, normal, certain",N,"-9",certain,certain,,02.02.01,DAS01,,CAF4972,"780.2442166019808"
"4973","fault, normal","fault, normal, certain",N,"-9",certain,certain,,02.02.01,DAS01,merged multiple lines into one,CAF4973,"2877.559064861723"
"4974","fault, normal","fault, normal, certain",N,"-9",certain,certain,,02.02.01,DAS01,,CAF4974,"154.1018512135638"
"4975","fault, normal","fault, normal, certain",N,"-9",certain,certain,,02.02.01,DAS01,merged multiple lines into one,CAF4975,"3091.631949822255"
"4976","fault, normal","fault, normal, certain",N,"-9",certain,certain,,02.02.01,DAS01,,CAF4976,"1264.07815748539"
"4977","fault, normal","fault, normal, certain",N,"-9",certain,certain,,02.02.01,DAS01,,CAF4977,"1213.902862562567"
"4978","fault, normal","fault, normal, certain",N,"-9",certain,certain,,02.02.01,DAS01,merged multiple lines into one,CAF4978,"16372.941895803"
"4979","fault, normal","fault, normal, certain",N,"-9",certain,certain,,02.02.01,DAS01,merged multiple lines into one,CAF4979,"2689.45507421674"
"4980","fault, normal","fault, normal, certain",N,"-9",certain,certain,,02.02.01,DAS01,merged multiple lines into one,CAF4980,"2550.145244616287"
"4981","fault, normal","fault, normal, certain",N,"-9",certain,certain,,02.02.01,DAS01,,CAF4981,"3732.990905914678"
"4982","fault, normal","fault, normal, certain",N,"-9",certain,certain,,02.02.01,DAS01,,CAF4982,"2537.820880176756"
"4983","fault, normal","fault, normal, certain",N,"-9",certain,certain,,02.02.01,DAS01,merged multiple lines into one,CAF4983,"808.5448719140588"
"4984","fault, normal","fault, normal, certain",N,"-9",certain,certain,,02.02.01,DAS01,merged multiple lines into one,CAF4984,"3592.177345538187"
"4985","fault, normal","fault, normal, certain",N,"-9",certain,certain,,02.02.01,DAS01,,CAF4985,"1125.232360679128"
"4986","fault, normal","fault, normal, certain",N,"-9",certain,certain,,02.02.01,DAS01,,CAF4986,"685.274790283221"
"4987","fault, normal","fault, normal, certain",N,"-9",certain,certain,,02.02.01,DAS01,merged multiple lines into one,CAF4987,"4194.126962441217"
"4988","fault, normal","fault, normal, certain",N,"-9",certain,certain,,02.02.01,DAS01,,CAF4988,"2773.591974433337"
"4989","fault, normal","fault, normal, certain",N,"-9",certain,certain,,02.02.01,DAS01,,CAF4989,"402.9798758749661"
"4990","fault, normal","fault, normal, certain",N,"-9",certain,certain,,02.02.01,DAS01,merged multiple lines into one,CAF4990,"1843.116408009291"
"4991","fault, normal","fault, normal, certain",N,"-9",certain,certain,,02.02.01,DAS01,merged multiple lines into one,CAF4991,"2993.600001547416"
"4992","fault, normal","fault, normal, certain",N,"-9",certain,certain,,02.02.01,DAS01,,CAF4992,"196.0363843344766"
"4993","fault, normal","fault, normal, certain",N,"-9",certain,certain,,02.02.01,DAS01,,CAF4993,"5681.294247601325"
"4994","fault, normal","fault, normal, certain",N,"-9",certain,certain,,02.02.01,DAS01,,CAF4994,"9216.270985851408"
"4995","fault, normal","fault, normal, certain",N,"-9",certain,certain,,02.02.01,DAS01,merged multiple lines into one,CAF4995,"2136.554611598704"
"4996","fault, normal","fault, normal, certain",N,"-9",certain,certain,,02.02.01,DAS01,merged multiple lines into one,CAF4996,"9043.265415875323"
"4997","fault, normal","fault, normal, certain",N,"-9",certain,certain,,02.02.01,DAS01,merged multiple lines into one,CAF4997,"3903.858126207934"
"4998","fault, normal","fault, normal, certain",N,"-9",certain,certain,,02.02.01,DAS01,merged multiple lines into one,CAF4998,"3118.810335323889"
"4999","fault, normal","fault, normal, certain",N,"-9",certain,certain,,02.02.01,DAS01,,CAF4999,"182.5208346185478"
"5000","fault, normal","fault, normal, certain",N,"-9",certain,certain,,02.02.01,DAS01,,CAF5000,"5687.644576729176"
"5001","fault, normal","fault, normal, certain",N,"-9",certain,certain,,02.02.01,DAS01,merged multiple lines into one,CAF5001,"8100.580089297733"
"5002","fault, normal","fault, normal, certain",N,"-9",certain,certain,,02.02.01,DAS01,,CAF5002,"879.8334541960264"
"5003","fault, normal","fault, normal, certain",N,"-9",certain,certain,,02.02.01,DAS01,,CAF5003,"3531.730989519318"
"5004","fault, normal","fault, normal, certain",N,"-9",certain,certain,,02.02.01,DAS01,merged multiple lines into one,CAF5004,"3217.971858516691"
"5005","fault, normal","fault, normal, certain",N,"-9",certain,certain,,02.02.01,DAS01,,CAF5005,"6098.13177206508"
"5006","fault, normal","fault, normal, certain",N,"-9",certain,certain,,02.02.01,DAS01,,CAF5006,"2679.712515986868"
"5007","fault, normal","fault, normal, certain",N,"-9",certain,certain,,02.02.01,DAS01,,CAF5007,"17987.37804711976"
"5008","fault, normal","fault, normal, certain",N,"-9",certain,certain,,02.02.01,DAS01,merged multiple lines into one,CAF5008,"3788.682474698149"
"5009","fault, normal","fault, normal, certain",N,"-9",certain,certain,,02.02.01,DAS01,merged multiple lines into one,CAF5009,"6377.835002213928"
"5010","fault, normal","fault, normal, certain",N,"-9",certain,certain,,02.02.01,DAS01,merged multiple lines into one,CAF5010,"7725.710175659566"
"5011","fault, normal","fault, normal, certain",N,"-9",certain,certain,,02.02.01,DAS01,merged multiple lines into one,CAF5011,"11820.24934356771"
"5012","fault, normal","fault, normal, certain",N,"-9",certain,certain,,02.02.01,DAS01,,CAF5012,"260.1496619256907"
"5013","fault, normal","fault, normal, certain",N,"-9",certain,certain,,02.02.01,DAS01,,CAF5013,"2414.831074059316"
"5014","fault, normal","fault, normal, certain",N,"-9",certain,certain,,02.02.01,DAS01,,CAF5014,"1701.622627580568"
"5015","fault, normal","fault, normal, certain",N,"-9",certain,certain,,02.02.01,DAS01,merged multiple lines into one,CAF5015,"9853.849790392986"
"5016","fault, normal","fault, normal, certain",N,"-9",certain,certain,,02.02.01,DAS01,merged multiple lines into one,CAF5016,"5085.253178575329"
"5017","fault, normal","fault, normal, certain",N,"-9",certain,certain,,02.02.01,DAS01,merged multiple lines into one,CAF5017,"3368.36680054289"
"5018","fault, normal","fault, normal, certain",N,"-9",certain,certain,,02.02.01,DAS01,,CAF5018,"2602.163559171981"
"5019","fault, normal","fault, normal, certain",N,"-9",certain,certain,,02.02.01,DAS01,merged multiple lines into one,CAF5019,"4568.305858028863"
"5020","fault, normal","fault, normal, certain",N,"-9",certain,certain,,02.02.01,DAS01,,CAF5020,"2189.284752924516"
"5021","fault, normal","fault, normal, certain",N,"-9",certain,certain,,02.02.01,DAS01,,CAF5021,"1067.920874071759"
"5022","fault, normal","fault, normal, certain",N,"-9",certain,certain,,02.02.01,DAS01,merged multiple lines into one,CAF5022,"9338.737560714104"
"5023","fault, normal","fault, normal, certain",N,"-9",certain,certain,,02.02.01,DAS01,merged multiple lines into one,CAF5023,"3987.442116767706"
"5024","fault, normal","fault, normal, certain",N,"-9",certain,certain,,02.02.01,DAS01,,CAF5024,"5522.651308988786"
"5025","fault, normal","fault, normal, certain",N,"-9",certain,certain,,02.02.01,DAS01,merged multiple lines into one,CAF5025,"12193.47816981236"
"5026","fault, normal","fault, normal, certain",N,"-9",certain,certain,,02.02.01,DAS01,,CAF5026,"895.0638366230539"
"5027","fault, normal","fault, normal, certain",N,"-9",certain,certain,,02.02.01,DAS01,,CAF5027,"811.5683763329513"
"5028","fault, normal","fault, normal, certain",N,"-9",certain,certain,,02.02.01,DAS01,,CAF5028,"1084.802515041154"
"5029","fault, normal","fault, normal, certain",N,"-9",certain,certain,,02.02.01,DAS01,,CAF5029,"1243.616786287109"
"5030","fault, normal","fault, normal, certain",N,"-9",certain,certain,,02.02.01,DAS01,merged multiple lines into one,CAF5030,"11686.75077365103"
"5031","fault, normal","fault, normal, certain",N,"-9",certain,certain,,02.02.01,DAS01,,CAF5031,"801.9122985121583"
"5032","fault, normal","fault, normal, certain",N,"-9",certain,certain,,02.02.01,DAS01,,CAF5032,"391.6027180351809"
"5033","fault, normal","fault, normal, certain",N,"-9",certain,certain,,02.02.01,DAS01,modified to match printed map,CAF5033,"442.4079071528826"
"5034","fault, normal","fault, normal, certain",N,"-9",certain,certain,,02.02.01,DAS01,modified to match printed map,CAF5034,"94.32683009120966"
"5035","fault, normal","fault, normal, certain",N,"-9",certain,certain,,02.02.01,DAS01,,CAF5035,"10872.09115529648"
"5036","fault, normal","fault, normal, certain",N,"-9",certain,certain,,02.02.01,DAS01,,CAF5036,"3527.896161261923"
"5037","fault, normal","fault, normal, certain",N,"-9",certain,certain,,02.02.01,DAS01,merged multiple lines into one,CAF5037,"10781.07114794125"
"5038","fault, normal","fault, normal, certain",N,"-9",certain,certain,,02.02.01,DAS01,,CAF5038,"2761.769970995948"
"5039","fault, normal","fault, normal, certain",N,"-9",certain,certain,,02.02.01,DAS01,,CAF5039,"1639.42986515733"
"5040","fault, normal","fault, normal, certain",N,"-9",certain,certain,,02.02.01,DAS01,merged multiple lines into one,CAF5040,"3628.643053811231"
"5041","fault, normal","fault, normal, certain",N,"-9",certain,certain,,02.02.01,DAS01,merged multiple lines into one,CAF5041,"16157.72132282882"
"5042","fault, normal","fault, normal, certain",N,"-9",certain,certain,,02.02.01,DAS01,merged multiple lines into one,CAF5042,"3308.837799987902"
"5043","fault, normal","fault, normal, certain",N,"-9",certain,certain,,02.02.01,DAS01,,CAF5043,"1150.804694402677"
"5044","fault, normal","fault, normal, certain",N,"-9",certain,certain,,02.02.01,DAS01,modified to match printed map,CAF5044,"1674.287774248078"
"5045","fault, normal","fault, normal, certain",N,"-9",certain,certain,,02.02.01,DAS01,,CAF5045,"5366.917936118587"
"5046","fault, normal","fault, normal, certain",N,"-9",certain,certain,,02.02.01,DAS01,,CAF5046,"4593.647007912208"
"5047","fault, normal","fault, normal, certain",N,"-9",certain,certain,,02.02.01,DAS01,,CAF5047,"1931.644961426203"
"5048","fault, normal","fault, normal, certain",N,"-9",certain,certain,,02.02.01,DAS01,,CAF5048,"5991.398943274762"
"5049","fault, normal","fault, normal, certain",N,"-9",certain,certain,,02.02.01,DAS01,,CAF5049,"659.939230408663"
"5050","fault, normal","fault, normal, certain",N,"-9",certain,certain,,02.02.01,DAS01,merged multiple lines into one,CAF5050,"8386.660679072673"
"5051","fault, normal","fault, normal, certain",N,"-9",certain,certain,,02.02.01,DAS01,merged multiple lines into one,CAF5051,"7629.837005104468"
"5052","fault, normal","fault, normal, certain",N,"-9",certain,certain,,02.02.01,DAS01,,CAF5052,"2077.120539237928"
"5053","fault, normal","fault, normal, certain",N,"-9",certain,certain,,02.02.01,DAS01,,CAF5053,"1699.76406509678"
"5054","fault, normal","fault, normal, certain",N,"-9",certain,certain,,02.02.01,DAS01,merged multiple lines into one,CAF5054,"3324.534758261231"
"5055","fault, normal","fault, normal, certain",N,"-9",certain,certain,,02.02.01,DAS01,merged multiple lines into one,CAF5055,"7975.021896363508"
"5056","fault, normal","fault, normal, certain",N,"-9",certain,certain,,02.02.01,DAS01,,CAF5056,"1911.627676065024"
"5057","fault, normal","fault, normal, certain",N,"-9",certain,certain,,02.02.01,DAS01,merged multiple lines into one,CAF5057,"12566.88682629351"
"5058","fault, normal","fault, normal, certain",N,"-9",certain,certain,,02.02.01,DAS01,modified to match printed map,CAF5058,"749.3755201499126"
"5059","fault, normal","fault, normal, certain",N,"-9",certain,certain,,02.02.01,DAS01,merged multiple lines into one,CAF5059,"11468.48373822309"
"5060","fault, normal","fault, normal, certain",N,"-9",certain,certain,,02.02.01,DAS01,,CAF5060,"6875.934530407665"
"5061","fault, normal","fault, normal, certain",N,"-9",certain,certain,,02.02.01,DAS01,merged multiple lines into one,CAF5061,"488.6940254466508"
"5062","fault, normal","fault, normal, certain",N,"-9",certain,certain,,02.02.01,DAS01,,CAF5062,"360.7359038807151"
"5063","fault, normal","fault, normal, certain",N,"-9",certain,certain,,02.02.01,DAS01,merged multiple lines into one,CAF5063,"3963.104122094946"
"5064","fault, normal","fault, normal, certain",N,"-9",certain,certain,,02.02.01,DAS01,,CAF5064,"1025.437451365416"
"5065","fault, normal","fault, normal, certain",N,"-9",certain,certain,,02.02.01,DAS01,,CAF5065,"3472.470671825918"
"5066","fault, normal","fault, normal, certain",N,"-9",certain,certain,,02.02.01,DAS01,,CAF5066,"2731.336266127564"
"5067","fault, normal","fault, normal, certain",N,"-9",certain,certain,,02.02.01,DAS01,"merged multiple lines into one; modified to match printed map",CAF5067,"2859.408004256008"
"5068","fault, normal","fault, normal, certain",N,"-9",certain,certain,,02.02.01,DAS01,,CAF5068,"3005.278201401277"
"5069","fault, normal","fault, normal, certain",N,"-9",certain,certain,,02.02.01,DAS01,,CAF5069,"1280.788829834959"
"5070","fault, normal","fault, normal, certain",N,"-9",certain,certain,,02.02.01,DAS01,,CAF5070,"2014.399430984516"
"5071","fault, normal","fault, normal, certain",N,"-9",certain,certain,,02.02.01,DAS01,,CAF5071,"333.720758401125"
"5072","fault, normal","fault, normal, certain",N,"-9",certain,certain,,02.02.01,DAS01,,CAF5072,"1104.045571567548"
"5073","fault, normal","fault, normal, certain",N,"-9",certain,certain,,02.02.01,DAS01,merged multiple lines into one,CAF5073,"3126.544466061629"
"5074","fault, normal","fault, normal, certain",N,"-9",certain,certain,,02.02.01,DAS01,merged multiple lines into one,CAF5074,"4102.176074395744"
"5075","fault, normal","fault, normal, certain",N,"-9",certain,certain,,02.02.01,DAS01,merged multiple lines into one,CAF5075,"1897.550690813429"
"5076","fault, normal","fault, normal, certain",N,"-9",certain,certain,,02.02.01,DAS01,merged multiple lines into one,CAF5076,"7144.582224848685"
"5077","fault, normal","fault, normal, certain",N,"-9",certain,certain,,02.02.01,DAS01,,CAF5077,"760.085347668944"
"5078","fault, normal","fault, normal, certain",N,"-9",certain,certain,,02.02.01,DAS01,,CAF5078,"551.5253609627074"
"5079","fault, normal","fault, normal, certain",N,"-9",certain,certain,,02.02.01,DAS01,,CAF5079,"783.1259822138943"
"5080","fault, normal","fault, normal, certain",N,"-9",certain,certain,,02.02.01,DAS01,,CAF5080,"868.4485291036221"
"5081","fault, normal","fault, normal, certain",N,"-9",certain,certain,,02.02.01,DAS01,,CAF5081,"1748.032278099056"
"5082","fault, normal","fault, normal, certain",N,"-9",certain,certain,,02.02.01,DAS01,,CAF5082,"9417.631493203931"
"5083","fault, normal","fault, normal, certain",N,"-9",certain,certain,,02.02.01,DAS01,,CAF5083,"6993.840790663859"
"5084","fault, normal","fault, normal, certain",N,"-9",certain,certain,,02.02.01,DAS01,merged multiple lines into one,CAF5084,"4771.513451773386"
"5085","fault, normal","fault, normal, certain",N,"-9",certain,certain,,02.02.01,DAS01,merged multiple lines into one,CAF5085,"5365.931336328772"
"5086","fault, normal","fault, normal, certain",N,"-9",certain,certain,,02.02.01,DAS01,merged multiple lines into one,CAF5086,"1970.191921883448"
"5087","fault, normal","fault, normal, certain",N,"-9",certain,certain,,02.02.01,DAS01,,CAF5087,"6636.412109435281"
"5088","fault, normal","fault, normal, certain",N,"-9",certain,certain,,02.02.01,DAS01,merged multiple lines into one,CAF5088,"8303.498717937027"
"5089","fault, normal","fault, normal, certain",N,"-9",certain,certain,,02.02.01,DAS01,,CAF5089,"11945.27415820011"
"5090","fault, normal","fault, normal, certain",N,"-9",certain,certain,,02.02.01,DAS01,,CAF5090,"1791.570166237631"
"5091","fault, normal","fault, normal, certain",N,"-9",certain,certain,,02.02.01,DAS01,,CAF5091,"416.8260936099387"
"5092","fault, normal","fault, normal, certain",N,"-9",certain,certain,,02.02.01,DAS01,merged multiple lines into one,CAF5092,"8469.397775173191"
"5093","fault, normal","fault, normal, certain",N,"-9",certain,certain,,02.02.01,DAS01,merged multiple lines into one,CAF5093,"7815.290788721109"
"5094","fault, normal","fault, normal, certain",N,"-9",certain,certain,,02.02.01,DAS01,merged multiple lines into one,CAF5094,"2145.364424413413"
"5095","fault, normal","fault, normal, certain",N,"-9",certain,certain,,02.02.01,DAS01,merged multiple lines into one,CAF5095,"2474.181341931137"
"5096","fault, normal","fault, normal, certain",N,"-9",certain,certain,,02.02.01,DAS01,,CAF5096,"3401.180183212073"
"5097","fault, normal","fault, normal, certain",N,"-9",certain,certain,,02.02.01,DAS01,"merged multiple lines into one; modified to match printed map",CAF5097,"7010.880313732603"
"5098","fault, normal","fault, normal, certain",N,"-9",certain,certain,,02.02.01,DAS01,,CAF5098,"1104.781237320082"
"5099","fault, normal","fault, normal, certain",N,"-9",certain,certain,,02.02.01,DAS01,merged multiple lines into one,CAF5099,"3650.34240871149"
"5100","fault, normal","fault, normal, certain",N,"-9",certain,certain,,02.02.01,DAS01,,CAF5100,"766.0103277187965"
"5101","fault, normal","fault, normal, certain",N,"-9",certain,certain,,02.02.01,DAS01,,CAF5101,"805.4203465031053"
"5102","fault, normal","fault, normal, certain",N,"-9",certain,certain,,02.02.01,DAS01,,CAF5102,"176.9113168299997"
"5103","fault, normal","fault, normal, certain",N,"-9",certain,certain,,02.02.01,DAS01,merged multiple lines into one,CAF5103,"4997.196292499163"
"5104","fault, normal","fault, normal, certain",N,"-9",certain,certain,,02.02.01,DAS01,,CAF5104,"588.836430860918"
"5105","fault, normal","fault, normal, certain",N,"-9",certain,certain,,02.02.01,DAS01,merged multiple lines into one,CAF5105,"2035.787671314927"
"5106","fault, normal","fault, normal, certain",N,"-9",certain,certain,,02.02.01,DAS01,,CAF5106,"4128.709867214631"
"5107","fault, normal","fault, normal, certain",N,"-9",certain,certain,,02.02.01,DAS01,,CAF5107,"1412.003645492323"
"5108","fault, normal","fault, normal, certain",N,"-9",certain,certain,,02.02.01,DAS01,modified to match printed map,CAF5108,"7594.897756885635"
"5109","fault, normal","fault, normal, certain",N,"-9",certain,certain,,02.02.01,DAS01,merged multiple lines into one,CAF5109,"8145.881887099384"
"5110","fault, normal","fault, normal, certain",N,"-9",certain,certain,,02.02.01,DAS01,merged multiple lines into one,CAF5110,"3273.121405102925"
"5111","fault, normal","fault, normal, certain",N,"-9",certain,certain,,02.02.01,DAS01,modified to match printed map,CAF5111,"363.7268569933997"
"5112","fault, normal","fault, normal, certain",N,"-9",certain,certain,,02.02.01,DAS01,,CAF5112,"7284.501740208963"
"5113","fault, normal","fault, normal, certain",N,"-9",certain,certain,,02.02.01,DAS01,merged multiple lines into one,CAF5113,"9660.196325200848"
"5114","fault, normal","fault, normal, certain",N,"-9",certain,certain,,02.02.01,DAS01,,CAF5114,"3901.948474157226"
"5115","fault, normal","fault, normal, certain",N,"-9",certain,certain,,02.02.01,DAS01,merged multiple lines into one,CAF5115,"23899.75251090283"
"5116","fault, normal","fault, normal, certain",N,"-9",certain,certain,,02.02.01,DAS01,merged multiple lines into one,CAF5116,"5944.149326378817"
"5117","fault, normal","fault, normal, certain",N,"-9",certain,certain,,02.02.01,DAS01,merged multiple lines into one,CAF5117,"2895.177596116666"
"5118","fault, normal","fault, normal, certain",N,"-9",certain,certain,,02.02.01,DAS01,modified to match printed map,CAF5118,"1037.354547520465"
"5119","fault, normal","fault, normal, certain",N,"-9",certain,certain,,02.02.01,DAS01,merged multiple lines into one,CAF5119,"7381.464387678736"
"5120","fault, normal","fault, normal, certain",N,"-9",certain,certain,,02.02.01,DAS01,merged multiple lines into one,CAF5120,"9382.170057501418"
"5121","fault, normal","fault, normal, certain",N,"-9",certain,certain,,02.02.01,DAS01,merged multiple lines into one,CAF5121,"4607.818528006977"
"5122","fault, normal","fault, normal, certain",N,"-9",certain,certain,,02.02.01,DAS01,modified to match printed map,CAF5122,"663.9650856407236"
"5123","fault, normal","fault, normal, certain",N,"-9",certain,certain,,02.02.01,DAS01,,CAF5123,"2023.876475090075"
"5124","fault, normal","fault, normal, certain",N,"-9",certain,certain,,02.02.01,DAS01,merged multiple lines into one,CAF5124,"4552.730944953419"
"5125","fault, normal","fault, normal, certain",N,"-9",certain,certain,,02.02.01,DAS01,merged multiple lines into one,CAF5125,"4503.234600322823"
"5126","fault, normal","fault, normal, certain",N,"-9",certain,certain,,02.02.01,DAS01,,CAF5126,"7756.571361681511"
"5127","fault, normal","fault, normal, certain",N,"-9",certain,certain,,02.02.01,DAS01,,CAF5127,"2502.694952554201"
"5128","fault, normal","fault, normal, certain",N,"-9",certain,certain,,02.02.01,DAS01,,CAF5128,"1845.340899791438"
"5129","fault, normal","fault, normal, certain",N,"-9",certain,certain,,02.02.01,DAS01,merged multiple lines into one,CAF5129,"2380.723474460238"
"5130","fault, normal","fault, normal, certain",N,"-9",certain,certain,,02.02.01,DAS01,merged multiple lines into one,CAF5130,"4160.092536659009"
"5131","fault, normal","fault, normal, certain",N,"-9",certain,certain,,02.02.01,DAS01,merged multiple lines into one,CAF5131,"9595.808335409403"
"5132","fault, normal","fault, normal, certain",N,"-9",certain,certain,,02.02.01,DAS01,merged multiple lines into one,CAF5132,"5967.640982173367"
"5133","fault, normal","fault, normal, certain",N,"-9",certain,certain,,02.02.01,DAS01,,CAF5133,"3811.770613199097"
"5134","fault, normal","fault, normal, certain",N,"-9",certain,certain,,02.02.01,DAS01,merged multiple lines into one,CAF5134,"12625.33828202198"
"5135","fault, normal","fault, normal, certain",N,"-9",certain,certain,,02.02.01,DAS01,,CAF5135,"2185.511251296481"
"5136","fault, normal","fault, normal, certain",N,"-9",certain,certain,,02.02.01,DAS01,merged multiple lines into one,CAF5136,"24656.51795006928"
"5137","fault, normal","fault, normal, concealed",Y,"-9",certain,certain,,02.02.07,DAS01,,CAF5137,"403.2646061609083"
"5138","fault, normal","fault, normal, concealed",Y,"-9",certain,certain,,02.02.07,DAS01,modified to match printed map,CAF5138,"2641.029136765384"
"5139","fault, normal","fault, normal, concealed",Y,"-9",certain,certain,,02.02.07,DAS01,,CAF5139,"1385.898340457163"
"5140","fault, normal","fault, normal, concealed",Y,"-9",certain,certain,,02.02.07,DAS01,,CAF5140,"794.4205025535017"
"5141","fault, normal","fault, normal, concealed",Y,"-9",certain,certain,,02.02.07,DAS01,modified to match printed map,CAF5141,"2871.720296488098"
"5142","fault, normal","fault, normal, concealed",Y,"-9",certain,certain,,02.02.07,DAS01,,CAF5142,"9545.149315200832"
"5143","fault, normal","fault, normal, concealed",Y,"-9",certain,certain,,02.02.07,DAS01,"merged multiple lines into one; modified to match printed map",CAF5143,"3739.083278588954"
"5144","fault, normal","fault, normal, concealed",Y,"-9",certain,certain,,02.02.07,DAS01,,CAF5144,"3299.893099385883"
"5145","fault, normal","fault, normal, concealed",Y,"-9",certain,certain,,02.02.07,DAS01,,CAF5145,"2503.801685894843"
"5146","fault, normal","fault, normal, concealed",Y,"-9",certain,certain,,02.02.07,DAS01,,CAF5146,"1780.735331992374"
"5147","fault, normal","fault, normal, concealed",Y,"-9",certain,certain,,02.02.07,DAS01,,CAF5147,"998.0741302764895"
"5148","fault, normal","fault, normal, concealed",Y,"-9",certain,certain,,02.02.07,DAS01,,CAF5148,"12992.96237877015"
"5149","fault, normal","fault, normal, concealed",Y,"-9",certain,certain,,02.02.07,DAS01,,CAF5149,"486.5276532448581"
"5150","fault, normal","fault, normal, concealed",Y,"-9",certain,certain,,02.02.07,DAS01,,CAF5150,"598.3711199088473"
"5151","fault, normal","fault, normal, concealed",Y,"-9",certain,certain,,02.02.07,DAS01,"merged multiple lines into one; modified to match printed map",CAF5151,"8206.802215354295"
"5152","fault, normal","fault, normal, concealed",Y,"-9",certain,certain,,02.02.07,DAS01,modified to match printed map,CAF5152,"5332.881386951373"
"5153","fault, normal","fault, normal, concealed",Y,"-9",certain,certain,,02.02.07,DAS01,modified to match printed map,CAF5153,"1648.573390157339"
"5154","fault, normal","fault, normal, concealed",Y,"-9",certain,certain,,02.02.07,DAS01,modified to match printed map,CAF5154,"3406.915895307754"
"5155","fault, normal","fault, normal, concealed",Y,"-9",certain,certain,,02.02.07,DAS01,,CAF5155,"20683.80842164521"
"5156","fault, normal","fault, normal, concealed",Y,"-9",certain,certain,,02.02.07,DAS01,,CAF5156,"2032.963719840583"
"5157","fault, normal","fault, normal, concealed",Y,"-9",certain,certain,,02.02.07,DAS01,,CAF5157,"528.8381307291673"
"5158","fault, normal","fault, normal, concealed",Y,"-9",certain,certain,,02.02.07,DAS01,merged multiple lines into one,CAF5158,"384.7878944672684"
"5159","fault, normal","fault, normal, concealed",Y,"-9",certain,certain,,02.02.07,DAS01,,CAF5159,"5522.405547075559"
"5160","fault, normal","fault, normal, concealed",Y,"-9",certain,certain,,02.02.07,DAS01,,CAF5160,"9282.495351781532"
"5161","fault, normal","fault, normal, concealed",Y,"-9",certain,certain,,02.02.07,DAS01,,CAF5161,"903.484171454741"
"5162","fault, normal","fault, normal, concealed",Y,"-9",certain,certain,,02.02.07,DAS01,,CAF5162,"1146.665659860273"
"5163","fault, normal","fault, normal, concealed",Y,"-9",certain,certain,,02.02.07,DAS01,modified to match printed map,CAF5163,"1618.100890220798"
"5164","fault, normal","fault, normal, concealed",Y,"-9",certain,certain,,02.02.07,DAS01,modified to match printed map,CAF5164,"3285.229005746407"
"5165","fault, normal","fault, normal, concealed",Y,"-9",certain,certain,,02.02.07,DAS01,,CAF5165,"3074.583451727063"
"5166","fault, normal","fault, normal, concealed",Y,"-9",certain,certain,,02.02.07,DAS01,,CAF5166,"595.2625336786259"
"5167","fault, normal","fault, normal, concealed",Y,"-9",certain,certain,,02.02.07,DAS01,,CAF5167,"3544.839370117609"
"5168","fault, normal","fault, normal, concealed",Y,"-9",certain,certain,,02.02.07,DAS01,,CAF5168,"2041.743861449401"
"5169","fault, normal","fault, normal, concealed",Y,"-9",certain,certain,,02.02.07,DAS01,,CAF5169,"1515.36830125337"
"5170","fault, normal","fault, normal, concealed",Y,"-9",certain,certain,,02.02.07,DAS01,,CAF5170,"977.526885380141"
"5171","fault, normal","fault, normal, concealed",Y,"-9",certain,certain,,02.02.07,DAS01,,CAF5171,"4269.196147291139"
"5172","fault, normal","fault, normal, concealed",Y,"-9",certain,certain,,02.02.07,DAS01,,CAF5172,"478.6973710776808"
"5173","fault, normal","fault, normal, concealed",Y,"-9",certain,certain,,02.02.07,DAS01,,CAF5173,"5138.139382116545"
"5174","fault, normal","fault, normal, concealed",Y,"-9",certain,certain,,02.02.07,DAS01,merged multiple lines into one,CAF5174,"12132.26418258317"
"5175","fault, normal","fault, normal, concealed",Y,"-9",certain,certain,,02.02.07,DAS01,,CAF5175,"975.9334892779609"
"5176","fault, normal","fault, normal, concealed",Y,"-9",certain,certain,,02.02.07,DAS01,,CAF5176,"1950.215221292095"
"5177","fault, normal","fault, normal, concealed",Y,"-9",certain,certain,,02.02.07,DAS01,,CAF5177,"1772.134780275081"
"5178","fault, normal","fault, normal, concealed",Y,"-9",certain,certain,,02.02.07,DAS01,,CAF5178,"526.4895773704774"
"5179","fault, normal","fault, normal, concealed",Y,"-9",certain,certain,,02.02.07,DAS01,,CAF5179,"1506.349573666827"
"5180","fault, normal","fault, normal, concealed",Y,"-9",certain,certain,,02.02.07,DAS01,,CAF5180,"3198.105192879246"
"5181","fault, normal","fault, normal, concealed",Y,"-9",certain,certain,,02.02.07,DAS01,,CAF5181,"4978.08610815644"
"5182","fault, normal","fault, normal, concealed",Y,"-9",certain,certain,,02.02.07,DAS01,,CAF5182,"885.7924475920074"
"5183","fault, normal","fault, normal, concealed",Y,"-9",certain,certain,,02.02.07,DAS01,modified to match printed map,CAF5183,"338.4423868983785"
"5184","fault, normal","fault, normal, concealed",Y,"-9",certain,certain,,02.02.07,DAS01,,CAF5184,"807.8333091181383"
"5185","fault, normal","fault, normal, concealed",Y,"-9",certain,certain,,02.02.07,DAS01,,CAF5185,"195.438271011978"
"5186","fault, normal","fault, normal, concealed",Y,"-9",certain,certain,,02.02.07,DAS01,modified to match printed map,CAF5186,"3146.179755470945"
"5187","fault, normal","fault, normal, concealed",Y,"-9",certain,certain,,02.02.07,DAS01,,CAF5187,"465.8140088882525"
"5188","fault, normal","fault, normal, concealed",Y,"-9",certain,certain,,02.02.07,DAS01,,CAF5188,"6738.164416514893"
"5189","fault, normal","fault, normal, concealed",Y,"-9",certain,certain,,02.02.07,DAS01,,CAF5189,"493.429253387717"
"5190","fault, normal","fault, normal, concealed",Y,"-9",certain,certain,,02.02.07,DAS01,,CAF5190,"430.438934838509"
"5191","fault, normal","fault, normal, concealed",Y,"-9",certain,certain,,02.02.07,DAS01,"merged multiple lines into one; modified to match printed map",CAF5191,"16210.80534051807"
"5192","fault, normal","fault, normal, concealed",Y,"-9",certain,certain,,02.02.07,DAS01,modified to match printed map,CAF5192,"851.3025700049023"
"5193","fault, normal","fault, normal, concealed",Y,"-9",certain,certain,,02.02.07,DAS01,,CAF5193,"784.2460109407673"
"5194","fault, normal","fault, normal, concealed",Y,"-9",certain,certain,,02.02.07,DAS01,,CAF5194,"217.8190150084183"
"5195","fault, normal","fault, normal, concealed",Y,"-9",certain,certain,,02.02.07,DAS01,modified to match printed map,CAF5195,"12565.86594149049"
"5196","fault, normal","fault, normal, concealed",Y,"-9",certain,certain,,02.02.07,DAS01,modified to match printed map,CAF5196,"2375.312777055091"
"5197","fault, normal","fault, normal, concealed",Y,"-9",certain,certain,,02.02.07,DAS01,modified to match printed map,CAF5197,"460.8512891442301"
"5198","fault, normal","fault, normal, concealed",Y,"-9",certain,certain,,02.02.07,DAS01,,CAF5198,"568.4633201199729"
"5199","fault, normal","fault, normal, concealed",Y,"-9",certain,certain,,02.02.07,DAS01,modified to match printed map,CAF5199,"1861.013924990817"
"5200","fault, normal","fault, normal, concealed",Y,"-9",certain,certain,,02.02.07,DAS01,,CAF5200,"509.8282966330152"
"5201","fault, normal","fault, normal, concealed",Y,"-9",certain,certain,,02.02.07,DAS01,,CAF5201,"1958.678766513604"
"5202","fault, normal","fault, normal, concealed",Y,"-9",certain,certain,,02.02.07,DAS01,,CAF5202,"3799.677590939629"
"5203","fault, normal","fault, normal, concealed",Y,"-9",certain,certain,,02.02.07,DAS01,,CAF5203,"249.5274810796442"
"5204","fault, normal","fault, normal, concealed",Y,"-9",certain,certain,,02.02.07,DAS01,,CAF5204,"599.9987952992897"
"5205","fault, normal","fault, normal, concealed",Y,"-9",certain,certain,,02.02.07,DAS01,modified to match printed map,CAF5205,"3176.754660442603"
"5206","fault, normal","fault, normal, concealed",Y,"-9",certain,certain,,02.02.07,DAS01,"merged multiple lines into one; modified to match printed map",CAF5206,"5467.309639597163"
"5207","fault, normal","fault, normal, concealed",Y,"-9",certain,certain,,02.02.07,DAS01,"merged multiple lines into one; modified to match printed map",CAF5207,"6494.576425372144"
"5208","fault, normal","fault, normal, concealed",Y,"-9",certain,certain,,02.02.07,DAS01,,CAF5208,"607.9584592168442"
"5209","fault, normal","fault, normal, concealed",Y,"-9",certain,certain,,02.02.07,DAS01,,CAF5209,"706.3042996249201"
"5210","fault, normal","fault, normal, concealed",Y,"-9",certain,certain,,02.02.07,DAS01,,CAF5210,"519.7344528728678"
"5211","fault, normal","fault, normal, concealed",Y,"-9",certain,certain,,02.02.07,DAS01,,CAF5211,"6897.837666453212"
"5212","fault, normal","fault, normal, concealed",Y,"-9",certain,certain,,02.02.07,DAS01,modified to match printed map,CAF5212,"1027.879349374491"
"5213","fault, normal","fault, normal, concealed",Y,"-9",certain,certain,,02.02.07,DAS01,modified to match printed map,CAF5213,"5639.327948258332"
"5214","fault, normal","fault, normal, concealed",Y,"-9",certain,certain,,02.02.07,DAS01,merged multiple lines into one,CAF5214,"2869.556308129585"
"5215","fault, normal","fault, normal, concealed",Y,"-9",certain,certain,,02.02.07,DAS01,,CAF5215,"1010.770523457514"
"5216","fault, normal","fault, normal, concealed",Y,"-9",certain,certain,,02.02.07,DAS01,,CAF5216,"6394.898007725964"
"5217","fault, normal","fault, normal, concealed",Y,"-9",certain,certain,,02.02.07,DAS01,,CAF5217,"1770.29299009801"
"5218","fault, normal","fault, normal, concealed",Y,"-9",certain,certain,,02.02.07,DAS01,modified to match printed map,CAF5218,"1709.091883433893"
"5219","fault, normal","fault, normal, concealed",Y,"-9",certain,certain,,02.02.07,DAS01,merged multiple lines into one,CAF5219,"1125.67192350893"
"5220","fault, normal","fault, normal, concealed",Y,"-9",certain,certain,,02.02.07,DAS01,,CAF5220,"3536.374454142518"
"5221","fault, normal","fault, normal, concealed",Y,"-9",certain,certain,,02.02.07,DAS01,,CAF5221,"1260.024358380035"
"5222","fault, normal","fault, normal, concealed",Y,"-9",certain,certain,,02.02.07,DAS01,,CAF5222,"9656.60803740457"
"5223","fault, normal","fault, normal, concealed",Y,"-9",certain,certain,,02.02.07,DAS01,"merged multiple lines into one; modified to match printed map",CAF5223,"1768.476273023571"
"5224","fault, normal","fault, normal, concealed",Y,"-9",certain,certain,,02.02.07,DAS01,"merged multiple lines into one; modified to match printed map",CAF5224,"4631.835484995183"
"5225","fault, normal","fault, normal, concealed",Y,"-9",certain,certain,,02.02.07,DAS01,,CAF5225,"1708.496989075891"
"5226","fault, normal","fault, normal, concealed",Y,"-9",certain,certain,,02.02.07,DAS01,merged multiple lines into one,CAF5226,"5171.374217144027"
"5227","fault, normal","fault, normal, concealed",Y,"-9",certain,certain,,02.02.07,DAS01,,CAF5227,"368.225468811417"
"5228","fault, normal","fault, normal, concealed",Y,"-9",certain,certain,,02.02.07,DAS01,,CAF5228,"455.2874250230734"
"5229","fault, normal","fault, normal, concealed",Y,"-9",certain,certain,,02.02.07,DAS01,,CAF5229,"169.7220759987459"
"5230","fault, normal","fault, normal, concealed",Y,"-9",certain,certain,,02.02.07,DAS01,,CAF5230,"1068.656464058755"
"5231","fault, normal","fault, normal, concealed",Y,"-9",certain,certain,,02.02.07,DAS01,,CAF5231,"351.9505482298318"
"5232","fault, normal","fault, normal, concealed",Y,"-9",certain,certain,,02.02.07,DAS01,,CAF5232,"8696.118641665016"
"5233","fault, normal","fault, normal, concealed",Y,"-9",certain,certain,,02.02.07,DAS01,,CAF5233,"879.3171427078715"
"5234","fault, normal","fault, normal, concealed",Y,"-9",certain,certain,,02.02.07,DAS01,,CAF5234,"63.94690856814503"
"5235","fault, normal","fault, normal, concealed",Y,"-9",certain,certain,,02.02.07,DAS01,modified to match printed map,CAF5235,"2350.754304882323"
"5236","fault, normal","fault, normal, concealed",Y,"-9",certain,certain,,02.02.07,DAS01,modified to match printed map,CAF5236,"1231.08325764057"
"5237","fault, normal","fault, normal, concealed",Y,"-9",certain,certain,,02.02.07,DAS01,modified to match printed map,CAF5237,"1969.291345289079"
"5238","fault, normal","fault, normal, concealed",Y,"-9",certain,certain,,02.02.07,DAS01,,CAF5238,"1003.721509772163"
"5239","fault, normal","fault, normal, concealed",Y,"-9",certain,certain,,02.02.07,DAS01,"merged multiple lines into one; modified to match printed map",CAF5239,"836.7083877951809"
"5240","fault, normal","fault, normal, concealed",Y,"-9",certain,certain,,02.02.07,DAS01,,CAF5240,"3241.145236145689"
"5241","fault, normal","fault, normal, concealed",Y,"-9",certain,certain,,02.02.07,DAS01,merged multiple lines into one,CAF5241,"482.0774093003805"
"5242","fault, normal","fault, normal, concealed",Y,"-9",certain,certain,,02.02.07,DAS01,,CAF5242,"317.0155183787357"
"5243","fault, normal","fault, normal, concealed",Y,"-9",certain,certain,,02.02.07,DAS01,modified to match printed map,CAF5243,"3271.34995771109"
"5244","fault, normal","fault, normal, concealed",Y,"-9",certain,certain,,02.02.07,DAS01,"merged multiple lines into one; modified to match printed map",CAF5244,"17232.84947765151"
"5245","fault, normal","fault, normal, concealed",Y,"-9",certain,certain,,02.02.07,DAS01,"changed from 'fault, normal, certain' to 'fault, normal, concealed'; modified to match printed map",CAF5245,"2296.584582142063"
"5246","fault, normal","fault, normal, concealed",Y,"-9",certain,certain,,02.02.07,DAS01,,CAF5246,"462.6208796499884"
"5247","fault, normal","fault, normal, concealed",Y,"-9",certain,certain,,02.02.07,DAS01,"merged multiple lines into one; modified to match printed map",CAF5247,"13241.20084390741"
"5248","fault, normal","fault, normal, concealed",Y,"-9",certain,certain,,02.02.07,DAS01,,CAF5248,"7392.235566634737"
"5249","fault, normal","fault, normal, concealed",Y,"-9",certain,certain,,02.02.07,DAS01,merged multiple lines into one,CAF5249,"2234.460396847219"
"5250","fault, normal","fault, normal, concealed",Y,"-9",certain,certain,,02.02.07,DAS01,modified to match printed map,CAF5250,"3604.887505573309"
"5251","fault, normal","fault, normal, concealed",Y,"-9",certain,certain,,02.02.07,DAS01,,CAF5251,"618.9334765084279"
"5252","fault, normal","fault, normal, concealed",Y,"-9",certain,certain,,02.02.07,DAS01,,CAF5252,"550.8800845960807"
"5253","fault, normal","fault, normal, concealed",Y,"-9",certain,certain,,02.02.07,DAS01,"merged multiple lines into one and changed from 'fault, normal, certain' to 'fault, normal, concealed'; modified to match printed map",CAF5253,"2304.448315785598"
"5254","fault, normal","fault, normal, concealed",Y,"-9",certain,certain,,02.02.07,DAS01,,CAF5254,"1432.089196952422"
"5255","fault, normal","fault, normal, concealed",Y,"-9",certain,certain,,02.02.07,DAS01,,CAF5255,"1400.234639360364"
"5256","fault, normal","fault, normal, concealed",Y,"-9",certain,certain,,02.02.07,DAS01,,CAF5256,"234.4567787190309"
"5257","fault, normal","fault, normal, concealed",Y,"-9",certain,certain,,02.02.07,DAS01,modified to match printed map,CAF5257,"4347.479440785957"
"5258","fault, normal","fault, normal, concealed",Y,"-9",certain,certain,,02.02.07,DAS01,,CAF5258,"259.3334370582"
"5259","fault, normal","fault, normal, concealed",Y,"-9",certain,certain,,02.02.07,DAS01,merged multiple lines into one,CAF5259,"15816.75025023797"
"5260","fault, normal","fault, normal, concealed",Y,"-9",certain,certain,,02.02.07,DAS01,,CAF5260,"1376.045577807939"
"5261","fault, normal","fault, normal, concealed",Y,"-9",certain,certain,,02.02.07,DAS01,merged multiple lines into one,CAF5261,"4122.144192074436"
"5262","fault, normal","fault, normal, concealed",Y,"-9",certain,certain,,02.02.07,DAS01,modified to match printed map,CAF5262,"25310.02032188675"
"5263","fault, normal","fault, normal, concealed",Y,"-9",certain,certain,,02.02.07,DAS01,modified to match printed map,CAF5263,"2236.920898498526"
"5264","fault, normal","fault, normal, concealed",Y,"-9",certain,certain,,02.02.07,DAS01,,CAF5264,"2039.915993766963"
"5265","fault, normal","fault, normal, concealed",Y,"-9",certain,certain,,02.02.07,DAS01,"merged multiple lines into one; modified to match printed map",CAF5265,"10868.7022676966"
"5266","fault, normal","fault, normal, concealed",Y,"-9",certain,certain,,02.02.07,DAS01,"changed from 'fault, normal, certain' to 'fault, normal, concealed' to match printed map",CAF5266,"26616.00349958277"
"5267","fault, normal","fault, normal, concealed",Y,"-9",certain,certain,,02.02.07,DAS01,modified to match printed map,CAF5267,"1343.828366015526"
"5268","fault, normal","fault, normal, concealed",Y,"-9",certain,certain,,02.02.07,DAS01,modified to match printed map,CAF5268,"4772.223466418874"
"5269","fault, normal","fault, normal, concealed",Y,"-9",certain,certain,,02.02.07,DAS01,,CAF5269,"3209.444943232641"
"5270","fault, normal","fault, normal, concealed",Y,"-9",certain,certain,,02.02.07,DAS01,merged multiple lines into one,CAF5270,"5919.790761351194"
"5271","fault, normal","fault, normal, concealed",Y,"-9",certain,certain,,02.02.07,DAS01,,CAF5271,"743.2833779102217"
"5272","fault, normal","fault, normal, concealed",Y,"-9",certain,certain,,02.02.07,DAS01,,CAF5272,"3178.236098728241"
"5273","fault, normal","fault, normal, concealed",Y,"-9",certain,certain,,02.02.07,DAS01,"merged multiple lines into one; modified to match printed map",CAF5273,"5884.473032444596"
"5274","fault, normal","fault, normal, concealed",Y,"-9",certain,certain,,02.02.07,DAS01,modified to match printed map,CAF5274,"3573.912344532153"
"5275","fault, normal","fault, normal, concealed",Y,"-9",certain,certain,,02.02.07,DAS01,,CAF5275,"335.7992536639114"
"5276","fault, normal","fault, normal, concealed",Y,"-9",certain,certain,,02.02.07,DAS01,,CAF5276,"399.9759320627774"
"5277","fault, normal","fault, normal, concealed",Y,"-9",certain,certain,,02.02.07,DAS01,modified to match printed map,CAF5277,"13589.97497726802"
"5278","fault, normal","fault, normal, concealed",Y,"-9",certain,certain,,02.02.07,DAS01,,CAF5278,"1613.374841084227"
"5279","fault, normal","fault, normal, concealed",Y,"-9",certain,certain,,02.02.07,DAS01,modified to match printed map,CAF5279,"3754.70960169732"
"5280","fault, normal","fault, normal, concealed",Y,"-9",certain,certain,,02.02.07,DAS01,,CAF5280,"921.4365389129005"
"5281","fault, normal","fault, normal, concealed",Y,"-9",certain,certain,,02.02.07,DAS01,"changed from 'fault, normal, certain' to 'fault, normal, concealed' to match printed map",CAF5281,"1714.560068192173"
"5282","fault, normal","fault, normal, concealed",Y,"-9",certain,certain,,02.02.07,DAS01,,CAF5282,"1329.840889219973"
"5283","fault, normal","fault, normal, concealed",Y,"-9",certain,certain,,02.02.07,DAS01,modified to match printed map,CAF5283,"1621.665877910117"
"5284","fault, normal","fault, normal, concealed",Y,"-9",certain,certain,,02.02.07,DAS01,,CAF5284,"205.6495426472125"
"5285","fault, normal","fault, normal, concealed",Y,"-9",certain,certain,,02.02.07,DAS01,,CAF5285,"1689.298033341311"
"5286","fault, normal","fault, normal, concealed",Y,"-9",certain,certain,,02.02.07,DAS01,,CAF5286,"328.3003840200611"
"5287","fault, normal","fault, normal, concealed",Y,"-9",certain,certain,,02.02.07,DAS01,merged multiple lines into one,CAF5287,"423.2938189025505"
"5288","fault, normal","fault, normal, concealed",Y,"-9",certain,certain,,02.02.07,DAS01,,CAF5288,"2502.13222412391"
"5289","fault, normal","fault, normal, concealed",Y,"-9",certain,certain,,02.02.07,DAS01,,CAF5289,"1633.982171761145"
"5290","fault, normal","fault, normal, concealed",Y,"-9",certain,certain,,02.02.07,DAS01,,CAF5290,"2025.307184530667"
"5291","fault, normal","fault, normal, concealed",Y,"-9",certain,certain,,02.02.07,DAS01,merged multiple lines into one,CAF5291,"2026.098801908063"
"5292","fault, normal","fault, normal, concealed",Y,"-9",certain,certain,,02.02.07,DAS01,modified to match printed map,CAF5292,"2147.359338997797"
"5293","fault, normal","fault, normal, concealed",Y,"-9",certain,certain,,02.02.07,DAS01,merged multiple lines into one,CAF5293,"1660.64295415394"
"5294","fault, normal","fault, normal, concealed",Y,"-9",certain,certain,,02.02.07,DAS01,,CAF5294,"922.2957048459897"
"5295","fault, normal","fault, normal, concealed",Y,"-9",certain,certain,,02.02.07,DAS01,,CAF5295,"6166.170400977398"
"5296","fault, normal","fault, normal, concealed",Y,"-9",certain,certain,,02.02.07,DAS01,,CAF5296,"1542.735626750878"
"5297","fault, normal","fault, normal, concealed",Y,"-9",certain,certain,,02.02.07,DAS01,modified to match printed map,CAF5297,"873.2220866363979"
"5298","fault, normal","fault, normal, concealed",Y,"-9",certain,certain,,02.02.07,DAS01,modified to match printed map,CAF5298,"9509.06485604889"
"5299","fault, normal","fault, normal, concealed",Y,"-9",certain,certain,,02.02.07,DAS01,merged multiple lines into one,CAF5299,"511.6943997531947"
"5300","fault, normal","fault, normal, concealed",Y,"-9",certain,certain,,02.02.07,DAS01,modified to match printed map,CAF5300,"12091.47992595101"
"5301","fault, normal","fault, normal, concealed",Y,"-9",certain,certain,,02.02.07,DAS01,modified to match printed map,CAF5301,"37264.97578604749"
"5302","fault, normal","fault, normal, concealed",Y,"-9",certain,certain,,02.02.07,DAS01,,CAF5302,"932.6486865860059"
"5303","fault, normal","fault, normal, concealed",Y,"-9",certain,certain,,02.02.07,DAS01,modified to match printed map,CAF5303,"790.8116306920924"
"5304","fault, normal","fault, normal, concealed",Y,"-9",certain,certain,,02.02.07,DAS01,"merged multiple lines into one; modified to match printed map",CAF5304,"3459.050178747981"
"5305","fault, normal","fault, normal, concealed",Y,"-9",certain,certain,,02.02.07,DAS01,merged multiple lines into one,CAF5305,"795.5477717530765"
"5306","fault, normal","fault, normal, concealed",Y,"-9",certain,certain,,02.02.07,DAS01,,CAF5306,"1035.240770699157"
"5307","fault, normal","fault, normal, concealed",Y,"-9",certain,certain,,02.02.07,DAS01,merged multiple lines into one,CAF5307,"9621.022682074274"
"5308","fault, normal","fault, normal, concealed",Y,"-9",certain,certain,,02.02.07,DAS01,,CAF5308,"1295.24461212185"
"5309","fault, normal","fault, normal, concealed",Y,"-9",certain,certain,,02.02.07,DAS01,modified to match printed map,CAF5309,"6149.441549978488"
"5310","fault, normal","fault, normal, concealed",Y,"-9",certain,certain,,02.02.07,DAS01,"merged multiple lines into one; modified to match printed map",CAF5310,"3870.62546034335"
"5311","fault, normal","fault, normal, concealed",Y,"-9",certain,certain,,02.02.07,DAS01,,CAF5311,"1007.624739421847"
"5312","fault, normal","fault, normal, concealed",Y,"-9",certain,certain,,02.02.07,DAS01,,CAF5312,"388.8250134699416"
"5313","fault, normal","fault, normal, concealed",Y,"-9",certain,certain,,02.02.07,DAS01,,CAF5313,"1024.741199659101"
"5314","fault, normal","fault, normal, concealed",Y,"-9",certain,certain,,02.02.07,DAS01,"merged multiple lines into one; modified to match printed map",CAF5314,"12818.11639731534"
"5315","fault, normal","fault, normal, concealed",Y,"-9",certain,certain,,02.02.07,DAS01,,CAF5315,"2928.641744130114"
"5316","fault, normal","fault, normal, concealed",Y,"-9",certain,certain,,02.02.07,DAS01,,CAF5316,"203.3992744912999"
"5317","fault, normal","fault, normal, concealed",Y,"-9",certain,certain,,02.02.07,DAS01,,CAF5317,"686.6955210912553"
"5318","fault, normal","fault, normal, concealed",Y,"-9",certain,certain,,02.02.07,DAS01,,CAF5318,"334.3289400513011"
"5319","fault, normal","fault, normal, concealed",Y,"-9",certain,certain,,02.02.07,DAS01,modified to match printed map,CAF5319,"1015.384098387409"
"5320","fault, normal","fault, normal, concealed",Y,"-9",certain,certain,,02.02.07,DAS01,modified to match printed map,CAF5320,"414.1519349661182"
"5321","fault, normal","fault, normal, concealed",Y,"-9",certain,certain,,02.02.07,DAS01,,CAF5321,"4272.091459566023"
"5322","fault, normal","fault, normal, concealed",Y,"-9",certain,certain,,02.02.07,DAS01,,CAF5322,"595.8940374755451"
"5323","fault, normal","fault, normal, concealed",Y,"-9",certain,certain,,02.02.07,DAS01,,CAF5323,"400.0392024889306"
"5324","fault, normal","fault, normal, concealed",Y,"-9",certain,certain,,02.02.07,DAS01,modified to match printed map,CAF5324,"8912.011162587467"
"5325","fault, normal","fault, normal, concealed",Y,"-9",certain,certain,,02.02.07,DAS01,,CAF5325,"531.8412732317772"
"5326","fault, normal","fault, normal, concealed",Y,"-9",certain,certain,,02.02.07,DAS01,,CAF5326,"16101.83567840569"
"5327","fault, normal","fault, normal, concealed",Y,"-9",certain,certain,,02.02.07,DAS01,merged multiple lines into one,CAF5327,"1009.288011170521"
"5328","fault, normal","fault, normal, concealed",Y,"-9",certain,certain,,02.02.07,DAS01,merged multiple lines into one,CAF5328,"602.2201746534556"
"5329","fault, normal","fault, normal, concealed",Y,"-9",certain,certain,,02.02.07,DAS01,,CAF5329,"1513.903852316915"
"5330","fault, normal","fault, normal, concealed",Y,"-9",certain,certain,,02.02.07,DAS01,,CAF5330,"2119.068034495858"
"5331","fault, normal","fault, normal, concealed",Y,"-9",certain,certain,,02.02.07,DAS01,merged multiple lines into one,CAF5331,"1723.290735064954"
"5332","fault, normal","fault, normal, concealed",Y,"-9",certain,certain,,02.02.07,DAS01,,CAF5332,"542.7536109074699"
"5333","fault, normal","fault, normal, concealed",Y,"-9",certain,certain,,02.02.07,DAS01,,CAF5333,"954.8099625583184"
"5334","fault, normal","fault, normal, concealed",Y,"-9",certain,certain,,02.02.07,DAS01,,CAF5334,"994.3901385879144"
"5335","fault, normal","fault, normal, concealed",Y,"-9",certain,certain,,02.02.07,DAS01,,CAF5335,"2438.654058914167"
"5336","fault, normal","fault, normal, concealed",Y,"-9",certain,certain,,02.02.07,DAS01,,CAF5336,"1955.716735554113"
"5337","fault, normal","fault, normal, concealed",Y,"-9",certain,certain,,02.02.07,DAS01,,CAF5337,"1366.435590410456"
"5338","fault, normal","fault, normal, concealed",Y,"-9",certain,certain,,02.02.07,DAS01,"merged multiple lines into one; modified to match printed map",CAF5338,"2889.188186413686"
"5339","fault, normal","fault, normal, concealed",Y,"-9",certain,certain,,02.02.07,DAS01,,CAF5339,"15968.10327122073"
"5340","fault, normal","fault, normal, concealed",Y,"-9",certain,certain,,02.02.07,DAS01,,CAF5340,"2328.657998075619"
"5341","fault, normal","fault, normal, concealed",Y,"-9",certain,certain,,02.02.07,DAS01,,CAF5341,"6570.95291926612"
"5342","fault, normal","fault, normal, concealed",Y,"-9",certain,certain,,02.02.07,DAS01,,CAF5342,"444.9261617107375"
"5343","fault, normal","fault, normal, concealed",Y,"-9",certain,certain,,02.02.07,DAS01,,CAF5343,"240.0792688899566"
"5344","fault, normal","fault, normal, concealed",Y,"-9",certain,certain,,02.02.07,DAS01,modified to match printed map,CAF5344,"929.7761394566677"
"5345","fault, normal","fault, normal, concealed",Y,"-9",certain,certain,,02.02.07,DAS01,,CAF5345,"1803.970758659298"
"5346","fault, normal","fault, normal, concealed",Y,"-9",certain,certain,,02.02.07,DAS01,merged multiple lines into one,CAF5346,"1558.162144764513"
"5347","fault, normal","fault, normal, concealed",Y,"-9",certain,certain,,02.02.07,DAS01,,CAF5347,"568.5858396583222"
"5348","fault, normal","fault, normal, concealed",Y,"-9",certain,certain,,02.02.07,DAS01,merged multiple lines into one,CAF5348,"13826.20887834889"
"5349","fault, normal","fault, normal, concealed",Y,"-9",certain,certain,,02.02.07,DAS01,,CAF5349,"413.6015200578543"
"5350","fault, normal","fault, normal, concealed",Y,"-9",certain,certain,,02.02.07,DAS01,"merged multiple lines into one; modified to match printed map",CAF5350,"29512.83371235249"
"5351","fault, normal","fault, normal, concealed",Y,"-9",certain,certain,,02.02.07,DAS01,,CAF5351,"475.2575388252648"
"5352","fault, normal","fault, normal, concealed",Y,"-9",certain,certain,,02.02.07,DAS01,added line to match printed map,CAF5352,"763.2995788455761"
"5353","fault, normal","fault, normal, concealed",Y,"-9",certain,certain,,02.02.07,DAS01,merged multiple lines into one,CAF5353,"250.4965768403545"
"5354","fault, normal","fault, normal, concealed",Y,"-9",certain,certain,,02.02.07,DAS01,,CAF5354,"565.3096069732813"
"5355","fault, normal","fault, normal, concealed",Y,"-9",certain,certain,,02.02.07,DAS01,modified to match printed map,CAF5355,"1300.750392612296"
"5356","fault, normal","fault, normal, concealed",Y,"-9",certain,certain,,02.02.07,DAS01,,CAF5356,"4443.074917190322"
"5357","fault, normal","fault, normal, concealed",Y,"-9",certain,certain,,02.02.07,DAS01,,CAF5357,"6374.56007886447"
"5358","fault, normal","fault, normal, concealed",Y,"-9",certain,certain,,02.02.07,DAS01,,CAF5358,"1376.271311892291"
"5359","fault, normal","fault, normal, concealed",Y,"-9",certain,certain,,02.02.07,DAS01,,CAF5359,"456.7194711080172"
"5360","fault, strike-slip, left-lateral","fault, strike-slip, left-lateral, certain",N,"-9",certain,certain,,02.06.09,DAS01,,CAF5360,"2854.919138492929"
"5361","fault, strike-slip, left-lateral","fault, strike-slip, left-lateral, concealed",Y,"-9",certain,certain,,02.06.15,DAS01,modified to match printed map,CAF5361,"3848.019985281969"
"5362","fault, strike-slip, right-lateral","fault, strike-slip, right-lateral, certain",N,"-9",certain,certain,,02.06.01,DAS01,modified to match printed map,CAF5362,"1121.503209588251"
"5363","fault, strike-slip, right-lateral","fault, strike-slip, right-lateral, certain",N,"-9",certain,certain,,02.06.01,DAS01,,CAF5363,"7004.588512461015"
"5364","fault, strike-slip, right-lateral","fault, strike-slip, right-lateral, certain",N,"-9",certain,certain,,02.06.01,DAS01,,CAF5364,"650.1613665394602"
"5365","fault, strike-slip, right-lateral","fault, strike-slip, right-lateral, certain",N,"-9",certain,certain,,02.06.01,DAS01,,CAF5365,"738.0415589236012"
"5366","fault, strike-slip, right-lateral","fault, strike-slip, right-lateral, certain",N,"-9",certain,certain,,02.06.01,DAS01,merged multiple lines into one,CAF5366,"8571.884313770375"
"5367","fault, strike-slip, right-lateral","fault, strike-slip, right-lateral, certain",N,"-9",certain,certain,,02.06.01,DAS01,,CAF5367,"2421.869854453691"
"5368","fault, strike-slip, right-lateral","fault, strike-slip, right-lateral, certain",N,"-9",certain,certain,,02.06.01,DAS01,,CAF5368,"492.9060373216605"
"5369","fault, strike-slip, right-lateral","fault, strike-slip, right-lateral, certain",N,"-9",certain,certain,,02.06.01,DAS01,,CAF5369,"6285.081475983673"
"5370","fault, strike-slip, right-lateral","fault, strike-slip, right-lateral, certain",N,"-9",certain,certain,,02.06.01,DAS01,,CAF5370,"238.8320997393501"
"5371","fault, strike-slip, right-lateral","fault, strike-slip, right-lateral, certain",N,"-9",certain,certain,,02.06.01,DAS01,,CAF5371,"290.0241944463862"
"5372","fault, strike-slip, right-lateral","fault, strike-slip, right-lateral, certain",N,"-9",certain,certain,,02.06.01,DAS01,,CAF5372,"601.3112047651799"
"5373","fault, strike-slip, right-lateral","fault, strike-slip, right-lateral, certain",N,"-9",certain,certain,,02.06.01,DAS01,modified to match printed map,CAF5373,"475.3387775751991"
"5374","fault, strike-slip, right-lateral","fault, strike-slip, right-lateral, concealed",Y,"-9",certain,certain,,02.06.07,DAS01,,CAF5374,"118.5456566389607"
"5375","fault, strike-slip, right-lateral","fault, strike-slip, right-lateral, concealed",Y,"-9",certain,certain,,02.06.07,DAS01,modified to match printed map,CAF5375,"1303.550430960039"
"5376","fault, strike-slip, right-lateral","fault, strike-slip, right-lateral, concealed",Y,"-9",certain,certain,,02.06.07,DAS01,modified to match printed map,CAF5376,"3943.191721797318"
"5377","fault, strike-slip, right-lateral","fault, strike-slip, right-lateral, concealed",Y,"-9",certain,certain,,02.06.07,DAS01,"merged multiple lines into one; modified to match printed map",CAF5377,"2856.707876952419"
"5378","fault, strike-slip, right-lateral","fault, strike-slip, right-lateral, concealed",Y,"-9",certain,certain,,02.06.07,DAS01,,CAF5378,"1234.439110123184"
"5379","fault, strike-slip, right-lateral","fault, strike-slip, right-lateral, concealed",Y,"-9",certain,certain,,02.06.07,DAS01,,CAF5379,"389.2140186485958"
"5380","fault, strike-slip, right-lateral","fault, strike-slip, right-lateral, concealed",Y,"-9",certain,certain,,02.06.07,DAS01,,CAF5380,"2213.221263830434"
"5381","fault, strike-slip, right-lateral","fault, strike-slip, right-lateral, concealed",Y,"-9",certain,certain,,02.06.07,DAS01,modified to match printed map,CAF5381,"12573.27684406449"
"5382","fault, strike-slip, right-lateral","fault, strike-slip, right-lateral, concealed",Y,"-9",certain,certain,,02.06.07,DAS01,"merged multiple lines into one; modified to match printed map",CAF5382,"2544.577933499185"
"5383","fault, strike-slip, right-lateral","fault, strike-slip, right-lateral, concealed",Y,"-9",certain,certain,,02.06.07,DAS01,,CAF5383,"469.442324208526"
"5384","fault, strike-slip, right-lateral","fault, strike-slip, right-lateral, concealed",Y,"-9",certain,certain,,02.06.07,DAS01,modified to match printed map,CAF5384,"5245.286506334587"
"5385","fault, strike-slip, right-lateral","fault, strike-slip, right-lateral, concealed",Y,"-9",certain,certain,,02.06.07,DAS01,,CAF5385,"1124.571304812391"
"5386","fault, strike-slip, right-lateral","fault, strike-slip, right-lateral, concealed",Y,"-9",certain,certain,,02.06.07,DAS01,,CAF5386,"250.4323510429576"
"5387","fault, strike-slip, right-lateral","fault, strike-slip, right-lateral, concealed",Y,"-9",certain,certain,,02.06.07,DAS01,modified to match printed map,CAF5387,"1965.835096617283"
"5388","fault, thrust","fault, thrust, certain",N,"-9",certain,certain,,02.08.01,DAS01,merged multiple lines into one,CAF5388,"15070.26006375765"
"5389","fault, thrust","fault, thrust, certain",N,"-9",certain,certain,,02.08.01,DAS01,merged multiple lines into one,CAF5389,"6212.940269435456"
"5390","fault, thrust","fault, thrust, certain",N,"-9",certain,certain,,02.08.01,DAS01,merged multiple lines into one,CAF5390,"2045.839602122857"
"5391","fault, thrust","fault, thrust, certain",N,"-9",certain,certain,,02.08.01,DAS01,,CAF5391,"2733.731564297788"
"5392","fault, thrust","fault, thrust, certain",N,"-9",certain,certain,,02.08.01,DAS01,,CAF5392,"1254.161767804739"
"5393","fault, thrust","fault, thrust, certain",N,"-9",certain,certain,,02.08.01,DAS01,merged multiple lines into one,CAF5393,"11863.64226296951"
"5394","fault, thrust","fault, thrust, certain",N,"-9",certain,certain,,02.08.01,DAS01,,CAF5394,"2322.912254012116"
"5395","fault, thrust","fault, thrust, certain",N,"-9",certain,certain,,02.08.01,DAS01,,CAF5395,"8723.556522173469"
"5396","fault, thrust","fault, thrust, certain",N,"-9",certain,certain,,02.08.01,DAS01,,CAF5396,"3001.928959740595"
"5397","fault, thrust","fault, thrust, certain",N,"-9",certain,certain,,02.08.01,DAS01,,CAF5397,"3220.630463546346"
"5398","fault, thrust","fault, thrust, certain",N,"-9",certain,certain,,02.08.01,DAS01,merged multiple lines into one,CAF5398,"14597.46108071987"
"5399","fault, thrust","fault, thrust, certain",N,"-9",certain,certain,,02.08.01,DAS01,,CAF5399,"3443.191224961216"
"5400","fault, thrust","fault, thrust, certain",N,"-9",certain,certain,,02.08.01,DAS01,merged multiple lines into one,CAF5400,"1922.956090043011"
"5401","fault, thrust","fault, thrust, certain",N,"-9",certain,certain,,02.08.01,DAS01,,CAF5401,"618.0451151231185"
"5402","fault, thrust","fault, thrust, certain",N,"-9",certain,certain,,02.08.01,DAS01,merged multiple lines into one,CAF5402,"15945.09940544088"
"5403","fault, thrust","fault, thrust, certain",N,"-9",certain,certain,,02.08.01,DAS01,,CAF5403,"706.9323542643685"
"5404","fault, thrust","fault, thrust, certain",N,"-9",certain,certain,,02.08.01,DAS01,,CAF5404,"667.5822537594885"
"5405","fault, thrust","fault, thrust, certain",N,"-9",certain,certain,,02.08.01,DAS01,merged multiple lines into one,CAF5405,"1366.362901541562"
"5406","fault, thrust","fault, thrust, certain",N,"-9",certain,certain,,02.08.01,DAS01,merged multiple lines into one,CAF5406,"9657.297289233384"
"5407","fault, thrust","fault, thrust, certain",N,"-9",certain,certain,,02.08.01,DAS01,,CAF5407,"980.6085366759696"
"5408","fault, thrust","fault, thrust, certain",N,"-9",certain,certain,,02.08.01,DAS01,,CAF5408,"2024.390654311255"
"5409","fault, thrust","fault, thrust, certain",N,"-9",certain,certain,,02.08.01,DAS01,,CAF5409,"1809.939222579287"
"5410","fault, thrust","fault, thrust, certain",N,"-9",certain,certain,,02.08.01,DAS01,,CAF5410,"2258.299752924223"
"5411","fault, thrust","fault, thrust, certain",N,"-9",certain,certain,,02.08.01,DAS01,merged multiple lines into one,CAF5411,"13975.30247618583"
"5412","fault, thrust","fault, thrust, certain",N,"-9",certain,certain,,02.08.01,DAS01,,CAF5412,"930.5951105483954"
"5413","fault, thrust","fault, thrust, certain",N,"-9",certain,certain,,02.08.01,DAS01,,CAF5413,"2875.798417302415"
"5414","fault, thrust","fault, thrust, certain",N,"-9",certain,certain,,02.08.01,DAS01,,CAF5414,"3154.173949872812"
"5415","fault, thrust","fault, thrust, certain",N,"-9",certain,certain,,02.08.01,DAS01,merged multiple lines into one,CAF5415,"7669.505640436776"
"5416","fault, thrust","fault, thrust, certain",N,"-9",certain,certain,,02.08.01,DAS01,merged multiple lines into one,CAF5416,"5748.215246857158"
"5417","fault, thrust","fault, thrust, certain",N,"-9",certain,certain,,02.08.01,DAS01,,CAF5417,"1742.018068035209"
"5418","fault, thrust","fault, thrust, certain",N,"-9",certain,certain,,02.08.01,DAS01,merged multiple lines into one,CAF5418,"2144.580023299274"
"5419","fault, thrust","fault, thrust, certain",N,"-9",certain,certain,,02.08.01,DAS01,merged multiple lines into one,CAF5419,"7680.790673041078"
"5420","fault, thrust","fault, thrust, certain",N,"-9",certain,certain,,02.08.01,DAS01,,CAF5420,"8789.768756031541"
"5421","fault, thrust","fault, thrust, certain",N,"-9",certain,certain,,02.08.01,DAS01,,CAF5421,"13266.85587100169"
"5422","fault, thrust","fault, thrust, certain",N,"-9",certain,certain,,02.08.01,DAS01,,CAF5422,"192.0536531259212"
"5423","fault, thrust","fault, thrust, certain",N,"-9",certain,certain,,02.08.01,DAS01,,CAF5423,"3789.230637638583"
"5424","fault, thrust","fault, thrust, certain",N,"-9",certain,certain,,02.08.01,DAS01,,CAF5424,"545.8684298786528"
"5425","fault, thrust","fault, thrust, certain",N,"-9",certain,certain,,02.08.01,DAS01,,CAF5425,"576.6053389532273"
"5426","fault, thrust","fault, thrust, certain",N,"-9",certain,certain,,02.08.01,DAS01,merged multiple lines into one,CAF5426,"13855.86477778027"
"5427","fault, thrust","fault, thrust, certain",N,"-9",certain,certain,,02.08.01,DAS01,,CAF5427,"963.3821769070593"
"5428","fault, thrust","fault, thrust, certain",N,"-9",certain,certain,,02.08.01,DAS01,,CAF5428,"18716.67334945567"
"5429","fault, thrust","fault, thrust, certain",N,"-9",certain,certain,,02.08.01,DAS01,,CAF5429,"4117.527667618199"
"5430","fault, thrust","fault, thrust, certain",N,"-9",certain,certain,,02.08.01,DAS01,,CAF5430,"4238.616446403175"
"5431","fault, thrust","fault, thrust, certain",N,"-9",certain,certain,,02.08.01,DAS01,,CAF5431,"933.849968517044"
"5432","fault, thrust","fault, thrust, certain",N,"-9",certain,certain,,02.08.01,DAS01,,CAF5432,"998.0509273791023"
"5433","fault, thrust","fault, thrust, certain",N,"-9",certain,certain,,02.08.01,DAS01,,CAF5433,"3713.880488907448"
"5434","fault, thrust","fault, thrust, certain",N,"-9",certain,certain,,02.08.01,DAS01,merged multiple lines into one,CAF5434,"6180.968523120609"
"5435","fault, thrust","fault, thrust, certain",N,"-9",certain,certain,,02.08.01,DAS01,merged multiple lines into one,CAF5435,"1750.488917236164"
"5436","fault, thrust","fault, thrust, certain",N,"-9",certain,certain,,02.08.01,DAS01,,CAF5436,"3684.772904641142"
"5437","fault, thrust","fault, thrust, certain",N,"-9",certain,certain,,02.08.01,DAS01,,CAF5437,"4720.362982547756"
"5438","fault, thrust","fault, thrust, certain",N,"-9",certain,certain,,02.08.01,DAS01,merged multiple lines into one,CAF5438,"6477.02730517183"
"5439","fault, thrust","fault, thrust, certain",N,"-9",certain,certain,,02.08.01,DAS01,,CAF5439,"2510.166195868223"
"5440","fault, thrust","fault, thrust, certain",N,"-9",certain,certain,,02.08.01,DAS01,merged multiple lines into one,CAF5440,"13422.19363798195"
"5441","fault, thrust","fault, thrust, certain",N,"-9",certain,certain,,02.08.01,DAS01,merged multiple lines into one,CAF5441,"5455.353726141208"
"5442","fault, thrust","fault, thrust, certain",N,"-9",certain,certain,,02.08.01,DAS01,merged multiple lines into one,CAF5442,"7058.961214574928"
"5443","fault, thrust","fault, thrust, certain",N,"-9",certain,certain,,02.08.01,DAS01,merged multiple lines into one,CAF5443,"6983.334873561497"
"5444","fault, thrust","fault, thrust, certain",N,"-9",certain,certain,,02.08.01,DAS01,,CAF5444,"104.9374813653678"
"5445","fault, thrust","fault, thrust, certain",N,"-9",certain,certain,,02.08.01,DAS01,,CAF5445,"2879.874672900731"
"5446","fault, thrust","fault, thrust, certain",N,"-9",certain,certain,,02.08.01,DAS01,merged multiple lines into one,CAF5446,"5831.086803017499"
"5447","fault, thrust","fault, thrust, certain",N,"-9",certain,certain,,02.08.01,DAS01,,CAF5447,"2234.419427216676"
"5448","fault, thrust","fault, thrust, certain",N,"-9",certain,certain,,02.08.01,DAS01,,CAF5448,"560.5868522705397"
"5449","fault, thrust","fault, thrust, certain",N,"-9",certain,certain,,02.08.01,DAS01,,CAF5449,"2901.210126722546"
"5450","fault, thrust","fault, thrust, certain",N,"-9",certain,certain,,02.08.01,DAS01,,CAF5450,"906.5879824174355"
"5451","fault, thrust","fault, thrust, certain",N,"-9",certain,certain,,02.08.01,DAS01,,CAF5451,"216.2888503748633"
"5452","fault, thrust","fault, thrust, certain",N,"-9",certain,certain,,02.08.01,DAS01,,CAF5452,"1772.750859441736"
"5453","fault, thrust","fault, thrust, certain",N,"-9",certain,certain,,02.08.01,DAS01,,CAF5453,"421.7518562887949"
"5454","fault, thrust","fault, thrust, certain",N,"-9",certain,certain,,02.08.01,DAS01,merged multiple lines into one,CAF5454,"4550.180080244434"
"5455","fault, thrust","fault, thrust, certain",N,"-9",certain,certain,,02.08.01,DAS01,,CAF5455,"760.6836676882332"
"5456","fault, thrust","fault, thrust, certain",N,"-9",certain,certain,,02.08.01,DAS01,merged multiple lines into one,CAF5456,"16056.72774527003"
"5457","fault, thrust","fault, thrust, certain",N,"-9",certain,certain,,02.08.01,DAS01,merged multiple lines into one,CAF5457,"10957.09813607307"
"5458","fault, thrust","fault, thrust, certain",N,"-9",certain,certain,,02.08.01,DAS01,,CAF5458,"758.6365651277201"
"5459","fault, thrust","fault, thrust, certain",N,"-9",certain,certain,,02.08.01,DAS01,merged multiple lines into one,CAF5459,"3753.765105533762"
"5460","fault, thrust","fault, thrust, certain",N,"-9",certain,certain,,02.08.01,DAS01,,CAF5460,"3256.352004999055"
"5461","fault, thrust","fault, thrust, certain",N,"-9",certain,certain,,02.08.01,DAS01,,CAF5461,"4638.150069679243"
"5462","fault, thrust","fault, thrust, certain",N,"-9",certain,certain,,02.08.01,DAS01,merged multiple lines into one,CAF5462,"15840.95409522532"
"5463","fault, thrust","fault, thrust, certain",N,"-9",certain,certain,,02.08.01,DAS01,,CAF5463,"2749.629833855325"
"5464","fault, thrust","fault, thrust, certain",N,"-9",certain,certain,,02.08.01,DAS01,,CAF5464,"1135.199396879703"
"5465","fault, thrust","fault, thrust, certain",N,"-9",certain,certain,,02.08.01,DAS01,,CAF5465,"2267.62163271774"
"5466","fault, thrust","fault, thrust, certain",N,"-9",certain,certain,,02.08.01,DAS01,,CAF5466,"522.5847404122098"
"5467","fault, thrust","fault, thrust, certain",N,"-9",certain,certain,,02.08.01,DAS01,merged multiple lines into one,CAF5467,"6112.792177677004"
"5468","fault, thrust","fault, thrust, certain",N,"-9",certain,certain,,02.08.01,DAS01,merged multiple lines into one,CAF5468,"14182.31564738987"
"5469","fault, thrust","fault, thrust, certain",N,"-9",certain,certain,,02.08.01,DAS01,,CAF5469,"2718.734038063386"
"5470","fault, thrust","fault, thrust, certain",N,"-9",certain,certain,,02.08.01,DAS01,,CAF5470,"1329.585310721501"
"5471","fault, thrust","fault, thrust, certain",N,"-9",certain,certain,,02.08.01,DAS01,merged multiple lines into one,CAF5471,"440.3350652360648"
"5472","fault, thrust","fault, thrust, certain",N,"-9",certain,certain,,02.08.01,DAS01,,CAF5472,"10066.50658868774"
"5473","fault, thrust","fault, thrust, certain",N,"-9",certain,certain,,02.08.01,DAS01,,CAF5473,"427.1954252719002"
"5474","fault, thrust","fault, thrust, certain",N,"-9",certain,certain,,02.08.01,DAS01,,CAF5474,"569.3294425247399"
"5475","fault, thrust","fault, thrust, certain",N,"-9",certain,certain,,02.08.01,DAS01,,CAF5475,"604.034900980428"
"5476","fault, thrust","fault, thrust, certain",N,"-9",certain,certain,,02.08.01,DAS01,merged multiple lines into one,CAF5476,"7144.523688809368"
"5477","fault, thrust","fault, thrust, certain",N,"-9",certain,certain,,02.08.01,DAS01,merged multiple lines into one,CAF5477,"6735.424805199926"
"5478","fault, thrust","fault, thrust, certain",N,"-9",certain,certain,,02.08.01,DAS01,merged multiple lines into one,CAF5478,"438.138709254134"
"5479","fault, thrust","fault, thrust, certain",N,"-9",certain,certain,,02.08.01,DAS01,,CAF5479,"5684.143566799545"
"5480","fault, thrust","fault, thrust, certain",N,"-9",certain,certain,,02.08.01,DAS01,merged multiple lines into one,CAF5480,"12505.28829577986"
"5481","fault, thrust","fault, thrust, certain",N,"-9",certain,certain,,02.08.01,DAS01,,CAF5481,"5490.343101076658"
"5482","fault, thrust","fault, thrust, certain",N,"-9",certain,certain,,02.08.01,DAS01,,CAF5482,"13459.70089796433"
"5483","fault, thrust","fault, thrust, certain",N,"-9",certain,certain,,02.08.01,DAS01,,CAF5483,"2309.340733081128"
"5484","fault, thrust","fault, thrust, certain",N,"-9",certain,certain,,02.08.01,DAS01,,CAF5484,"3453.823379367782"
"5485","fault, thrust","fault, thrust, certain",N,"-9",certain,certain,,02.08.01,DAS01,,CAF5485,"6252.873153517947"
"5486","fault, thrust","fault, thrust, certain",N,"-9",certain,certain,,02.08.01,DAS01,merged multiple lines into one,CAF5486,"21307.32628806286"
"5487","fault, thrust","fault, thrust, certain",N,"-9",certain,certain,,02.08.01,DAS01,,CAF5487,"335.6000758012595"
"5488","fault, thrust","fault, thrust, certain",N,"-9",certain,certain,,02.08.01,DAS01,,CAF5488,"2913.929318378387"
"5489","fault, thrust","fault, thrust, certain",N,"-9",certain,certain,,02.08.01,DAS01,,CAF5489,"360.7187082077493"
"5490","fault, thrust","fault, thrust, certain",N,"-9",certain,certain,,02.08.01,DAS01,,CAF5490,"14055.71312409864"
"5491","fault, thrust","fault, thrust, certain",N,"-9",certain,certain,,02.08.01,DAS01,merged multiple lines into one,CAF5491,"6125.853690187173"
"5492","fault, thrust","fault, thrust, certain",N,"-9",certain,certain,,02.08.01,DAS01,,CAF5492,"320.7838379291961"
"5493","fault, thrust","fault, thrust, certain",N,"-9",certain,certain,,02.08.01,DAS01,merged multiple lines into one,CAF5493,"1936.157079479277"
"5494","fault, thrust","fault, thrust, certain",N,"-9",certain,certain,,02.08.01,DAS01,merged multiple lines into one,CAF5494,"5913.564504477858"
"5495","fault, thrust","fault, thrust, certain",N,"-9",certain,certain,,02.08.01,DAS01,,CAF5495,"2064.952441993737"
"5496","fault, thrust","fault, thrust, certain",N,"-9",certain,certain,,02.08.01,DAS01,,CAF5496,"2986.783196002517"
"5497","fault, thrust","fault, thrust, certain",N,"-9",certain,certain,,02.08.01,DAS01,,CAF5497,"5181.012168580508"
"5498","fault, thrust","fault, thrust, certain",N,"-9",certain,certain,,02.08.01,DAS01,,CAF5498,"1585.355395474081"
"5499","fault, thrust","fault, thrust, certain",N,"-9",certain,certain,,02.08.01,DAS01,merged multiple lines into one,CAF5499,"1422.975961472733"
"5500","fault, thrust","fault, thrust, certain",N,"-9",certain,certain,,02.08.01,DAS01,merged multiple lines into one,CAF5500,"14731.60424086458"
"5501","fault, thrust","fault, thrust, certain",N,"-9",certain,certain,,02.08.01,DAS01,,CAF5501,"1286.053339635248"
"5502","fault, thrust","fault, thrust, certain",N,"-9",certain,certain,,02.08.01,DAS01,,CAF5502,"9562.294247017242"
"5503","fault, thrust","fault, thrust, certain",N,"-9",certain,certain,,02.08.01,DAS01,,CAF5503,"1391.32205378549"
"5504","fault, thrust","fault, thrust, certain",N,"-9",certain,certain,,02.08.01,DAS01,,CAF5504,"3825.783420927288"
"5505","fault, thrust","fault, thrust, certain",N,"-9",certain,certain,,02.08.01,DAS01,,CAF5505,"3429.884454134997"
"5506","fault, thrust","fault, thrust, certain",N,"-9",certain,certain,,02.08.01,DAS01,merged multiple lines into one,CAF5506,"2682.334149001461"
"5507","fault, thrust","fault, thrust, certain",N,"-9",certain,certain,,02.08.01,DAS01,,CAF5507,"2351.296440336905"
"5508","fault, thrust","fault, thrust, certain",N,"-9",certain,certain,,02.08.01,DAS01,merged multiple lines into one,CAF5508,"19487.9894636976"
"5509","fault, thrust","fault, thrust, certain",N,"-9",certain,certain,,02.08.01,DAS01,,CAF5509,"1331.514742580508"
"5510","fault, thrust","fault, thrust, certain",N,"-9",certain,certain,,02.08.01,DAS01,merged multiple lines into one,CAF5510,"10079.76558206829"
"5511","fault, thrust","fault, thrust, certain",N,"-9",certain,certain,,02.08.01,DAS01,merged multiple lines into one,CAF5511,"4231.804584077203"
"5512","fault, thrust","fault, thrust, certain",N,"-9",certain,certain,,02.08.01,DAS01,,CAF5512,"2809.700954366189"
"5513","fault, thrust","fault, thrust, certain",N,"-9",certain,certain,,02.08.01,DAS01,merged multiple lines into one,CAF5513,"21196.71101387634"
"5514","fault, thrust","fault, thrust, certain",N,"-9",certain,certain,,02.08.01,DAS01,merged multiple lines into one,CAF5514,"5220.402989332918"
"5515","fault, thrust","fault, thrust, certain",N,"-9",certain,certain,,02.08.01,DAS01,,CAF5515,"2021.565366768689"
"5516","fault, thrust","fault, thrust, certain",N,"-9",certain,certain,,02.08.01,DAS01,,CAF5516,"6488.160381839311"
"5517","fault, thrust","fault, thrust, certain",N,"-9",certain,certain,,02.08.01,DAS01,,CAF5517,"9954.624976385428"
"5518","fault, thrust","fault, thrust, certain",N,"-9",certain,certain,,02.08.01,DAS01,,CAF5518,"4700.584423272455"
"5519","fault, thrust","fault, thrust, certain",N,"-9",certain,certain,,02.08.01,DAS01,,CAF5519,"890.5607336650787"
"5520","fault, thrust","fault, thrust, certain",N,"-9",certain,certain,,02.08.01,DAS01,,CAF5520,"3330.845400120094"
"5521","fault, thrust","fault, thrust, certain",N,"-9",certain,certain,,02.08.01,DAS01,,CAF5521,"1429.309630485823"
"5522","fault, thrust","fault, thrust, certain",N,"-9",certain,certain,,02.08.01,DAS01,,CAF5522,"674.9691246629616"
"5523","fault, thrust","fault, thrust, certain",N,"-9",certain,certain,,02.08.01,DAS01,merged multiple lines into one,CAF5523,"11579.90035517232"
"5524","fault, thrust","fault, thrust, certain",N,"-9",certain,certain,,02.08.01,DAS01,,CAF5524,"1221.961550737699"
"5525","fault, thrust","fault, thrust, certain",N,"-9",certain,certain,,02.08.01,DAS01,,CAF5525,"1211.583490110754"
"5526","fault, thrust","fault, thrust, certain",N,"-9",certain,certain,,02.08.01,DAS01,merged multiple lines into one,CAF5526,"5446.010301863566"
"5527","fault, thrust","fault, thrust, certain",N,"-9",certain,certain,,02.08.01,DAS01,,CAF5527,"2107.892858764059"
"5528","fault, thrust","fault, thrust, certain",N,"-9",certain,certain,,02.08.01,DAS01,merged multiple lines into one,CAF5528,"3494.342677179257"
"5529","fault, thrust","fault, thrust, certain",N,"-9",certain,certain,,02.08.01,DAS01,,CAF5529,"229.8931407349644"
"5530","fault, thrust","fault, thrust, certain",N,"-9",certain,certain,,02.08.01,DAS01,,CAF5530,"2359.00205875929"
"5531","fault, thrust","fault, thrust, certain",N,"-9",certain,certain,,02.08.01,DAS01,,CAF5531,"3585.264671109169"
"5532","fault, thrust","fault, thrust, certain",N,"-9",certain,certain,,02.08.01,DAS01,,CAF5532,"3217.576852841843"
"5533","fault, thrust","fault, thrust, certain",N,"-9",certain,certain,,02.08.01,DAS01,merged multiple lines into one,CAF5533,"12298.39856036551"
"5534","fault, thrust","fault, thrust, certain",N,"-9",certain,certain,,02.08.01,DAS01,merged multiple lines into one,CAF5534,"941.0536108688074"
"5535","fault, thrust","fault, thrust, certain",N,"-9",certain,certain,,02.08.01,DAS01,,CAF5535,"1703.037085293561"
"5536","fault, thrust","fault, thrust, certain",N,"-9",certain,certain,,02.08.01,DAS01,,CAF5536,"2106.39528567332"
"5537","fault, thrust","fault, thrust, certain",N,"-9",certain,certain,,02.08.01,DAS01,,CAF5537,"2546.768291547695"
"5538","fault, thrust","fault, thrust, certain",N,"-9",certain,certain,,02.08.01,DAS01,,CAF5538,"10564.20540525645"
"5539","fault, thrust","fault, thrust, certain",N,"-9",certain,certain,,02.08.01,DAS01,,CAF5539,"4227.627541650934"
"5540","fault, thrust","fault, thrust, certain",N,"-9",certain,certain,,02.08.01,DAS01,,CAF5540,"3021.937422144175"
"5541","fault, thrust","fault, thrust, certain",N,"-9",certain,certain,,02.08.01,DAS01,,CAF5541,"6621.36485229576"
"5542","fault, thrust","fault, thrust, certain",N,"-9",certain,certain,,02.08.01,DAS01,,CAF5542,"2208.534554460825"
"5543","fault, thrust","fault, thrust, certain",N,"-9",certain,certain,,02.08.01,DAS01,,CAF5543,"2904.513765711208"
"5544","fault, thrust","fault, thrust, certain",N,"-9",certain,certain,,02.08.01,DAS01,,CAF5544,"3125.288289770504"
"5545","fault, thrust","fault, thrust, certain",N,"-9",certain,certain,,02.08.01,DAS01,merged multiple lines into one,CAF5545,"5421.317203766672"
"5546","fault, thrust","fault, thrust, certain",N,"-9",certain,certain,,02.08.01,DAS01,,CAF5546,"209.1143134223494"
"5547","fault, thrust","fault, thrust, certain",N,"-9",certain,certain,,02.08.01,DAS01,merged multiple lines into one,CAF5547,"1672.651086205327"
"5548","fault, thrust","fault, thrust, certain",N,"-9",certain,certain,,02.08.01,DAS01,,CAF5548,"2524.591368129405"
"5549","fault, thrust","fault, thrust, certain",N,"-9",certain,certain,,02.08.01,DAS01,,CAF5549,"11330.73500319398"
"5550","fault, thrust","fault, thrust, certain",N,"-9",certain,certain,,02.08.01,DAS01,merged multiple lines into one,CAF5550,"4999.325450370385"
"5551","fault, thrust","fault, thrust, certain",N,"-9",certain,certain,,02.08.01,DAS01,merged multiple lines into one,CAF5551,"2628.857287474003"
"5552","fault, thrust","fault, thrust, certain",N,"-9",certain,certain,,02.08.01,DAS01,,CAF5552,"1226.021992789689"
"5553","fault, thrust","fault, thrust, certain",N,"-9",certain,certain,,02.08.01,DAS01,,CAF5553,"1293.854375850103"
"5554","fault, thrust","fault, thrust, certain",N,"-9",certain,certain,,02.08.01,DAS01,,CAF5554,"3775.536671013836"
"5555","fault, thrust","fault, thrust, certain",N,"-9",certain,certain,,02.08.01,DAS01,merged multiple lines into one,CAF5555,"6167.138408450279"
"5556","fault, thrust","fault, thrust, certain",N,"-9",certain,certain,,02.08.01,DAS01,merged multiple lines into one,CAF5556,"2293.13279773695"
"5557","fault, thrust","fault, thrust, certain",N,"-9",certain,certain,,02.08.01,DAS01,,CAF5557,"5261.0393390895"
"5558","fault, thrust","fault, thrust, certain",N,"-9",certain,certain,,02.08.01,DAS01,,CAF5558,"1029.075676289586"
"5559","fault, thrust","fault, thrust, certain",N,"-9",certain,certain,,02.08.01,DAS01,,CAF5559,"4477.046948711848"
"5560","fault, thrust","fault, thrust, certain",N,"-9",certain,certain,,02.08.01,DAS01,,CAF5560,"5719.35776649097"
"5561","fault, thrust","fault, thrust, certain",N,"-9",certain,certain,,02.08.01,DAS01,,CAF5561,"1357.341778059787"
"5562","fault, thrust","fault, thrust, certain",N,"-9",certain,certain,,02.08.01,DAS01,,CAF5562,"18374.05253130514"
"5563","fault, thrust","fault, thrust, certain",N,"-9",certain,certain,,02.08.01,DAS01,,CAF5563,"2960.436098820669"
"5564","fault, thrust","fault, thrust, certain",N,"-9",certain,certain,,02.08.01,DAS01,,CAF5564,"1990.70394990174"
"5565","fault, thrust","fault, thrust, certain",N,"-9",certain,certain,,02.08.01,DAS01,,CAF5565,"1184.903225307831"
"5566","fault, thrust","fault, thrust, certain",N,"-9",certain,certain,,02.08.01,DAS01,,CAF5566,"7156.443969220365"
"5567","fault, thrust","fault, thrust, certain",N,"-9",certain,certain,,02.08.01,DAS01,merged multiple lines into one,CAF5567,"7760.492471868733"
"5568","fault, thrust","fault, thrust, certain",N,"-9",certain,certain,,02.08.01,DAS01,,CAF5568,"433.774885864872"
"5569","fault, thrust","fault, thrust, certain",N,"-9",certain,certain,,02.08.01,DAS01,,CAF5569,"1162.358480689643"
"5570","fault, thrust","fault, thrust, certain",N,"-9",certain,certain,,02.08.01,DAS01,,CAF5570,"1800.653098364102"
"5571","fault, thrust","fault, thrust, certain",N,"-9",certain,certain,,02.08.01,DAS01,,CAF5571,"5013.366677616847"
"5572","fault, thrust","fault, thrust, certain",N,"-9",certain,certain,,02.08.01,DAS01,,CAF5572,"2520.474837839811"
"5573","fault, thrust","fault, thrust, certain",N,"-9",certain,certain,,02.08.01,DAS01,,CAF5573,"4424.429729417494"
"5574","fault, thrust","fault, thrust, certain",N,"-9",certain,certain,,02.08.01,DAS01,,CAF5574,"1534.005895153866"
"5575","fault, thrust","fault, thrust, certain",N,"-9",certain,certain,,02.08.01,DAS01,merged multiple lines into one,CAF5575,"7565.687155643011"
"5576","fault, thrust","fault, thrust, certain",N,"-9",certain,certain,,02.08.01,DAS01,,CAF5576,"3848.208725756382"
"5577","fault, thrust","fault, thrust, certain",N,"-9",certain,certain,,02.08.01,DAS01,merged multiple lines into one,CAF5577,"23540.21399394695"
"5578","fault, thrust","fault, thrust, certain",N,"-9",certain,certain,,02.08.01,DAS01,,CAF5578,"9984.680016003991"
"5579","fault, thrust","fault, thrust, certain",N,"-9",certain,certain,,02.08.01,DAS01,,CAF5579,"2614.464123391464"
"5580","fault, thrust","fault, thrust, certain",N,"-9",certain,certain,,02.08.01,DAS01,merged multiple lines into one,CAF5580,"14286.49154025781"
"5581","fault, thrust","fault, thrust, certain",N,"-9",certain,certain,,02.08.01,DAS01,merged multiple lines into one,CAF5581,"2643.594883504474"
"5582","fault, thrust","fault, thrust, certain",N,"-9",certain,certain,,02.08.01,DAS01,,CAF5582,"14916.33878943847"
"5583","fault, thrust","fault, thrust, certain",N,"-9",certain,certain,,02.08.01,DAS01,,CAF5583,"1338.721427724357"
"5584","fault, thrust","fault, thrust, certain",N,"-9",certain,certain,,02.08.01,DAS01,merged multiple lines into one,CAF5584,"7622.235087003016"
"5585","fault, thrust","fault, thrust, certain",N,"-9",certain,certain,,02.08.01,DAS01,,CAF5585,"2946.935538152099"
"5586","fault, thrust","fault, thrust, certain",N,"-9",certain,certain,,02.08.01,DAS01,modified to match printed map,CAF5586,"465.073991927062"
"5587","fault, thrust","fault, thrust, certain",N,"-9",certain,certain,,02.08.01,DAS01,"merged multiple lines into one; modified to match printed map",CAF5587,"6757.08321091696"
"5588","fault, thrust","fault, thrust, certain",N,"-9",certain,certain,,02.08.01,DAS01,,CAF5588,"3350.468059613759"
"5589","fault, thrust","fault, thrust, certain",N,"-9",certain,certain,,02.08.01,DAS01,merged multiple lines into one,CAF5589,"5986.625237661574"
"5590","fault, thrust","fault, thrust, certain",N,"-9",certain,certain,,02.08.01,DAS01,,CAF5590,"3258.251770066593"
"5591","fault, thrust","fault, thrust, certain",N,"-9",certain,certain,,02.08.01,DAS01,,CAF5591,"7775.116313861568"
"5592","fault, thrust","fault, thrust, certain",N,"-9",certain,certain,,02.08.01,DAS01,,CAF5592,"2927.559821786912"
"5593","fault, thrust","fault, thrust, certain",N,"-9",certain,certain,,02.08.01,DAS01,,CAF5593,"3520.149350203404"
"5594","fault, thrust","fault, thrust, certain",N,"-9",certain,certain,,02.08.01,DAS01,merged multiple lines into one,CAF5594,"7556.589461943283"
"5595","fault, thrust","fault, thrust, certain",N,"-9",certain,certain,,02.08.01,DAS01,merged multiple lines into one,CAF5595,"2397.190657234557"
"5596","fault, thrust","fault, thrust, certain",N,"-9",certain,certain,,02.08.01,DAS01,,CAF5596,"2348.247366996161"
"5597","fault, thrust","fault, thrust, certain",N,"-9",certain,certain,,02.08.01,DAS01,,CAF5597,"1979.801746983534"
"5598","fault, thrust","fault, thrust, certain",N,"-9",certain,certain,,02.08.01,DAS01,,CAF5598,"13431.52950125885"
"5599","fault, thrust","fault, thrust, certain",N,"-9",certain,certain,,02.08.01,DAS01,,CAF5599,"735.5605749826069"
"5600","fault, thrust","fault, thrust, certain",N,"-9",certain,certain,,02.08.01,DAS01,merged multiple lines into one,CAF5600,"2502.16299018475"
"5601","fault, thrust","fault, thrust, certain",N,"-9",certain,certain,,02.08.01,DAS01,merged multiple lines into one,CAF5601,"1959.795946445542"
"5602","fault, thrust","fault, thrust, certain",N,"-9",certain,certain,,02.08.01,DAS01,modified to match printed map,CAF5602,"756.6065352215879"
"5603","fault, thrust","fault, thrust, certain",N,"-9",certain,certain,,02.08.01,DAS01,,CAF5603,"1525.98655883628"
"5604","fault, thrust","fault, thrust, certain",N,"-9",certain,certain,,02.08.01,DAS01,,CAF5604,"678.6399392282951"
"5605","fault, thrust","fault, thrust, certain",N,"-9",certain,certain,,02.08.01,DAS01,,CAF5605,"1403.98877570457"
"5606","fault, thrust","fault, thrust, certain",N,"-9",certain,certain,,02.08.01,DAS01,,CAF5606,"4785.803338914389"
"5607","fault, thrust","fault, thrust, certain",N,"-9",certain,certain,,02.08.01,DAS01,merged multiple lines into one,CAF5607,"4936.144384844505"
"5608","fault, thrust","fault, thrust, certain",N,"-9",certain,certain,,02.08.01,DAS01,merged multiple lines into one,CAF5608,"6093.890423654092"
"5609","fault, thrust","fault, thrust, certain",N,"-9",certain,certain,,02.08.01,DAS01,merged multiple lines into one,CAF5609,"2472.491051637458"
"5610","fault, thrust","fault, thrust, certain",N,"-9",certain,certain,,02.08.01,DAS01,flipped line to match printed map,CAF5610,"3023.646385970217"
"5611","fault, thrust","fault, thrust, certain",N,"-9",certain,certain,,02.08.01,DAS01,,CAF5611,"264.8607885806393"
"5612","fault, thrust","fault, thrust, certain",N,"-9",certain,certain,,02.08.01,DAS01,,CAF5612,"2543.545498326827"
"5613","fault, thrust","fault, thrust, certain",N,"-9",certain,certain,,02.08.01,DAS01,merged multiple lines into one,CAF5613,"2621.79252598731"
"5614","fault, thrust","fault, thrust, certain",N,"-9",certain,certain,,02.08.01,DAS01,,CAF5614,"2805.123588232855"
"5615","fault, thrust","fault, thrust, certain",N,"-9",certain,certain,,02.08.01,DAS01,,CAF5615,"1470.052973889044"
"5616","fault, thrust","fault, thrust, certain",N,"-9",certain,certain,,02.08.01,DAS01,,CAF5616,"3680.001227208902"
"5617","fault, thrust","fault, thrust, certain",N,"-9",certain,certain,,02.08.01,DAS01,merged multiple lines into one,CAF5617,"2836.598018999379"
"5618","fault, thrust","fault, thrust, certain",N,"-9",certain,certain,,02.08.01,DAS01,,CAF5618,"527.30664789394"
"5619","fault, thrust","fault, thrust, certain",N,"-9",certain,certain,,02.08.01,DAS01,,CAF5619,"1319.647710866015"
"5620","fault, thrust","fault, thrust, certain",N,"-9",certain,certain,,02.08.01,DAS01,,CAF5620,"3830.132168822544"
"5621","fault, thrust","fault, thrust, certain",N,"-9",certain,certain,,02.08.01,DAS01,,CAF5621,"2197.096583980575"
"5622","fault, thrust","fault, thrust, certain",N,"-9",certain,certain,,02.08.01,DAS01,,CAF5622,"5883.787012968963"
"5623","fault, thrust","fault, thrust, certain",N,"-9",certain,certain,,02.08.01,DAS01,,CAF5623,"3513.226954815444"
"5624","fault, thrust","fault, thrust, certain",N,"-9",certain,certain,,02.08.01,DAS01,,CAF5624,"2259.624954719996"
"5625","fault, thrust","fault, thrust, certain",N,"-9",certain,certain,,02.08.01,DAS01,merged multiple lines into one,CAF5625,"6157.800190273724"
"5626","fault, thrust","fault, thrust, certain",N,"-9",certain,certain,,02.08.01,DAS01,,CAF5626,"1973.637376254685"
"5627","fault, thrust","fault, thrust, certain",N,"-9",certain,certain,,02.08.01,DAS01,,CAF5627,"6172.854877316125"
"5628","fault, thrust","fault, thrust, certain",N,"-9",certain,certain,,02.08.01,DAS01,flipped line to match printed map,CAF5628,"2502.86473158143"
"5629","fault, thrust","fault, thrust, certain",N,"-9",certain,certain,,02.08.01,DAS01,merged multiple lines into one,CAF5629,"9040.058160434153"
"5630","fault, thrust","fault, thrust, certain",N,"-9",certain,certain,,02.08.01,DAS01,,CAF5630,"272.8840327070823"
"5631","fault, thrust","fault, thrust, certain",N,"-9",certain,certain,,02.08.01,DAS01,merged multiple lines into one,CAF5631,"5901.330874654939"
"5632","fault, thrust","fault, thrust, certain",N,"-9",certain,certain,,02.08.01,DAS01,merged multiple lines into one,CAF5632,"2929.366349863718"
"5633","fault, thrust","fault, thrust, certain",N,"-9",certain,certain,,02.08.01,DAS01,,CAF5633,"688.3829642994116"
"5634","fault, thrust","fault, thrust, certain",N,"-9",certain,certain,,02.08.01,DAS01,,CAF5634,"2116.594138590099"
"5635","fault, thrust","fault, thrust, certain",N,"-9",certain,certain,,02.08.01,DAS01,,CAF5635,"4015.891873749981"
"5636","fault, thrust","fault, thrust, certain",N,"-9",certain,certain,,02.08.01,DAS01,merged multiple lines into one,CAF5636,"4023.280799934257"
"5637","fault, thrust","fault, thrust, certain",N,"-9",certain,certain,,02.08.01,DAS01,,CAF5637,"541.2461053860729"
"5638","fault, thrust","fault, thrust, certain",N,"-9",certain,certain,,02.08.01,DAS01,merged multiple lines into one,CAF5638,"2932.267629107668"
"5639","fault, thrust","fault, thrust, certain",N,"-9",certain,certain,,02.08.01,DAS01,,CAF5639,"790.826594220811"
"5640","fault, thrust","fault, thrust, certain",N,"-9",certain,certain,,02.08.01,DAS01,merged multiple lines into one,CAF5640,"13729.06175506675"
"5641","fault, thrust","fault, thrust, certain",N,"-9",certain,certain,,02.08.01,DAS01,,CAF5641,"4545.892819997332"
"5642","fault, thrust","fault, thrust, certain",N,"-9",certain,certain,,02.08.01,DAS01,,CAF5642,"10137.73710706957"
"5643","fault, thrust","fault, thrust, certain",N,"-9",certain,certain,,02.08.01,DAS01,merged multiple lines into one,CAF5643,"4316.422828112444"
"5644","fault, thrust","fault, thrust, certain",N,"-9",certain,certain,,02.08.01,DAS01,merged multiple lines into one,CAF5644,"19288.38125025575"
"5645","fault, thrust","fault, thrust, certain",N,"-9",certain,certain,,02.08.01,DAS01,,CAF5645,"396.7073510029887"
"5646","fault, thrust","fault, thrust, certain",N,"-9",certain,certain,,02.08.01,DAS01,,CAF5646,"409.8379580760685"
"5647","fault, thrust","fault, thrust, certain",N,"-9",certain,certain,,02.08.01,DAS01,,CAF5647,"3860.952383433842"
"5648","fault, thrust","fault, thrust, certain",N,"-9",certain,certain,,02.08.01,DAS01,merged multiple lines into one,CAF5648,"11687.84382850343"
"5649","fault, thrust","fault, thrust, certain",N,"-9",certain,certain,,02.08.01,DAS01,,CAF5649,"5807.010611874115"
"5650","fault, thrust","fault, thrust, certain",N,"-9",certain,certain,,02.08.01,DAS01,,CAF5650,"906.0179575467057"
"5651","fault, thrust","fault, thrust, certain",N,"-9",certain,certain,,02.08.01,DAS01,,CAF5651,"472.7858511245952"
"5652","fault, thrust","fault, thrust, certain",N,"-9",certain,certain,,02.08.01,DAS01,merged multiple lines into one,CAF5652,"16174.32336209041"
"5653","fault, thrust","fault, thrust, certain",N,"-9",certain,certain,,02.08.01,DAS01,,CAF5653,"9551.509010005151"
"5654","fault, thrust","fault, thrust, certain",N,"-9",certain,certain,,02.08.01,DAS01,modified to match printed map,CAF5654,"269.0060445930461"
"5655","fault, thrust","fault, thrust, certain",N,"-9",certain,certain,,02.08.01,DAS01,,CAF5655,"1336.983651774977"
"5656","fault, thrust","fault, thrust, certain",N,"-9",certain,certain,,02.08.01,DAS01,,CAF5656,"2884.97597683288"
"5657","fault, thrust","fault, thrust, certain",N,"-9",certain,certain,,02.08.01,DAS01,,CAF5657,"4453.029994235693"
"5658","fault, thrust","fault, thrust, certain",N,"-9",certain,certain,,02.08.01,DAS01,merged multiple lines into one,CAF5658,"4790.120423421391"
"5659","fault, thrust","fault, thrust, certain",N,"-9",certain,certain,,02.08.01,DAS01,,CAF5659,"3637.901066016272"
"5660","fault, thrust","fault, thrust, certain",N,"-9",certain,certain,,02.08.01,DAS01,,CAF5660,"3455.590029579623"
"5661","fault, thrust","fault, thrust, certain",N,"-9",certain,certain,,02.08.01,DAS01,merged multiple lines into one,CAF5661,"8941.109989334831"
"5662","fault, thrust","fault, thrust, certain",N,"-9",certain,certain,,02.08.01,DAS01,,CAF5662,"2109.727451479792"
"5663","fault, thrust","fault, thrust, certain",N,"-9",certain,certain,,02.08.01,DAS01,"merged multiple lines into one; modified to match printed map",CAF5663,"8932.359504040644"
"5664","fault, thrust","fault, thrust, certain",N,"-9",certain,certain,,02.08.01,DAS01,merged multiple lines into one,CAF5664,"5526.155292387669"
"5665","fault, thrust","fault, thrust, certain",N,"-9",certain,certain,,02.08.01,DAS01,,CAF5665,"3226.361434070198"
"5666","fault, thrust","fault, thrust, certain",N,"-9",certain,certain,,02.08.01,DAS01,,CAF5666,"4018.185333258432"
"5667","fault, thrust","fault, thrust, certain",N,"-9",certain,certain,,02.08.01,DAS01,,CAF5667,"3398.533274645969"
"5668","fault, thrust","fault, thrust, certain",N,"-9",certain,certain,,02.08.01,DAS01,,CAF5668,"8266.690798745403"
"5669","fault, thrust","fault, thrust, certain",N,"-9",certain,certain,,02.08.01,DAS01,merged multiple lines into one,CAF5669,"33106.81596427071"
"5670","fault, thrust","fault, thrust, certain",N,"-9",certain,certain,,02.08.01,DAS01,merged multiple lines into one,CAF5670,"7538.539416477253"
"5671","fault, thrust","fault, thrust, certain",N,"-9",certain,certain,,02.08.01,DAS01,,CAF5671,"2036.162946058611"
"5672","fault, thrust","fault, thrust, certain",N,"-9",certain,certain,,02.08.01,DAS01,merged multiple lines into one,CAF5672,"21255.84265577034"
"5673","fault, thrust","fault, thrust, certain",N,"-9",certain,certain,,02.08.01,DAS01,merged multiple lines into one,CAF5673,"1704.706346493438"
"5674","fault, thrust","fault, thrust, certain",N,"-9",certain,certain,,02.08.01,DAS01,,CAF5674,"2800.798001158089"
"5675","fault, thrust","fault, thrust, certain",N,"-9",certain,certain,,02.08.01,DAS01,merged multiple lines into one,CAF5675,"2290.202825903192"
"5676","fault, thrust","fault, thrust, certain",N,"-9",certain,certain,,02.08.01,DAS01,,CAF5676,"3672.004529305961"
"5677","fault, thrust","fault, thrust, certain",N,"-9",certain,certain,,02.08.01,DAS01,merged multiple lines into one,CAF5677,"2151.680563770309"
"5678","fault, thrust","fault, thrust, certain",N,"-9",certain,certain,,02.08.01,DAS01,,CAF5678,"1484.408379078027"
"5679","fault, thrust","fault, thrust, certain",N,"-9",certain,certain,,02.08.01,DAS01,merged multiple lines into one,CAF5679,"7120.196033633093"
"5680","fault, thrust","fault, thrust, certain",N,"-9",certain,certain,,02.08.01,DAS01,,CAF5680,"449.8463608593477"
"5681","fault, thrust","fault, thrust, certain",N,"-9",certain,certain,,02.08.01,DAS01,,CAF5681,"3817.332519074553"
"5682","fault, thrust","fault, thrust, certain",N,"-9",certain,certain,,02.08.01,DAS01,,CAF5682,"7463.313261085295"
"5683","fault, thrust","fault, thrust, certain",N,"-9",certain,certain,,02.08.01,DAS01,,CAF5683,"463.7563077692568"
"5684","fault, thrust","fault, thrust, certain",N,"-9",certain,certain,,02.08.01,DAS01,merged multiple lines into one,CAF5684,"1483.073276881412"
"5685","fault, thrust","fault, thrust, certain",N,"-9",certain,certain,,02.08.01,DAS01,,CAF5685,"8809.876659653561"
"5686","fault, thrust","fault, thrust, certain",N,"-9",certain,certain,,02.08.01,DAS01,,CAF5686,"1416.400686094235"
"5687","fault, thrust","fault, thrust, certain",N,"-9",certain,certain,,02.08.01,DAS01,,CAF5687,"3417.268266987375"
"5688","fault, thrust","fault, thrust, certain",N,"-9",certain,certain,,02.08.01,DAS01,,CAF5688,"2229.825129225068"
"5689","fault, thrust","fault, thrust, certain",N,"-9",certain,certain,,02.08.01,DAS01,,CAF5689,"7865.432907546531"
"5690","fault, thrust","fault, thrust, certain",N,"-9",certain,certain,,02.08.01,DAS01,,CAF5690,"1942.579619848586"
"5691","fault, thrust","fault, thrust, certain",N,"-9",certain,certain,,02.08.01,DAS01,,CAF5691,"2585.358185932294"
"5692","fault, thrust","fault, thrust, certain",N,"-9",certain,certain,,02.08.01,DAS01,,CAF5692,"1990.733639648527"
"5693","fault, thrust","fault, thrust, certain",N,"-9",certain,certain,,02.08.01,DAS01,,CAF5693,"621.0274219895538"
"5694","fault, thrust","fault, thrust, certain",N,"-9",certain,certain,,02.08.01,DAS01,,CAF5694,"16053.99952561455"
"5695","fault, thrust","fault, thrust, certain",N,"-9",certain,certain,,02.08.01,DAS01,,CAF5695,"9158.585181872137"
"5696","fault, thrust","fault, thrust, certain",N,"-9",certain,certain,,02.08.01,DAS01,,CAF5696,"3786.461319286795"
"5697","fault, thrust","fault, thrust, certain",N,"-9",certain,certain,,02.08.01,DAS01,,CAF5697,"2529.130436609303"
"5698","fault, thrust","fault, thrust, certain",N,"-9",certain,certain,,02.08.01,DAS01,,CAF5698,"1345.934678666987"
"5699","fault, thrust","fault, thrust, certain",N,"-9",certain,certain,,02.08.01,DAS01,,CAF5699,"2315.446710867225"
"5700","fault, thrust","fault, thrust, certain",N,"-9",certain,certain,,02.08.01,DAS01,,CAF5700,"23239.15870231585"
"5701","fault, thrust","fault, thrust, certain",N,"-9",certain,certain,,02.08.01,DAS01,merged multiple lines into one,CAF5701,"5705.760532403248"
"5702","fault, thrust","fault, thrust, certain",N,"-9",certain,certain,,02.08.01,DAS01,,CAF5702,"2810.580087049542"
"5703","fault, thrust","fault, thrust, certain",N,"-9",certain,certain,,02.08.01,DAS01,,CAF5703,"2027.714152468351"
"5704","fault, thrust","fault, thrust, certain",N,"-9",certain,certain,,02.08.01,DAS01,merged multiple lines into one,CAF5704,"1093.053586872588"
"5705","fault, thrust","fault, thrust, certain",N,"-9",certain,certain,,02.08.01,DAS01,merged multiple lines into one,CAF5705,"7583.42501689343"
"5706","fault, thrust","fault, thrust, certain",N,"-9",certain,certain,,02.08.01,DAS01,,CAF5706,"12215.56720053941"
"5707","fault, thrust","fault, thrust, certain",N,"-9",certain,certain,,02.08.01,DAS01,,CAF5707,"101.7369777195206"
"5708","fault, thrust","fault, thrust, certain",N,"-9",certain,certain,,02.08.01,DAS01,,CAF5708,"8174.859251983259"
"5709","fault, thrust","fault, thrust, certain",N,"-9",certain,certain,,02.08.01,DAS01,,CAF5709,"939.9935687929983"
"5710","fault, thrust","fault, thrust, certain",N,"-9",certain,certain,,02.08.01,DAS01,,CAF5710,"1103.3319124303"
"5711","fault, thrust","fault, thrust, certain",N,"-9",certain,certain,,02.08.01,DAS01,merged multiple lines into one,CAF5711,"12760.40718594876"
"5712","fault, thrust","fault, thrust, certain",N,"-9",certain,certain,,02.08.01,DAS01,merged multiple lines into one,CAF5712,"2844.751452232522"
"5713","fault, thrust","fault, thrust, certain",N,"-9",certain,certain,,02.08.01,DAS01,,CAF5713,"2233.440595899503"
"5714","fault, thrust","fault, thrust, certain",N,"-9",certain,certain,,02.08.01,DAS01,merged multiple lines into one,CAF5714,"1848.968899388098"
"5715","fault, thrust","fault, thrust, certain",N,"-9",certain,certain,,02.08.01,DAS01,merged multiple lines into one,CAF5715,"841.6538209754267"
"5716","fault, thrust","fault, thrust, certain",N,"-9",certain,certain,,02.08.01,DAS01,merged multiple lines into one,CAF5716,"6549.591151884997"
"5717","fault, thrust","fault, thrust, certain",N,"-9",certain,certain,,02.08.01,DAS01,merged multiple lines into one,CAF5717,"6686.810499179996"
"5718","fault, thrust","fault, thrust, certain",N,"-9",certain,certain,,02.08.01,DAS01,merged multiple lines into one,CAF5718,"10155.9548727888"
"5719","fault, thrust","fault, thrust, certain",N,"-9",certain,certain,,02.08.01,DAS01,merged multiple lines into one,CAF5719,"4418.06633781529"
"5720","fault, thrust","fault, thrust, certain",N,"-9",certain,certain,,02.08.01,DAS01,merged multiple lines into one,CAF5720,"8140.539682203813"
"5721","fault, thrust","fault, thrust, certain",N,"-9",certain,certain,,02.08.01,DAS01,merged multiple lines into one,CAF5721,"3137.681565326247"
"5722","fault, thrust","fault, thrust, certain",N,"-9",certain,certain,,02.08.01,DAS01,,CAF5722,"175.3497106882659"
"5723","fault, thrust","fault, thrust, certain",N,"-9",certain,certain,,02.08.01,DAS01,merged multiple lines into one,CAF5723,"19874.96443374866"
"5724","fault, thrust","fault, thrust, certain",N,"-9",certain,certain,,02.08.01,DAS01,modified to match printed map,CAF5724,"1815.747603314132"
"5725","fault, thrust","fault, thrust, certain",N,"-9",certain,certain,,02.08.01,DAS01,,CAF5725,"2319.596299102976"
"5726","fault, thrust","fault, thrust, certain",N,"-9",certain,certain,,02.08.01,DAS01,,CAF5726,"1185.986438526717"
"5727","fault, thrust","fault, thrust, certain",N,"-9",certain,certain,,02.08.01,DAS01,,CAF5727,"20818.98510083625"
"5728","fault, thrust","fault, thrust, certain",N,"-9",certain,certain,,02.08.01,DAS01,,CAF5728,"3298.73864811956"
"5729","fault, thrust","fault, thrust, certain",N,"-9",certain,certain,,02.08.01,DAS01,,CAF5729,"8913.723832378459"
"5730","fault, thrust","fault, thrust, certain",N,"-9",certain,certain,,02.08.01,DAS01,,CAF5730,"617.309330951717"
"5731","fault, thrust","fault, thrust, certain",N,"-9",certain,certain,,02.08.01,DAS01,,CAF5731,"2421.677945405406"
"5732","fault, thrust","fault, thrust, certain",N,"-9",certain,certain,,02.08.01,DAS01,,CAF5732,"1805.547170630128"
"5733","fault, thrust","fault, thrust, certain",N,"-9",certain,certain,,02.08.01,DAS01,,CAF5733,"2445.580629989868"
"5734","fault, thrust","fault, thrust, certain",N,"-9",certain,certain,,02.08.01,DAS01,,CAF5734,"1652.591280124974"
"5735","fault, thrust","fault, thrust, certain",N,"-9",certain,certain,,02.08.01,DAS01,merged multiple lines into one,CAF5735,"5737.958002074595"
"5736","fault, thrust","fault, thrust, certain",N,"-9",certain,certain,,02.08.01,DAS01,,CAF5736,"10110.55444033066"
"5737","fault, thrust","fault, thrust, certain",N,"-9",certain,certain,,02.08.01,DAS01,merged multiple lines into one,CAF5737,"33511.73199716752"
"5738","fault, thrust","fault, thrust, certain",N,"-9",certain,certain,,02.08.01,DAS01,merged multiple lines into one,CAF5738,"7954.380715689226"
"5739","fault, thrust","fault, thrust, certain",N,"-9",certain,certain,,02.08.01,DAS01,,CAF5739,"1113.419743649244"
"5740","fault, thrust","fault, thrust, certain",N,"-9",certain,certain,,02.08.01,DAS01,merged multiple lines into one,CAF5740,"41345.19663720222"
"5741","fault, thrust","fault, thrust, certain",N,"-9",certain,certain,,02.08.01,DAS01,merged multiple lines into one,CAF5741,"15414.70508535745"
"5742","fault, thrust","fault, thrust, certain",N,"-9",certain,certain,,02.08.01,DAS01,merged multiple lines into one,CAF5742,"4439.319237411601"
"5743","fault, thrust","fault, thrust, certain",N,"-9",certain,certain,,02.08.01,DAS01,,CAF5743,"2754.146353141639"
"5744","fault, thrust","fault, thrust, certain",N,"-9",certain,certain,,02.08.01,DAS01,merged multiple lines into one,CAF5744,"32947.39928296207"
"5745","fault, thrust","fault, thrust, certain",N,"-9",certain,certain,,02.08.01,DAS01,,CAF5745,"6403.459181518912"
"5746","fault, thrust","fault, thrust, certain",N,"-9",certain,certain,,02.08.01,DAS01,merged multiple lines into one,CAF5746,"2957.96743928835"
"5747","fault, thrust","fault, thrust, certain",N,"-9",certain,certain,,02.08.01,DAS01,merged multiple lines into one,CAF5747,"14440.71391074363"
"5748","fault, thrust","fault, thrust, certain",N,"-9",certain,certain,,02.08.01,DAS01,,CAF5748,"843.4118449319252"
"5749","fault, thrust","fault, thrust, certain",N,"-9",certain,certain,,02.08.01,DAS01,,CAF5749,"3735.86211849279"
"5750","fault, thrust","fault, thrust, certain",N,"-9",certain,certain,,02.08.01,DAS01,,CAF5750,"23113.47543217309"
"5751","fault, thrust","fault, thrust, certain",N,"-9",certain,certain,,02.08.01,DAS01,flipped line to match printed map and merged multiple lines into one,CAF5751,"6660.262686805519"
"5752","fault, thrust","fault, thrust, certain",N,"-9",certain,certain,,02.08.01,DAS01,merged multiple lines into one,CAF5752,"2878.382197550986"
"5753","fault, thrust","fault, thrust, certain",N,"-9",certain,certain,,02.08.01,DAS01,,CAF5753,"17949.58840738028"
"5754","fault, thrust","fault, thrust, certain",N,"-9",certain,certain,,02.08.01,DAS01,,CAF5754,"1431.478331902637"
"5755","fault, thrust","fault, thrust, certain",N,"-9",certain,certain,,02.08.01,DAS01,,CAF5755,"2209.910736279469"
"5756","fault, thrust","fault, thrust, certain",N,"-9",certain,certain,,02.08.01,DAS01,merged multiple lines into one,CAF5756,"9000.44061273477"
"5757","fault, thrust","fault, thrust, certain",N,"-9",certain,certain,,02.08.01,DAS01,,CAF5757,"255.1683107121868"
"5758","fault, thrust","fault, thrust, certain",N,"-9",certain,certain,,02.08.01,DAS01,,CAF5758,"458.307453355167"
"5759","fault, thrust","fault, thrust, certain",N,"-9",certain,certain,,02.08.01,DAS01,,CAF5759,"1885.883265484603"
"5760","fault, thrust","fault, thrust, certain",N,"-9",certain,certain,,02.08.01,DAS01,,CAF5760,"6105.482684891358"
"5761","fault, thrust","fault, thrust, certain",N,"-9",certain,certain,,02.08.01,DAS01,,CAF5761,"2287.560375367994"
"5762","fault, thrust","fault, thrust, certain",N,"-9",certain,certain,,02.08.01,DAS01,merged multiple lines into one,CAF5762,"3184.800419395944"
"5763","fault, thrust","fault, thrust, certain",N,"-9",certain,certain,,02.08.01,DAS01,merged multiple lines into one,CAF5763,"20278.69376031139"
"5764","fault, thrust","fault, thrust, certain",N,"-9",certain,certain,,02.08.01,DAS01,,CAF5764,"1780.30462526962"
"5765","fault, thrust","fault, thrust, certain",N,"-9",certain,certain,,02.08.01,DAS01,merged multiple lines into one,CAF5765,"27548.49177324463"
"5766","fault, thrust","fault, thrust, certain",N,"-9",certain,certain,,02.08.01,DAS01,merged multiple lines into one,CAF5766,"2658.223419884897"
"5767","fault, thrust","fault, thrust, certain",N,"-9",certain,certain,,02.08.01,DAS01,,CAF5767,"3446.298678759943"
"5768","fault, thrust","fault, thrust, certain",N,"-9",certain,certain,,02.08.01,DAS01,,CAF5768,"951.8685404334308"
"5769","fault, thrust","fault, thrust, certain",N,"-9",certain,certain,,02.08.01,DAS01,merged multiple lines into one,CAF5769,"2128.65627538306"
"5770","fault, thrust","fault, thrust, certain",N,"-9",certain,certain,,02.08.01,DAS01,,CAF5770,"7704.783617500442"
"5771","fault, thrust","fault, thrust, certain",N,"-9",certain,certain,,02.08.01,DAS01,merged multiple lines into one,CAF5771,"5022.785774119357"
"5772","fault, thrust","fault, thrust, certain",N,"-9",certain,certain,,02.08.01,DAS01,,CAF5772,"1351.070103779716"
"5773","fault, thrust","fault, thrust, certain",N,"-9",certain,certain,,02.08.01,DAS01,,CAF5773,"5332.114336970586"
"5774","fault, thrust","fault, thrust, certain",N,"-9",certain,certain,,02.08.01,DAS01,,CAF5774,"1624.196628007341"
"5775","fault, thrust","fault, thrust, certain",N,"-9",certain,certain,,02.08.01,DAS01,,CAF5775,"1384.598621310768"
"5776","fault, thrust","fault, thrust, certain",N,"-9",certain,certain,,02.08.01,DAS01,merged multiple lines into one,CAF5776,"13430.53228613711"
"5777","fault, thrust","fault, thrust, certain",N,"-9",certain,certain,,02.08.01,DAS01,,CAF5777,"5067.744138959501"
"5778","fault, thrust","fault, thrust, certain",N,"-9",certain,certain,,02.08.01,DAS01,,CAF5778,"3190.716623383956"
"5779","fault, thrust","fault, thrust, certain",N,"-9",certain,certain,,02.08.01,DAS01,,CAF5779,"3040.105142071581"
"5780","fault, thrust","fault, thrust, certain",N,"-9",certain,certain,,02.08.01,DAS01,,CAF5780,"3830.288034345833"
"5781","fault, thrust","fault, thrust, certain",N,"-9",certain,certain,,02.08.01,DAS01,,CAF5781,"269.1862501494552"
"5782","fault, thrust","fault, thrust, certain",N,"-9",certain,certain,,02.08.01,DAS01,,CAF5782,"890.7247847018632"
"5783","fault, thrust","fault, thrust, certain",N,"-9",certain,certain,,02.08.01,DAS01,merged multiple lines into one,CAF5783,"3157.221929648273"
"5784","fault, thrust","fault, thrust, certain",N,"-9",certain,certain,,02.08.01,DAS01,,CAF5784,"12199.64900482082"
"5785","fault, thrust","fault, thrust, certain",N,"-9",certain,certain,,02.08.01,DAS01,merged multiple lines into one,CAF5785,"5691.53101170197"
"5786","fault, thrust","fault, thrust, certain",N,"-9",certain,certain,,02.08.01,DAS01,,CAF5786,"553.3605435532005"
"5787","fault, thrust","fault, thrust, certain",N,"-9",certain,certain,,02.08.01,DAS01,,CAF5787,"2711.428568670396"
"5788","fault, thrust","fault, thrust, certain",N,"-9",certain,certain,,02.08.01,DAS01,merged multiple lines into one,CAF5788,"2008.377890117001"
"5789","fault, thrust","fault, thrust, certain",N,"-9",certain,certain,,02.08.01,DAS01,merged multiple lines into one,CAF5789,"6347.953951382048"
"5790","fault, thrust","fault, thrust, certain",N,"-9",certain,certain,,02.08.01,DAS01,,CAF5790,"7601.823936829644"
"5791","fault, thrust","fault, thrust, certain",N,"-9",certain,certain,,02.08.01,DAS01,,CAF5791,"13656.52033248305"
"5792","fault, thrust","fault, thrust, certain",N,"-9",certain,certain,,02.08.01,DAS01,,CAF5792,"3464.803856531096"
"5793","fault, thrust","fault, thrust, certain",N,"-9",certain,certain,,02.08.01,DAS01,merged multiple lines into one,CAF5793,"4157.17648290836"
"5794","fault, thrust","fault, thrust, certain",N,"-9",certain,certain,,02.08.01,DAS01,merged multiple lines into one,CAF5794,"2367.249082102134"
"5795","fault, thrust","fault, thrust, certain",N,"-9",certain,certain,,02.08.01,DAS01,,CAF5795,"705.0755769147149"
"5796","fault, thrust","fault, thrust, certain",N,"-9",certain,certain,,02.08.01,DAS01,,CAF5796,"1317.420732433464"
"5797","fault, thrust","fault, thrust, certain",N,"-9",certain,certain,,02.08.01,DAS01,,CAF5797,"5030.243879728907"
"5798","fault, thrust","fault, thrust, certain",N,"-9",certain,certain,,02.08.01,DAS01,merged multiple lines into one,CAF5798,"10079.89755963803"
"5799","fault, thrust","fault, thrust, certain",N,"-9",certain,certain,,02.08.01,DAS01,modified to match printed map,CAF5799,"4046.905081109748"
"5800","fault, thrust","fault, thrust, certain",N,"-9",certain,certain,,02.08.01,DAS01,,CAF5800,"1294.320277240492"
"5801","fault, thrust","fault, thrust, certain",N,"-9",certain,certain,,02.08.01,DAS01,merged multiple lines into one,CAF5801,"2950.77175833911"
"5802","fault, thrust","fault, thrust, certain",N,"-9",certain,certain,,02.08.01,DAS01,,CAF5802,"801.5548164397204"
"5803","fault, thrust","fault, thrust, certain",N,"-9",certain,certain,,02.08.01,DAS01,,CAF5803,"685.8619768195655"
"5804","fault, thrust","fault, thrust, certain",N,"-9",certain,certain,,02.08.01,DAS01,merged multiple lines into one,CAF5804,"10837.03262116848"
"5805","fault, thrust","fault, thrust, certain",N,"-9",certain,certain,,02.08.01,DAS01,,CAF5805,"1382.235226696126"
"5806","fault, thrust","fault, thrust, certain",N,"-9",certain,certain,,02.08.01,DAS01,,CAF5806,"4443.251081529589"
"5807","fault, thrust","fault, thrust, certain",N,"-9",certain,certain,,02.08.01,DAS01,,CAF5807,"1766.958988368026"
"5808","fault, thrust","fault, thrust, certain",N,"-9",certain,certain,,02.08.01,DAS01,merged multiple lines into one,CAF5808,"15663.36792302752"
"5809","fault, thrust","fault, thrust, certain",N,"-9",certain,certain,,02.08.01,DAS01,merged multiple lines into one,CAF5809,"10460.93239136906"
"5810","fault, thrust","fault, thrust, certain",N,"-9",certain,certain,,02.08.01,DAS01,merged multiple lines into one,CAF5810,"3288.053830972241"
"5811","fault, thrust","fault, thrust, certain",N,"-9",certain,certain,,02.08.01,DAS01,merged multiple lines into one,CAF5811,"1958.3496513748"
"5812","fault, thrust","fault, thrust, certain",N,"-9",certain,certain,,02.08.01,DAS01,modified to match printed map,CAF5812,"1448.485546296576"
"5813","fault, thrust","fault, thrust, certain",N,"-9",certain,certain,,02.08.01,DAS01,,CAF5813,"1757.942115649627"
"5814","fault, thrust","fault, thrust, certain",N,"-9",certain,certain,,02.08.01,DAS01,,CAF5814,"8049.491007964363"
"5815","fault, thrust","fault, thrust, certain",N,"-9",certain,certain,,02.08.01,DAS01,,CAF5815,"813.8395252334572"
"5816","fault, thrust","fault, thrust, certain",N,"-9",certain,certain,,02.08.01,DAS01,merged multiple lines into one,CAF5816,"19364.64515434662"
"5817","fault, thrust","fault, thrust, certain",N,"-9",certain,certain,,02.08.01,DAS01,merged multiple lines into one,CAF5817,"3716.935576410473"
"5818","fault, thrust","fault, thrust, certain",N,"-9",certain,certain,,02.08.01,DAS01,,CAF5818,"4316.497273831596"
"5819","fault, thrust","fault, thrust, certain",N,"-9",certain,certain,,02.08.01,DAS01,"merged multiple lines into one; modified to match printed map",CAF5819,"4764.926014184137"
"5820","fault, thrust","fault, thrust, certain",N,"-9",certain,certain,,02.08.01,DAS01,,CAF5820,"3703.388612171188"
"5821","fault, thrust","fault, thrust, certain",N,"-9",certain,certain,,02.08.01,DAS01,,CAF5821,"593.1360881156075"
"5822","fault, thrust","fault, thrust, certain",N,"-9",certain,certain,,02.08.01,DAS01,merged multiple lines into one,CAF5822,"6679.186356684469"
"5823","fault, thrust","fault, thrust, certain",N,"-9",certain,certain,,02.08.01,DAS01,,CAF5823,"4089.47870373329"
"5824","fault, thrust","fault, thrust, certain",N,"-9",certain,certain,,02.08.01,DAS01,merged multiple lines into one,CAF5824,"18281.79363682291"
"5825","fault, thrust","fault, thrust, certain",N,"-9",certain,certain,,02.08.01,DAS01,merged multiple lines into one,CAF5825,"12151.08245641914"
"5826","fault, thrust","fault, thrust, certain",N,"-9",certain,certain,,02.08.01,DAS01,,CAF5826,"696.7635081640724"
"5827","fault, thrust","fault, thrust, certain",N,"-9",certain,certain,,02.08.01,DAS01,,CAF5827,"1406.283976453786"
"5828","fault, thrust","fault, thrust, certain",N,"-9",certain,certain,,02.08.01,DAS01,,CAF5828,"16280.15572902281"
"5829","fault, thrust","fault, thrust, certain",N,"-9",certain,certain,,02.08.01,DAS01,,CAF5829,"422.4143298615177"
"5830","fault, thrust","fault, thrust, certain",N,"-9",certain,certain,,02.08.01,DAS01,,CAF5830,"15495.61000341964"
"5831","fault, thrust","fault, thrust, certain",N,"-9",certain,certain,,02.08.01,DAS01,,CAF5831,"2143.498043660902"
"5832","fault, thrust","fault, thrust, certain",N,"-9",certain,certain,,02.08.01,DAS01,,CAF5832,"2209.997621390621"
"5833","fault, thrust","fault, thrust, certain",N,"-9",certain,certain,,02.08.01,DAS01,merged multiple lines into one,CAF5833,"9881.751070288292"
"5834","fault, thrust","fault, thrust, certain",N,"-9",certain,certain,,02.08.01,DAS01,,CAF5834,"607.6788854562392"
"5835","fault, thrust","fault, thrust, certain",N,"-9",certain,certain,,02.08.01,DAS01,,CAF5835,"6350.403490391826"
"5836","fault, thrust","fault, thrust, certain",N,"-9",certain,certain,,02.08.01,DAS01,,CAF5836,"4231.375323464595"
"5837","fault, thrust","fault, thrust, certain",N,"-9",certain,certain,,02.08.01,DAS01,,CAF5837,"5821.393742164258"
"5838","fault, thrust","fault, thrust, certain",N,"-9",certain,certain,,02.08.01,DAS01,,CAF5838,"1204.077403411408"
"5839","fault, thrust","fault, thrust, certain",N,"-9",certain,certain,,02.08.01,DAS01,,CAF5839,"2280.319065987822"
"5840","fault, thrust","fault, thrust, certain",N,"-9",certain,certain,,02.08.01,DAS01,,CAF5840,"1614.330787430091"
"5841","fault, thrust","fault, thrust, certain",N,"-9",certain,certain,,02.08.01,DAS01,merged multiple lines into one,CAF5841,"3206.733192136313"
"5842","fault, thrust","fault, thrust, certain",N,"-9",certain,certain,,02.08.01,DAS01,merged multiple lines into one,CAF5842,"710.0110588208015"
"5843","fault, thrust","fault, thrust, certain",N,"-9",certain,certain,,02.08.01,DAS01,,CAF5843,"810.3624333433926"
"5844","fault, thrust","fault, thrust, certain",N,"-9",certain,certain,,02.08.01,DAS01,,CAF5844,"3100.993666164479"
"5845","fault, thrust","fault, thrust, certain",N,"-9",certain,certain,,02.08.01,DAS01,,CAF5845,"2918.853770421468"
"5846","fault, thrust","fault, thrust, certain",N,"-9",certain,certain,,02.08.01,DAS01,,CAF5846,"4715.726725906612"
"5847","fault, thrust","fault, thrust, certain",N,"-9",certain,certain,,02.08.01,DAS01,,CAF5847,"434.0773618784142"
"5848","fault, thrust","fault, thrust, certain",N,"-9",certain,certain,,02.08.01,DAS01,,CAF5848,"3664.165421568047"
"5849","fault, thrust","fault, thrust, certain",N,"-9",certain,certain,,02.08.01,DAS01,,CAF5849,"3581.732764252201"
"5850","fault, thrust","fault, thrust, certain",N,"-9",certain,certain,,02.08.01,DAS01,,CAF5850,"6303.13652940074"
"5851","fault, thrust","fault, thrust, certain",N,"-9",certain,certain,,02.08.01,DAS01,,CAF5851,"1737.953976394966"
"5852","fault, thrust","fault, thrust, certain",N,"-9",certain,certain,,02.08.01,DAS01,,CAF5852,"4239.846390280279"
"5853","fault, thrust","fault, thrust, certain",N,"-9",certain,certain,,02.08.01,DAS01,merged multiple lines into one,CAF5853,"1547.612919121207"
"5854","fault, thrust","fault, thrust, certain",N,"-9",certain,certain,,02.08.01,DAS01,,CAF5854,"577.9083706756778"
"5855","fault, thrust","fault, thrust, certain",N,"-9",certain,certain,,02.08.01,DAS01,,CAF5855,"4436.056234509839"
"5856","fault, thrust","fault, thrust, certain",N,"-9",certain,certain,,02.08.01,DAS01,,CAF5856,"524.2679184184849"
"5857","fault, thrust","fault, thrust, certain",N,"-9",certain,certain,,02.08.01,DAS01,merged multiple lines into one,CAF5857,"1456.278956288837"
"5858","fault, thrust","fault, thrust, certain",N,"-9",certain,certain,,02.08.01,DAS01,,CAF5858,"15387.12178306712"
"5859","fault, thrust","fault, thrust, certain",N,"-9",certain,certain,,02.08.01,DAS01,,CAF5859,"766.2047771970315"
"5860","fault, thrust","fault, thrust, certain",N,"-9",certain,certain,,02.08.01,DAS01,,CAF5860,"19600.68726569065"
"5861","fault, thrust","fault, thrust, certain",N,"-9",certain,certain,,02.08.01,DAS01,,CAF5861,"1096.481049721894"
"5862","fault, thrust","fault, thrust, certain",N,"-9",certain,certain,,02.08.01,DAS01,,CAF5862,"1264.046989964856"
"5863","fault, thrust","fault, thrust, certain",N,"-9",certain,certain,,02.08.01,DAS01,,CAF5863,"2260.466308854224"
"5864","fault, thrust","fault, thrust, certain",N,"-9",certain,certain,,02.08.01,DAS01,,CAF5864,"1177.726692497501"
"5865","fault, thrust","fault, thrust, certain",N,"-9",certain,certain,,02.08.01,DAS01,modified to match printed map,CAF5865,"1705.689505188508"
"5866","fault, thrust","fault, thrust, certain",N,"-9",certain,certain,,02.08.01,DAS01,,CAF5866,"8894.294364250049"
"5867","fault, thrust","fault, thrust, concealed",Y,"-9",certain,certain,,02.08.07,DAS01,,CAF5867,"584.3948650714765"
"5868","fault, thrust","fault, thrust, concealed",Y,"-9",certain,certain,,02.08.07,DAS01,modified to match printed map,CAF5868,"546.1687088070389"
"5869","fault, thrust","fault, thrust, concealed",Y,"-9",certain,certain,,02.08.07,DAS01,modified to match printed map,CAF5869,"2635.847826198381"
"5870","fault, thrust","fault, thrust, concealed",Y,"-9",certain,certain,,02.08.07,DAS01,,CAF5870,"790.0097345815975"
"5871","fault, thrust","fault, thrust, concealed",Y,"-9",certain,certain,,02.08.07,DAS01,modified to match printed map,CAF5871,"5063.471549640627"
"5872","fault, thrust","fault, thrust, concealed",Y,"-9",certain,certain,,02.08.07,DAS01,,CAF5872,"730.4060190508446"
"5873","fault, thrust","fault, thrust, concealed",Y,"-9",certain,certain,,02.08.07,DAS01,,CAF5873,"1408.0548936934"
"5874","fault, thrust","fault, thrust, concealed",Y,"-9",certain,certain,,02.08.07,DAS01,,CAF5874,"522.0246229242882"
"5875","fault, thrust","fault, thrust, concealed",Y,"-9",certain,certain,,02.08.07,DAS01,,CAF5875,"494.5396852995817"
"5876","fault, thrust","fault, thrust, concealed",Y,"-9",certain,certain,,02.08.07,DAS01,,CAF5876,"452.0240325825771"
"5877","fault, thrust","fault, thrust, concealed",Y,"-9",certain,certain,,02.08.07,DAS01,,CAF5877,"293.5399460249927"
"5878","fault, thrust","fault, thrust, concealed",Y,"-9",certain,certain,,02.08.07,DAS01,,CAF5878,"819.7937140092847"
"5879","fault, thrust","fault, thrust, concealed",Y,"-9",certain,certain,,02.08.07,DAS01,,CAF5879,"2701.667599152537"
"5880","fault, thrust","fault, thrust, concealed",Y,"-9",certain,certain,,02.08.07,DAS01,,CAF5880,"1306.579412609044"
"5881","fault, thrust","fault, thrust, concealed",Y,"-9",certain,certain,,02.08.07,DAS01,,CAF5881,"280.2612859500302"
"5882","fault, thrust","fault, thrust, concealed",Y,"-9",certain,certain,,02.08.07,DAS01,,CAF5882,"711.3575707380031"
"5883","fault, thrust","fault, thrust, concealed",Y,"-9",certain,certain,,02.08.07,DAS01,,CAF5883,"1074.4809789009"
"5884","fault, thrust","fault, thrust, concealed",Y,"-9",certain,certain,,02.08.07,DAS01,,CAF5884,"1271.083640811527"
"5885","fault, thrust","fault, thrust, concealed",Y,"-9",certain,certain,,02.08.07,DAS01,,CAF5885,"196.150836636429"
"5886","fault, thrust","fault, thrust, concealed",Y,"-9",certain,certain,,02.08.07,DAS01,"merged multiple lines into one; modified to match printed map",CAF5886,"6437.19948916655"
"5887","fault, thrust","fault, thrust, concealed",Y,"-9",certain,certain,,02.08.07,DAS01,,CAF5887,"897.9533910186782"
"5888","fault, thrust","fault, thrust, concealed",Y,"-9",certain,certain,,02.08.07,DAS01,,CAF5888,"1186.188625027959"
"5889","fault, thrust","fault, thrust, concealed",Y,"-9",certain,certain,,02.08.07,DAS01,merged multiple lines into one,CAF5889,"7065.319769473859"
"5890","fault, thrust","fault, thrust, concealed",Y,"-9",certain,certain,,02.08.07,DAS01,modified to match printed map,CAF5890,"2355.176476866865"
"5891","fault, thrust","fault, thrust, concealed",Y,"-9",certain,certain,,02.08.07,DAS01,,CAF5891,"1496.252408342535"
"5892","fault, thrust","fault, thrust, concealed",Y,"-9",certain,certain,,02.08.07,DAS01,,CAF5892,"1544.420732134275"
"5893","fault, thrust","fault, thrust, concealed",Y,"-9",certain,certain,,02.08.07,DAS01,,CAF5893,"4950.355288065427"
"5894","fault, thrust","fault, thrust, concealed",Y,"-9",certain,certain,,02.08.07,DAS01,,CAF5894,"2126.172589300968"
"5895","fault, thrust","fault, thrust, concealed",Y,"-9",certain,certain,,02.08.07,DAS01,,CAF5895,"1619.923327999665"
"5896","fault, thrust","fault, thrust, concealed",Y,"-9",certain,certain,,02.08.07,DAS01,,CAF5896,"223.8900621125248"
"5897","fault, thrust","fault, thrust, concealed",Y,"-9",certain,certain,,02.08.07,DAS01,,CAF5897,"4668.06471356062"
"5898","fault, thrust","fault, thrust, concealed",Y,"-9",certain,certain,,02.08.07,DAS01,"merged multiple lines into one and changed from 'fault, thrust, certain' to 'fault, thrust, concealed' to match printed map",CAF5898,"307.9474345917582"
"5899","fault, thrust","fault, thrust, concealed",Y,"-9",certain,certain,,02.08.07,DAS01,merged multiple lines into one,CAF5899,"1011.405604390197"
"5900","fault, thrust","fault, thrust, concealed",Y,"-9",certain,certain,,02.08.07,DAS01,,CAF5900,"629.5814901287981"
"5901","fault, thrust","fault, thrust, concealed",Y,"-9",certain,certain,,02.08.07,DAS01,merged multiple lines into one,CAF5901,"577.889824029023"
"5902","fault, thrust","fault, thrust, concealed",Y,"-9",certain,certain,,02.08.07,DAS01,,CAF5902,"362.9745169594291"
"5903","fault, thrust","fault, thrust, concealed",Y,"-9",certain,certain,,02.08.07,DAS01,,CAF5903,"1965.789837916339"
"5904","fault, thrust","fault, thrust, concealed",Y,"-9",certain,certain,,02.08.07,DAS01,,CAF5904,"4994.095085176895"
"5905","fault, thrust","fault, thrust, concealed",Y,"-9",certain,certain,,02.08.07,DAS01,,CAF5905,"1404.828324645751"
"5906","fault, thrust","fault, thrust, concealed",Y,"-9",certain,certain,,02.08.07,DAS01,,CAF5906,"1540.145845742757"
"5907","fault, thrust","fault, thrust, concealed",Y,"-9",certain,certain,,02.08.07,DAS01,,CAF5907,"224.4101530642779"
"5908","fault, thrust","fault, thrust, concealed",Y,"-9",certain,certain,,02.08.07,DAS01,,CAF5908,"1228.679024784522"
"5909","fault, thrust","fault, thrust, concealed",Y,"-9",certain,certain,,02.08.07,DAS01,modified to match printed map,CAF5909,"1031.280576604358"
"5910","fault, thrust","fault, thrust, concealed",Y,"-9",certain,certain,,02.08.07,DAS01,,CAF5910,"3994.365100552456"
"5911","fault, thrust","fault, thrust, concealed",Y,"-9",certain,certain,,02.08.07,DAS01,,CAF5911,"2705.132232710729"
"5912","fault, thrust","fault, thrust, concealed",Y,"-9",certain,certain,,02.08.07,DAS01,"merged multiple lines into one; modified to match printed map",CAF5912,"2527.826681225335"
"5913","fault, thrust","fault, thrust, concealed",Y,"-9",certain,certain,,02.08.07,DAS01,,CAF5913,"1401.148857149607"
"5914","fault, thrust","fault, thrust, concealed",Y,"-9",certain,certain,,02.08.07,DAS01,,CAF5914,"416.7885192298295"
"5915","fault, thrust","fault, thrust, concealed",Y,"-9",certain,certain,,02.08.07,DAS01,modified to match printed map,CAF5915,"2388.30039235696"
"5916","fault, thrust","fault, thrust, concealed",Y,"-9",certain,certain,,02.08.07,DAS01,,CAF5916,"2236.805650734408"
"5917","fault, thrust","fault, thrust, concealed",Y,"-9",certain,certain,,02.08.07,DAS01,"merged multiple lines into one; modified to match printed map",CAF5917,"5053.591609919633"
"5918","fault, thrust","fault, thrust, concealed",Y,"-9",certain,certain,,02.08.07,DAS01,,CAF5918,"1125.324240649351"
"5919","fault, thrust","fault, thrust, concealed",Y,"-9",certain,certain,,02.08.07,DAS01,,CAF5919,"2006.368054107566"
"5920","fault, thrust","fault, thrust, concealed",Y,"-9",certain,certain,,02.08.07,DAS01,,CAF5920,"642.709581639131"
"5921","fault, thrust","fault, thrust, concealed",Y,"-9",certain,certain,,02.08.07,DAS01,,CAF5921,"567.8529693792384"
"5922","fault, thrust","fault, thrust, concealed",Y,"-9",certain,certain,,02.08.07,DAS01,modified to match printed map,CAF5922,"7725.001330883103"
"5923","fault, thrust","fault, thrust, concealed",Y,"-9",certain,certain,,02.08.07,DAS01,,CAF5923,"956.0810540908016"
"5924","fault, thrust","fault, thrust, concealed",Y,"-9",certain,certain,,02.08.07,DAS01,,CAF5924,"449.9383687211656"
"5925","fault, thrust","fault, thrust, concealed",Y,"-9",certain,certain,,02.08.07,DAS01,,CAF5925,"1318.847700425398"
"5926","fault, thrust","fault, thrust, concealed",Y,"-9",certain,certain,,02.08.07,DAS01,,CAF5926,"522.8153786858613"
"5927","fault, thrust","fault, thrust, concealed",Y,"-9",certain,certain,,02.08.07,DAS01,merged multiple lines into one,CAF5927,"2756.179262376335"
"5928","fault, thrust","fault, thrust, concealed",Y,"-9",certain,certain,,02.08.07,DAS01,,CAF5928,"557.0356423411539"
"5929","fault, thrust","fault, thrust, concealed",Y,"-9",certain,certain,,02.08.07,DAS01,,CAF5929,"537.2002433235507"
"5930","fault, thrust","fault, thrust, concealed",Y,"-9",certain,certain,,02.08.07,DAS01,,CAF5930,"1190.740774014209"
"5931","fault, thrust","fault, thrust, concealed",Y,"-9",certain,certain,,02.08.07,DAS01,"merged multiple lines into one; modified to match printed map",CAF5931,"7614.576965891496"
"5932","fault, thrust","fault, thrust, concealed",Y,"-9",certain,certain,,02.08.07,DAS01,,CAF5932,"4012.901331038278"
"5933","fault, thrust","fault, thrust, concealed",Y,"-9",certain,certain,,02.08.07,DAS01,,CAF5933,"734.6812600054925"
"5934","fault, thrust","fault, thrust, concealed",Y,"-9",certain,certain,,02.08.07,DAS01,"merged multiple lines into one; modified to match printed map",CAF5934,"9676.147857384729"
"5935","fault, thrust","fault, thrust, concealed",Y,"-9",certain,certain,,02.08.07,DAS01,,CAF5935,"3759.606618521969"
"5936","fault, thrust","fault, thrust, concealed",Y,"-9",certain,certain,,02.08.07,DAS01,modified to match printed map,CAF5936,"3636.256746668712"
"5937","fault, thrust","fault, thrust, concealed",Y,"-9",certain,certain,,02.08.07,DAS01,,CAF5937,"135.8396122612281"
"5938","fault, thrust","fault, thrust, concealed",Y,"-9",certain,certain,,02.08.07,DAS01,modified to match printed map,CAF5938,"4402.466230113195"
"5939","fault, thrust","fault, thrust, concealed",Y,"-9",certain,certain,,02.08.07,DAS01,,CAF5939,"1171.652392133916"
"5940","fault, thrust","fault, thrust, concealed",Y,"-9",certain,certain,,02.08.07,DAS01,modified to match printed map,CAF5940,"595.1978526220594"
"5941","fault, thrust","fault, thrust, concealed",Y,"-9",certain,certain,,02.08.07,DAS01,,CAF5941,"330.7906905576363"
"5942","fault, thrust","fault, thrust, concealed",Y,"-9",certain,certain,,02.08.07,DAS01,,CAF5942,"1508.324756316184"
"5943","fault, thrust","fault, thrust, concealed",Y,"-9",certain,certain,,02.08.07,DAS01,,CAF5943,"1261.727000983445"
"5944","fault, thrust","fault, thrust, concealed",Y,"-9",certain,certain,,02.08.07,DAS01,,CAF5944,"518.1357290534606"
"5945","fault, thrust","fault, thrust, concealed",Y,"-9",certain,certain,,02.08.07,DAS01,,CAF5945,"2270.899892711451"
"5946","fault, thrust","fault, thrust, concealed",Y,"-9",certain,certain,,02.08.07,DAS01,,CAF5946,"1235.772194610706"
"5947","fault, thrust","fault, thrust, concealed",Y,"-9",certain,certain,,02.08.07,DAS01,,CAF5947,"544.311527803629"
"5948","fault, thrust","fault, thrust, concealed",Y,"-9",certain,certain,,02.08.07,DAS01,,CAF5948,"560.052962597382"
"5949","fault, thrust","fault, thrust, concealed",Y,"-9",certain,certain,,02.08.07,DAS01,,CAF5949,"1914.331222356252"
"5950","fault, thrust","fault, thrust, concealed",Y,"-9",certain,certain,,02.08.07,DAS01,,CAF5950,"631.6686162128628"
"5951","fault, thrust","fault, thrust, concealed",Y,"-9",certain,certain,,02.08.07,DAS01,,CAF5951,"2613.635835253184"
"5952","fault, thrust","fault, thrust, concealed",Y,"-9",certain,certain,,02.08.07,DAS01,,CAF5952,"3729.166566195879"
"5953","fault, thrust","fault, thrust, concealed",Y,"-9",certain,certain,,02.08.07,DAS01,merged multiple lines into one,CAF5953,"1986.069824764189"
"5954","fault, thrust","fault, thrust, concealed",Y,"-9",certain,certain,,02.08.07,DAS01,modified to match printed map,CAF5954,"1037.254267671547"
"5955","fault, thrust","fault, thrust, concealed",Y,"-9",certain,certain,,02.08.07,DAS01,,CAF5955,"3002.356277178682"
"5956","fault, thrust","fault, thrust, concealed",Y,"-9",certain,certain,,02.08.07,DAS01,,CAF5956,"716.8694103849842"
"5957","fault, thrust","fault, thrust, concealed",Y,"-9",certain,certain,,02.08.07,DAS01,,CAF5957,"687.8348553097924"
"5958","fault, thrust","fault, thrust, concealed",Y,"-9",certain,certain,,02.08.07,DAS01,merged multiple lines into one,CAF5958,"865.8305333699921"
"5959","fault, thrust","fault, thrust, concealed",Y,"-9",certain,certain,,02.08.07,DAS01,merged multiple lines into one,CAF5959,"174.3631079435061"
"5960","fault, thrust","fault, thrust, concealed",Y,"-9",certain,certain,,02.08.07,DAS01,modified to match printed map,CAF5960,"1617.304919116551"
"5961","fault, thrust","fault, thrust, concealed",Y,"-9",certain,certain,,02.08.07,DAS01,modified to match printed map,CAF5961,"5265.122455329809"
"5962","fault, thrust","fault, thrust, concealed",Y,"-9",certain,certain,,02.08.07,DAS01,merged multiple lines into one,CAF5962,"754.742467595103"
"5963","fault, thrust","fault, thrust, concealed",Y,"-9",certain,certain,,02.08.07,DAS01,merged multiple lines into one,CAF5963,"3971.368682100965"
"5964","fault, thrust","fault, thrust, concealed",Y,"-9",certain,certain,,02.08.07,DAS01,,CAF5964,"2425.454681353677"
"5965","fault, thrust","fault, thrust, concealed",Y,"-9",certain,certain,,02.08.07,DAS01,modified to match printed map,CAF5965,"2923.868038508058"
"5966","fault, thrust","fault, thrust, concealed",Y,"-9",certain,certain,,02.08.07,DAS01,,CAF5966,"1112.367154547162"
"5967","fault, thrust","fault, thrust, concealed",Y,"-9",certain,certain,,02.08.07,DAS01,,CAF5967,"2317.329578041438"
"5968","fault, thrust","fault, thrust, concealed",Y,"-9",certain,certain,,02.08.07,DAS01,,CAF5968,"821.1332834389851"
"5969","fault, thrust","fault, thrust, concealed",Y,"-9",certain,certain,,02.08.07,DAS01,,CAF5969,"331.6352484059096"
"5970","fault, thrust","fault, thrust, concealed",Y,"-9",certain,certain,,02.08.07,DAS01,,CAF5970,"674.4299304717986"
"5971","fault, thrust","fault, thrust, concealed",Y,"-9",certain,certain,,02.08.07,DAS01,,CAF5971,"1002.662781949587"
"5972","fault, thrust","fault, thrust, concealed",Y,"-9",certain,certain,,02.08.07,DAS01,,CAF5972,"6278.591282658605"
"5973","fault, thrust","fault, thrust, concealed",Y,"-9",certain,certain,,02.08.07,DAS01,,CAF5973,"137.1681122291826"
"5974","fault, thrust","fault, thrust, concealed",Y,"-9",certain,certain,,02.08.07,DAS01,,CAF5974,"808.933247031493"
"5975","fault, thrust","fault, thrust, concealed",Y,"-9",certain,certain,,02.08.07,DAS01,,CAF5975,"800.8323366276538"
"5976","fault, thrust","fault, thrust, concealed",Y,"-9",certain,certain,,02.08.07,DAS01,,CAF5976,"365.3348754007007"
"5977","fault, thrust","fault, thrust, concealed",Y,"-9",certain,certain,,02.08.07,DAS01,,CAF5977,"699.9099559278801"
"5978","fault, thrust","fault, thrust, concealed",Y,"-9",certain,certain,,02.08.07,DAS01,,CAF5978,"413.8021826744058"
"5979","fault, thrust","fault, thrust, concealed",Y,"-9",certain,certain,,02.08.07,DAS01,,CAF5979,"424.9786769709124"
"5980","fault, thrust","fault, thrust, concealed",Y,"-9",certain,certain,,02.08.07,DAS01,,CAF5980,"1962.998291234473"
"5981","fault, thrust","fault, thrust, concealed",Y,"-9",certain,certain,,02.08.07,DAS01,,CAF5981,"1651.85726435198"
"5982","fault, thrust","fault, thrust, concealed",Y,"-9",certain,certain,,02.08.07,DAS01,,CAF5982,"1300.284059132881"
"5983","fault, thrust","fault, thrust, concealed",Y,"-9",certain,certain,,02.08.07,DAS01,"merged multiple lines into one; modified to match printed map",CAF5983,"1047.453123405057"
"5984","fault, thrust","fault, thrust, concealed",Y,"-9",certain,certain,,02.08.07,DAS01,,CAF5984,"2433.033181210513"
"5985","fault, thrust","fault, thrust, concealed",Y,"-9",certain,certain,,02.08.07,DAS01,,CAF5985,"341.2873106031922"
"5986","fault, thrust","fault, thrust, concealed",Y,"-9",certain,certain,,02.08.07,DAS01,merged multiple lines into one,CAF5986,"1213.995327876881"
"5987","fault, thrust","fault, thrust, concealed",Y,"-9",certain,certain,,02.08.07,DAS01,,CAF5987,"1944.857369191549"
"5988","fault, thrust","fault, thrust, concealed",Y,"-9",certain,certain,,02.08.07,DAS01,,CAF5988,"1457.742649638887"
"5989","fault, thrust","fault, thrust, concealed",Y,"-9",certain,certain,,02.08.07,DAS01,,CAF5989,"1852.091331894333"
"5990","fault, thrust","fault, thrust, concealed",Y,"-9",certain,certain,,02.08.07,DAS01,,CAF5990,"1482.254144229225"
"5991","fault, thrust","fault, thrust, concealed",Y,"-9",certain,certain,,02.08.07,DAS01,,CAF5991,"987.6810239246711"
"5992","fault, thrust","fault, thrust, concealed",Y,"-9",certain,certain,,02.08.07,DAS01,,CAF5992,"1900.356410228766"
"5993","fault, thrust","fault, thrust, concealed",Y,"-9",certain,certain,,02.08.07,DAS01,,CAF5993,"581.3500811409"
"5994","fault, thrust","fault, thrust, concealed",Y,"-9",certain,certain,,02.08.07,DAS01,,CAF5994,"1604.490486016282"
"5995","fault, thrust","fault, thrust, concealed",Y,"-9",certain,certain,,02.08.07,DAS01,added line to match printed map,CAF5995,"1267.283383662548"
"5996","fault, thrust","fault, thrust, concealed",Y,"-9",certain,certain,,02.08.07,DAS01,,CAF5996,"546.6582549334129"
"5997","fault, thrust","fault, thrust, concealed",Y,"-9",certain,certain,,02.08.07,DAS02,added line to match printed map,CAF5997,"2394.58039388429"
"5998","fault, thrust","fault, thrust, concealed",Y,"-9",certain,certain,,02.08.07,DAS01,,CAF5998,"299.5543986126281"
"5999","fault, thrust","fault, thrust, concealed",Y,"-9",certain,certain,,02.08.07,DAS01,modified to match printed map,CAF5999,"5443.875848904234"
"6000","fault, thrust","fault, thrust, concealed",Y,"-9",certain,certain,,02.08.07,DAS01,,CAF6000,"865.8033070631993"
"6001","fault, thrust","fault, thrust, concealed",Y,"-9",certain,certain,,02.08.07,DAS01,,CAF6001,"865.3543577192307"
"6002","fault, thrust","fault, thrust, concealed",Y,"-9",certain,certain,,02.08.07,DAS01,,CAF6002,"1537.094487777637"
"6003","fault, thrust","fault, thrust, concealed",Y,"-9",certain,certain,,02.08.07,DAS01,,CAF6003,"2667.189294960961"
"6004","fault, thrust","fault, thrust, concealed",Y,"-9",certain,certain,,02.08.07,DAS01,,CAF6004,"1812.437414169531"
"6005","fault, thrust","fault, thrust, concealed",Y,"-9",certain,certain,,02.08.07,DAS01,,CAF6005,"1349.468646024155"
"6006","fault, thrust","fault, thrust, concealed",Y,"-9",certain,certain,,02.08.07,DAS01,,CAF6006,"950.3348424807739"
"6007","fault, thrust","fault, thrust, concealed",Y,"-9",certain,certain,,02.08.07,DAS01,modified to match printed map,CAF6007,"3567.534300072508"
"6008","fault, thrust","fault, thrust, concealed",Y,"-9",certain,certain,,02.08.07,DAS01,,CAF6008,"1355.25039668061"
"6009","fault, thrust","fault, thrust, concealed",Y,"-9",certain,certain,,02.08.07,DAS01,modified to match printed map,CAF6009,"2865.600445001539"
"6010","fault, thrust","fault, thrust, concealed",Y,"-9",certain,certain,,02.08.07,DAS01,,CAF6010,"1363.001743949363"
"6011","fault, thrust","fault, thrust, concealed",Y,"-9",certain,certain,,02.08.07,DAS01,,CAF6011,"1830.606518366507"
"6012","fault, thrust","fault, thrust, concealed",Y,"-9",certain,certain,,02.08.07,DAS01,,CAF6012,"1079.948807227254"
"6013","fault, thrust","fault, thrust, concealed",Y,"-9",certain,certain,,02.08.07,DAS01,,CAF6013,"525.436627513692"
"6014","fault, thrust","fault, thrust, concealed",Y,"-9",certain,certain,,02.08.07,DAS01,,CAF6014,"2736.803435010111"
"6015","fault, thrust","fault, thrust, concealed",Y,"-9",certain,certain,,02.08.07,DAS01,,CAF6015,"824.8242221543474"
"6016","fault, thrust","fault, thrust, concealed",Y,"-9",certain,certain,,02.08.07,DAS01,,CAF6016,"258.362749595976"
"6017","fault, thrust","fault, thrust, concealed",Y,"-9",certain,certain,,02.08.07,DAS01,,CAF6017,"1577.617192895853"
"6018","fault, thrust","fault, thrust, concealed",Y,"-9",certain,certain,,02.08.07,DAS01,"merged multiple lines into one and changed from 'fault, thrust, certain' to 'fault, thrust, concealed' to match printed map",CAF6018,"1719.050477247127"
"6019","fault, thrust","fault, thrust, concealed",Y,"-9",certain,certain,,02.08.07,DAS01,,CAF6019,"470.2812552174021"
"6020","fault, thrust","fault, thrust, concealed",Y,"-9",certain,certain,,02.08.07,DAS01,"merged multiple lines into one; modified to match printed map",CAF6020,"8069.27885994761"
"6021","fault, thrust","fault, thrust, concealed",Y,"-9",certain,certain,,02.08.07,DAS01,,CAF6021,"440.7634107585756"
"6022","fault, thrust","fault, thrust, concealed",Y,"-9",certain,certain,,02.08.07,DAS01,"changed from 'fault, thrust, certain' to 'fault, thrust, concealed'; modified to match printed map",CAF6022,"6987.906970237783"
"6023","fault, thrust","fault, thrust, concealed",Y,"-9",certain,certain,,02.08.07,DAS01,,CAF6023,"463.7462466997471"
"6024","fault, thrust","fault, thrust, concealed",Y,"-9",certain,certain,,02.08.07,DAS01,,CAF6024,"2813.486728747004"
"6025","fault, thrust","fault, thrust, concealed",Y,"-9",certain,certain,,02.08.07,DAS01,modified to match printed map,CAF6025,"4723.04417794246"
"6026","fault, thrust","fault, thrust, concealed",Y,"-9",certain,certain,,02.08.07,DAS01,modified to match printed map,CAF6026,"9274.356080195023"
"6027","fault, thrust","fault, thrust, concealed",Y,"-9",certain,certain,,02.08.07,DAS01,,CAF6027,"297.4272317423235"
"6028","fault, thrust","fault, thrust, concealed",Y,"-9",certain,certain,,02.08.07,DAS01,,CAF6028,"501.2817919419496"
"6029","fault, thrust","fault, thrust, concealed",Y,"-9",certain,certain,,02.08.07,DAS01,merged multiple lines into one,CAF6029,"319.8878770459728"
"6030","fault, thrust","fault, thrust, concealed",Y,"-9",certain,certain,,02.08.07,DAS01,,CAF6030,"980.0456944074763"
"6031","fault, thrust","fault, thrust, concealed",Y,"-9",certain,certain,,02.08.07,DAS01,modified to match printed map,CAF6031,"11126.5048338276"
"6032","fault, thrust","fault, thrust, concealed",Y,"-9",certain,certain,,02.08.07,DAS01,,CAF6032,"1167.516061193877"
"6033","fault, thrust","fault, thrust, concealed",Y,"-9",certain,certain,,02.08.07,DAS01,"merged multiple lines into one; modified to match printed map",CAF6033,"5617.894090386731"
"6034","fault, thrust","fault, thrust, concealed",Y,"-9",certain,certain,,02.08.07,DAS01,,CAF6034,"832.8273598243055"
"6035","fault, thrust","fault, thrust, concealed",Y,"-9",certain,certain,,02.08.07,DAS01,,CAF6035,"1785.500186236431"
"6036","fault, thrust","fault, thrust, concealed",Y,"-9",certain,certain,,02.08.07,DAS01,merged multiple lines into one,CAF6036,"3189.235159357509"
"6037","fault, thrust","fault, thrust, concealed",Y,"-9",certain,certain,,02.08.07,DAS01,,CAF6037,"988.1947161915537"
"6038","fault, thrust","fault, thrust, concealed",Y,"-9",certain,certain,,02.08.07,DAS01,,CAF6038,"2003.946379056667"
"6039","fault, thrust","fault, thrust, concealed",Y,"-9",certain,certain,,02.08.07,DAS01,,CAF6039,"1695.017536238881"
"6040","fault, thrust","fault, thrust, concealed",Y,"-9",certain,certain,,02.08.07,DAS01,,CAF6040,"475.5701462900082"
"6041","fault, thrust","fault, thrust, concealed",Y,"-9",certain,certain,,02.08.07,DAS01,,CAF6041,"1819.436350593227"
"6042","fault, thrust","fault, thrust, concealed",Y,"-9",certain,certain,,02.08.07,DAS01,,CAF6042,"709.771538853015"
"6043","fault, thrust","fault, thrust, concealed",Y,"-9",certain,certain,,02.08.07,DAS01,,CAF6043,"571.5550482589281"
"6044","fault, thrust","fault, thrust, concealed",Y,"-9",certain,certain,,02.08.07,DAS01,,CAF6044,"370.2901759592412"
"6045","fault, thrust","fault, thrust, concealed",Y,"-9",certain,certain,,02.08.07,DAS01,,CAF6045,"1844.157321114065"
"6046","fault, thrust","fault, thrust, concealed",Y,"-9",certain,certain,,02.08.07,DAS01,,CAF6046,"908.7866229562362"
"6047","fault, thrust","fault, thrust, concealed",Y,"-9",certain,certain,,02.08.07,DAS01,,CAF6047,"634.3417156575986"
"6048","fault, thrust","fault, thrust, concealed",Y,"-9",certain,certain,,02.08.07,DAS01,,CAF6048,"408.1545333333178"
"6049","fault, thrust","fault, thrust, concealed",Y,"-9",certain,certain,,02.08.07,DAS01,,CAF6049,"1240.336940886094"
"6050","fault, thrust","fault, thrust, concealed",Y,"-9",certain,certain,,02.08.07,DAS01,"changed from 'fault, thrust, certain' to 'fault, thrust, concealed' to match printed map",CAF6050,"2441.726934533609"
"6051","fault, thrust","fault, thrust, concealed",Y,"-9",certain,certain,,02.08.07,DAS01,,CAF6051,"881.6948866897064"
"6052","fault, thrust","fault, thrust, concealed",Y,"-9",certain,certain,,02.08.07,DAS01,,CAF6052,"474.0885126865284"
"6053","fault, thrust","fault, thrust, concealed",Y,"-9",certain,certain,,02.08.07,DAS01,,CAF6053,"1555.636867799997"
"6054","fault, thrust","fault, thrust, concealed",Y,"-9",certain,certain,,02.08.07,DAS01,modified to match printed map,CAF6054,"576.4247916240035"
"6055","fault, thrust","fault, thrust, concealed",Y,"-9",certain,certain,,02.08.07,DAS01,modified to match printed map,CAF6055,"2653.004754613668"
"6056","fault, thrust","fault, thrust, concealed",Y,"-9",certain,certain,,02.08.07,DAS01,modified to match printed map,CAF6056,"13401.35478480055"
"6057","fault, thrust","fault, thrust, concealed",Y,"-9",certain,certain,,02.08.07,DAS01,,CAF6057,"430.9430509548186"
"6058","fault, thrust","fault, thrust, concealed",Y,"-9",certain,certain,,02.08.07,DAS01,,CAF6058,"1428.272901332856"
"6059","fault, thrust","fault, thrust, concealed",Y,"-9",certain,certain,,02.08.07,DAS01,,CAF6059,"1003.919239048897"
"6060","fault, thrust","fault, thrust, concealed",Y,"-9",certain,certain,,02.08.07,DAS01,,CAF6060,"1623.530896015857"
"6061","fault, thrust","fault, thrust, concealed",Y,"-9",certain,certain,,02.08.07,DAS01,,CAF6061,"508.2766539360243"
"6062","fault, thrust","fault, thrust, concealed",Y,"-9",certain,certain,,02.08.07,DAS01,modified to match printed map,CAF6062,"10063.89833953078"
"6063","fault, thrust","fault, thrust, concealed",Y,"-9",certain,certain,,02.08.07,DAS01,modified to match printed map,CAF6063,"1293.800631690874"
"6064","fault, thrust","fault, thrust, concealed",Y,"-9",certain,certain,,02.08.07,DAS01,,CAF6064,"251.7512672517632"
"6065","fault, thrust","fault, thrust, concealed",Y,"-9",certain,certain,,02.08.07,DAS01,,CAF6065,"1622.489888085311"
"6066","fault, thrust","fault, thrust, concealed",Y,"-9",certain,certain,,02.08.07,DAS01,,CAF6066,"1274.174588279372"
"6067","fault, thrust","fault, thrust, concealed",Y,"-9",certain,certain,,02.08.07,DAS01,,CAF6067,"3176.233797412258"
"6068","fault, thrust","fault, thrust, concealed",Y,"-9",certain,certain,,02.08.07,DAS01,,CAF6068,"829.4819865958914"
"6069","fault, thrust","fault, thrust, concealed",Y,"-9",certain,certain,,02.08.07,DAS01,,CAF6069,"2283.062373582684"
"6070","fault, thrust","fault, thrust, concealed",Y,"-9",certain,certain,,02.08.07,DAS01,"merged multiple lines into one; modified to match printed map",CAF6070,"2000.723732013093"
"6071","fault, thrust","fault, thrust, concealed",Y,"-9",certain,certain,,02.08.07,DAS01,,CAF6071,"3017.61753308888"
"6072","fault, thrust","fault, thrust, concealed",Y,"-9",certain,certain,,02.08.07,DAS01,modified to match printed map,CAF6072,"219.337556105912"
"6073","fault, thrust","fault, thrust, concealed",Y,"-9",certain,certain,,02.08.07,DAS01,,CAF6073,"1841.369858018707"
"6074","fault, thrust","fault, thrust, concealed",Y,"-9",certain,certain,,02.08.07,DAS01,,CAF6074,"276.0269794091725"
"6075","fault, thrust","fault, thrust, concealed",Y,"-9",certain,certain,,02.08.07,DAS01,modified to match printed map,CAF6075,"6602.247324808108"
"6076","fault, thrust","fault, thrust, concealed",Y,"-9",certain,certain,,02.08.07,DAS01,,CAF6076,"1060.694904410142"
"6077","fault, thrust","fault, thrust, concealed",Y,"-9",certain,certain,,02.08.07,DAS01,,CAF6077,"785.4439838295675"
"6078","fault, thrust","fault, thrust, concealed",Y,"-9",certain,certain,,02.08.07,DAS01,,CAF6078,"449.8185488669414"
"6079","fault, thrust","fault, thrust, concealed",Y,"-9",certain,certain,,02.08.07,DAS01,,CAF6079,"1029.912955980023"
"6080","fault, thrust","fault, thrust, concealed",Y,"-9",certain,certain,,02.08.07,DAS01,,CAF6080,"485.7561019863892"
"6081","fault, thrust","fault, thrust, concealed",Y,"-9",certain,certain,,02.08.07,DAS01,modified to match printed map,CAF6081,"1708.983696250422"
"6082","fault, thrust","fault, thrust, concealed",Y,"-9",certain,certain,,02.08.07,DAS01,modified to match printed map,CAF6082,"2181.630629588767"
"6083","fault, thrust","fault, thrust, concealed",Y,"-9",certain,certain,,02.08.07,DAS01,,CAF6083,"272.3530333802362"
"6084","fault, thrust","fault, thrust, concealed",Y,"-9",certain,certain,,02.08.07,DAS01,,CAF6084,"321.9445043056468"
"6085","fault, thrust","fault, thrust, concealed",Y,"-9",certain,certain,,02.08.07,DAS01,,CAF6085,"1380.625896993829"
"6086","fault, thrust","fault, thrust, concealed",Y,"-9",certain,certain,,02.08.07,DAS01,modified to match printed map,CAF6086,"1438.997926448221"
"6087","fault, thrust","fault, thrust, concealed",Y,"-9",certain,certain,,02.08.07,DAS01,,CAF6087,"751.3015486967253"
"6088","fault, thrust","fault, thrust, concealed",Y,"-9",certain,certain,,02.08.07,DAS01,modified to match printed map,CAF6088,"3722.458406985336"
"6089","fault, thrust","fault, thrust, concealed",Y,"-9",certain,certain,,02.08.07,DAS01,"merged multiple lines into one; modified to match printed map",CAF6089,"4106.11363069613"
"6090","fault, thrust","fault, thrust, concealed",Y,"-9",certain,certain,,02.08.07,DAS01,,CAF6090,"666.0782399653158"
"6091","fault, thrust","fault, thrust, concealed",Y,"-9",certain,certain,,02.08.07,DAS01,,CAF6091,"647.3538694717026"
"6092","fault, thrust","fault, thrust, concealed",Y,"-9",certain,certain,,02.08.07,DAS01,,CAF6092,"1374.199654880773"
"6093","fault, thrust","fault, thrust, concealed",Y,"-9",certain,certain,,02.08.07,DAS01,,CAF6093,"3412.765071567477"
"6094","fault, thrust","fault, thrust, concealed",Y,"-9",certain,certain,,02.08.07,DAS01,,CAF6094,"246.3577365948587"
"6095","fault, thrust","fault, thrust, concealed",Y,"-9",certain,certain,,02.08.07,DAS01,modified to match printed map,CAF6095,"2836.434494060086"
"6096","fault, thrust","fault, thrust, concealed",Y,"-9",certain,certain,,02.08.07,DAS01,,CAF6096,"3180.115339146604"
"6097","fault, thrust","fault, thrust, concealed",Y,"-9",certain,certain,,02.08.07,DAS01,,CAF6097,"1074.068974551197"
"6098","fault, thrust","fault, thrust, concealed",Y,"-9",certain,certain,,02.08.07,DAS01,"merged multiple lines into one; modified to match printed map",CAF6098,"7087.232906266951"
"6099","fault, thrust","fault, thrust, concealed",Y,"-9",certain,certain,,02.08.07,DAS01,,CAF6099,"2536.092228045645"
"6100","fault, thrust","fault, thrust, concealed",Y,"-9",certain,certain,,02.08.07,DAS01,modified to match printed map,CAF6100,"5773.42805830343"
"6101","fault, thrust","fault, thrust, concealed",Y,"-9",certain,certain,,02.08.07,DAS01,"merged multiple lines into one; modified to match printed map",CAF6101,"1804.700978063879"
"6102","fault, thrust","fault, thrust, concealed",Y,"-9",certain,certain,,02.08.07,DAS01,modified to match printed map,CAF6102,"3696.220102158437"
"6103","fault, thrust","fault, thrust, concealed",Y,"-9",certain,certain,,02.08.07,DAS01,,CAF6103,"479.4116495673287"
"6104","fault, thrust","fault, thrust, concealed",Y,"-9",certain,certain,,02.08.07,DAS01,,CAF6104,"329.4182888185917"
"6105","fault, thrust","fault, thrust, concealed",Y,"-9",certain,certain,,02.08.07,DAS01,,CAF6105,"2239.761392091208"
"6106","fault, thrust","fault, thrust, concealed",Y,"-9",certain,certain,,02.08.07,DAS01,"merged multiple lines into one; modified to match printed map",CAF6106,"2566.307237162338"
"6107","fault, thrust","fault, thrust, concealed",Y,"-9",certain,certain,,02.08.07,DAS01,,CAF6107,"2660.157749268276"
"6108","fault, thrust","fault, thrust, concealed",Y,"-9",certain,certain,,02.08.07,DAS01,modified to match printed map,CAF6108,"711.2448611068801"
"6109","fault, thrust","fault, thrust, concealed",Y,"-9",certain,certain,,02.08.07,DAS01,modified to match printed map,CAF6109,"4448.479829739388"
"6110","fault, thrust","fault, thrust, concealed",Y,"-9",certain,certain,,02.08.07,DAS01,,CAF6110,"4549.436169488778"
"6111","fault, thrust","fault, thrust, concealed",Y,"-9",certain,certain,,02.08.07,DAS01,,CAF6111,"3217.238452682844"
"6112","fault, thrust","fault, thrust, concealed",Y,"-9",certain,certain,,02.08.07,DAS01,,CAF6112,"2750.990277370589"
"6113","fault, thrust","fault, thrust, concealed",Y,"-9",certain,certain,,02.08.07,DAS01,,CAF6113,"5562.328352389522"
"6114","fault, thrust","fault, thrust, concealed",Y,"-9",certain,certain,,02.08.07,DAS01,,CAF6114,"1164.101172779147"
"6115","fault, thrust","fault, thrust, concealed",Y,"-9",certain,certain,,02.08.07,DAS01,,CAF6115,"412.0875313275839"
"6116","fault, thrust","fault, thrust, concealed",Y,"-9",certain,certain,,02.08.07,DAS01,,CAF6116,"3209.506995475313"
"6117","fault, thrust","fault, thrust, concealed",Y,"-9",certain,certain,,02.08.07,DAS01,,CAF6117,"1695.799600397436"
"6118","fault, thrust","fault, thrust, concealed",Y,"-9",certain,certain,,02.08.07,DAS01,,CAF6118,"218.5435826712727"
"6119","fault, thrust","fault, thrust, concealed",Y,"-9",certain,certain,,02.08.07,DAS01,,CAF6119,"564.6815657396085"
"6120","fault, thrust","fault, thrust, concealed",Y,"-9",certain,certain,,02.08.07,DAS01,modified to match printed map,CAF6120,"6332.45044776323"
"6121","fault, thrust","fault, thrust, concealed",Y,"-9",certain,certain,,02.08.07,DAS01,modified to match printed map,CAF6121,"2276.408471189609"
"6122","fault, thrust","fault, thrust, concealed",Y,"-9",certain,certain,,02.08.07,DAS01,merged multiple lines into one,CAF6122,"3003.782998418535"
"6123","fault, thrust","fault, thrust, concealed",Y,"-9",certain,certain,,02.08.07,DAS01,,CAF6123,"4390.935453032975"
"6124","fault, thrust","fault, thrust, concealed",Y,"-9",certain,certain,,02.08.07,DAS01,modified to match printed map,CAF6124,"3171.255617288252"
"6125","fault, thrust","fault, thrust, concealed",Y,"-9",certain,certain,,02.08.07,DAS01,,CAF6125,"4324.275361011944"
"6126","fault, thrust","fault, thrust, concealed",Y,"-9",certain,certain,,02.08.07,DAS01,,CAF6126,"1121.385801941937"
"6127","fault, thrust","fault, thrust, concealed",Y,"-9",certain,certain,,02.08.07,DAS01,,CAF6127,"549.3174136989632"
"6128","fault, thrust","fault, thrust, concealed",Y,"-9",certain,certain,,02.08.07,DAS01,,CAF6128,"709.1366733733905"
"6129",map boundary,map boundary,N,"0",unspecified,unspecified,,"31.08",DAS01,,CAF6129,"524250.5974679092"
"6130",water,water,N,"-9",certain,certain,,30.02.01,DAS01,,CAF6130,"927.1216929847848"
"6131",water,water,N,"-9",certain,certain,,30.02.01,DAS01,,CAF6131,"568.7834967572446"
"6132",water,water,N,"-9",certain,certain,,30.02.01,DAS01,,CAF6132,"522.621207489837"
"6133",water,water,N,"-9",certain,certain,,30.02.01,DAS01,,CAF6133,"3110.400279725571"
"6134",water,water,N,"-9",certain,certain,,30.02.01,DAS01,,CAF6134,"876.0104951904341"
"6135",water,water,N,"-9",certain,certain,,30.02.01,DAS01,,CAF6135,"374.9443792266956"
"6136",water,water,N,"-9",certain,certain,,30.02.01,DAS01,,CAF6136,"1043.465559140888"
"6137",water,water,N,"-9",certain,certain,,30.02.01,DAS01,,CAF6137,"830.510084833325"
"6138",water,water,N,"-9",certain,certain,,30.02.01,DAS01,,CAF6138,"1079.174481434919"
"6139",water,water,N,"-9",certain,certain,,30.02.01,DAS01,,CAF6139,"589.2225889429493"
"6140",water,water,N,"-9",certain,certain,,30.02.01,DAS01,,CAF6140,"2163.950092874516"
"6141",water,water,N,"-9",certain,certain,,30.02.01,DAS01,,CAF6141,"990.0983700554134"
"6142",water,water,N,"-9",certain,certain,,30.02.01,DAS01,,CAF6142,"527.8913704777671"
"6143",water,water,N,"-9",certain,certain,,30.02.01,DAS01,,CAF6143,"1099.53019768328"
"6144",water,water,N,"-9",certain,certain,,30.02.01,DAS01,,CAF6144,"735.4953351203535"
"6145",water,water,N,"-9",certain,certain,,30.02.01,DAS01,,CAF6145,"587.8611692103311"
"6146",water,water,N,"-9",certain,certain,,30.02.01,DAS01,,CAF6146,"1229.959163960898"
"6147",water,water,N,"-9",certain,certain,,30.02.01,DAS01,,CAF6147,"904.1456156425266"
"6148",water,water,N,"-9",certain,certain,,30.02.01,DAS01,,CAF6148,"407.3419691528233"
"6149",water,water,N,"-9",certain,certain,,30.02.01,DAS01,,CAF6149,"1051.621888681452"
"6150",water,water,N,"-9",certain,certain,,30.02.01,DAS01,,CAF6150,"358.9511443099195"
"6151",water,water,N,"-9",certain,certain,,30.02.01,DAS01,,CAF6151,"811.1068153577536"
"6152",water,water,N,"-9",certain,certain,,30.02.01,DAS01,,CAF6152,"2330.985558678575"
"6153",water,water,N,"-9",certain,certain,,30.02.01,DAS01,,CAF6153,"1737.824740910611"
"6154",water,water,N,"-9",certain,certain,,30.02.01,DAS01,,CAF6154,"748.8948155741155"
"6155",water,water,N,"-9",certain,certain,,30.02.01,DAS01,,CAF6155,"1508.154418056665"
"6156",water,water,N,"-9",certain,certain,,30.02.01,DAS01,,CAF6156,"450.5262131974169"
"6157",water,water,N,"-9",certain,certain,,30.02.01,DAS01,,CAF6157,"967.3199492830886"
"6158",water,water,N,"-9",certain,certain,,30.02.01,DAS01,,CAF6158,"1130.884645892109"
"6159",water,water,N,"-9",certain,certain,,30.02.01,DAS01,,CAF6159,"342.6211727277208"
"6160",water,water,N,"-9",certain,certain,,30.02.01,DAS01,,CAF6160,"2132.96303686857"
"6161",water,water,N,"-9",certain,certain,,30.02.01,DAS01,,CAF6161,"1099.757743550218"
"6162",water,water,N,"-9",certain,certain,,30.02.01,DAS01,,CAF6162,"254.7668574655767"
"6163",water,water,N,"-9",certain,certain,,30.02.01,DAS01,,CAF6163,"5812.398590489274"
"6164",water,water,N,"-9",certain,certain,,30.02.01,DAS01,,CAF6164,"763.544919419753"
"6165",water,water,N,"-9",certain,certain,,30.02.01,DAS01,,CAF6165,"687.7771102345168"
"6166",water,water,N,"-9",certain,certain,,30.02.01,DAS01,,CAF6166,"878.7055645330231"
"6167",water,water,N,"-9",certain,certain,,30.02.01,DAS01,,CAF6167,"567.933590738934"
"6168",water,water,N,"-9",certain,certain,,30.02.01,DAS01,,CAF6168,"746.5519033311191"
"6169",water,water,N,"-9",certain,certain,,30.02.01,DAS01,,CAF6169,"2997.183067430422"
"6170",water,water,N,"-9",certain,certain,,30.02.01,DAS01,,CAF6170,"629.5130242963544"
"6171",water,water,N,"-9",certain,certain,,30.02.01,DAS01,,CAF6171,"1416.451723413941"
"6172",water,water,N,"-9",certain,certain,,30.02.01,DAS01,,CAF6172,"2275.712568645858"
"6173",water,water,N,"-9",certain,certain,,30.02.01,DAS01,,CAF6173,"1417.797310361134"
"6174",water,water,N,"-9",certain,certain,,30.02.01,DAS01,,CAF6174,"725.0295561188232"
"6175",water,water,N,"-9",certain,certain,,30.02.01,DAS01,,CAF6175,"971.9625322073738"
"6176",water,water,N,"-9",certain,certain,,30.02.01,DAS01,,CAF6176,"1950.868601583033"
"6177",water,water,N,"-9",certain,certain,,30.02.01,DAS01,,CAF6177,"1669.764509022729"
"6178",water,water,N,"-9",certain,certain,,30.02.01,DAS01,,CAF6178,"1293.039142365849"
"6179",water,water,N,"-9",certain,certain,,30.02.01,DAS01,,CAF6179,"940.7739066717982"
"6180",water,water,N,"-9",certain,certain,,30.02.01,DAS01,,CAF6180,"940.3108240601821"
"6181",water,water,N,"-9",certain,certain,,30.02.01,DAS01,,CAF6181,"580.022176251967"
"6182",water,water,N,"-9",certain,certain,,30.02.01,DAS01,,CAF6182,"1057.85087784171"
"6183",water,water,N,"-9",certain,certain,,30.02.01,DAS01,,CAF6183,"961.1787765599188"
"6184",water,water,N,"-9",certain,certain,,30.02.01,DAS01,,CAF6184,"696.6690598939648"
"6185",water,water,N,"-9",certain,certain,,30.02.01,DAS01,,CAF6185,"14484.41039186028"
"6186",water,water,N,"-9",certain,certain,,30.02.01,DAS01,,CAF6186,"1432.823692231865"
"6187",water,water,N,"-9",certain,certain,,30.02.01,DAS01,,CAF6187,"2593.131494525079"
"6188",water,water,N,"-9",certain,certain,,30.02.01,DAS01,,CAF6188,"1193.492957296707"
"6189",water,water,N,"-9",certain,certain,,30.02.01,DAS01,,CAF6189,"448.1656909571533"
"6190",water,water,N,"-9",certain,certain,,30.02.01,DAS01,,CAF6190,"450.878411951716"
"6191",water,water,N,"-9",certain,certain,,30.02.01,DAS01,,CAF6191,"332.3661702775796"
"6192",water,water,N,"-9",certain,certain,,30.02.01,DAS01,,CAF6192,"5021.813720068404"
"6193",water,water,N,"-9",certain,certain,,30.02.01,DAS01,,CAF6193,"1338.882541425156"
"6194",water,water,N,"-9",certain,certain,,30.02.01,DAS01,,CAF6194,"617.8300506613959"
"6195",water,water,N,"-9",certain,certain,,30.02.01,DAS01,,CAF6195,"576.1132626082804"
"6196",water,water,N,"-9",certain,certain,,30.02.01,DAS01,,CAF6196,"904.9048607742707"
"6197",water,water,N,"-9",certain,certain,,30.02.01,DAS01,,CAF6197,"1039.301219484117"
"6198",water,water,N,"-9",certain,certain,,30.02.01,DAS01,,CAF6198,"800.5044368685367"
"6199",water,water,N,"-9",certain,certain,,30.02.01,DAS01,,CAF6199,"2485.979447288767"
"6200",water,water,N,"-9",certain,certain,,30.02.01,DAS01,,CAF6200,"1993.368365985116"
"6201",water,water,N,"-9",certain,certain,,30.02.01,DAS01,,CAF6201,"661.4124821962869"
"6202",water,water,N,"-9",certain,certain,,30.02.01,DAS01,,CAF6202,"1371.871227082858"
"6203",water,water,N,"-9",certain,certain,,30.02.01,DAS01,,CAF6203,"1610.875485853972"
"6204",water,water,N,"-9",certain,certain,,30.02.01,DAS01,,CAF6204,"6025.977592780187"
"6205",water,water,N,"-9",certain,certain,,30.02.01,DAS01,,CAF6205,"2362.413152012962"
"6206",water,water,N,"-9",certain,certain,,30.02.01,DAS01,,CAF6206,"600.1442875360214"
"6207",water,water,N,"-9",certain,certain,,30.02.01,DAS01,,CAF6207,"568.9607912580188"
"6208",water,water,N,"-9",certain,certain,,30.02.01,DAS01,,CAF6208,"35580.84185028228"
"6209",water,water,N,"-9",certain,certain,,30.02.01,DAS01,,CAF6209,"811.7782195406164"
"6210",water,water,N,"-9",certain,certain,,30.02.01,DAS01,,CAF6210,"507.1571969602271"
"6211",water,water,N,"-9",certain,certain,,30.02.01,DAS01,,CAF6211,"1017.191268992889"
"6212",water,water,N,"-9",certain,certain,,30.02.01,DAS01,,CAF6212,"355.3384983143866"
"6213",water,water,N,"-9",certain,certain,,30.02.01,DAS01,,CAF6213,"1719.505023132922"
"6214",water,water,N,"-9",certain,certain,,30.02.01,DAS01,,CAF6214,"6248.61110739119"
"6215",water,water,N,"-9",certain,certain,,30.02.01,DAS01,,CAF6215,"905.0819028675854"
"6216",water,water,N,"-9",certain,certain,,30.02.01,DAS01,,CAF6216,"615.7414057467837"
"6217",water,water,N,"-9",certain,certain,,30.02.01,DAS01,,CAF6217,"5460.167734648039"
"6218",water,water,N,"-9",certain,certain,,30.02.01,DAS01,,CAF6218,"783.91579077522"
"6219",water,water,N,"-9",certain,certain,,30.02.01,DAS01,,CAF6219,"887.8557396791003"
"6220",water,water,N,"-9",certain,certain,,30.02.01,DAS01,,CAF6220,"2214.082243979865"
"6221",water,water,N,"-9",certain,certain,,30.02.01,DAS01,,CAF6221,"11581.02394749546"
"6222",water,water,N,"-9",certain,certain,,30.02.01,DAS01,,CAF6222,"5495.071184674957"
"6223",water,water,N,"-9",certain,certain,,30.02.01,DAS01,,CAF6223,"487.2494509550996"
"6224",water,water,N,"-9",certain,certain,,30.02.01,DAS01,,CAF6224,"599.9921835173302"
"6225",water,water,N,"-9",certain,certain,,30.02.01,DAS01,,CAF6225,"534.1251269261975"
"6226",water,water,N,"-9",certain,certain,,30.02.01,DAS01,,CAF6226,"1316.691114886373"
"6227",water,water,N,"-9",certain,certain,,30.02.01,DAS01,,CAF6227,"686.9502248338587"
"6228",water,water,N,"-9",certain,certain,,30.02.01,DAS01,,CAF6228,"892.746199486545"
"6229",water,water,N,"-9",certain,certain,,30.02.01,DAS01,,CAF6229,"866.3077430529821"
"6230",water,water,N,"-9",certain,certain,,30.02.01,DAS01,,CAF6230,"1610.921699504633"
"6231",water,water,N,"-9",certain,certain,,30.02.01,DAS01,,CAF6231,"13374.58068591187"
"6232",water,water,N,"-9",certain,certain,,30.02.01,DAS01,,CAF6232,"16463.21132291341"
"6233",water,water,N,"-9",certain,certain,,30.02.01,DAS01,,CAF6233,"871.00763447183"
"6234",water,water,N,"-9",certain,certain,,30.02.01,DAS01,,CAF6234,"1269.683941480921"
"6235",water,water,N,"-9",certain,certain,,30.02.01,DAS01,,CAF6235,"362.1885675580421"
"6236",water,water,N,"-9",certain,certain,,30.02.01,DAS01,,CAF6236,"4449.697820675347"
"6237",water,water,N,"-9",certain,certain,,30.02.01,DAS01,,CAF6237,"863.0364475027882"
"6238",water,water,N,"-9",certain,certain,,30.02.01,DAS01,,CAF6238,"923.6114950622991"
"6239",water,water,N,"-9",certain,certain,,30.02.01,DAS01,,CAF6239,"2006.623451322498"
"6240",water,water,N,"-9",certain,certain,,30.02.01,DAS01,,CAF6240,"1127.07840394304"
"6241",water,water,N,"-9",certain,certain,,30.02.01,DAS01,,CAF6241,"2430.647514132396"
"6242",water,water,N,"-9",certain,certain,,30.02.01,DAS01,,CAF6242,"783.6308998716146"
"6243",water,water,N,"-9",certain,certain,,30.02.01,DAS01,,CAF6243,"963.4123875703665"
"6244",water,water,N,"-9",certain,certain,,30.02.01,DAS01,,CAF6244,"1651.629137195224"
"6245",water,water,N,"-9",certain,certain,,30.02.01,DAS01,,CAF6245,"568.9638821978075"
"6246",water,water,N,"-9",certain,certain,,30.02.01,DAS01,,CAF6246,"1767.218516163495"
"6247",water,water,N,"-9",certain,certain,,30.02.01,DAS01,,CAF6247,"906.9143628989332"
"6248",water,water,N,"-9",certain,certain,,30.02.01,DAS01,,CAF6248,"3064.6105046385"
"6249",water,water,N,"-9",certain,certain,,30.02.01,DAS01,,CAF6249,"227.5903378488384"
"6250",water,water,N,"-9",certain,certain,,30.02.01,DAS01,,CAF6250,"2517.623723740572"
"6251",water,water,N,"-9",certain,certain,,30.02.01,DAS01,,CAF6251,"1273.054879719302"
"6252",water,water,N,"-9",certain,certain,,30.02.01,DAS01,,CAF6252,"1327.092350614297"
"6253",water,water,N,"-9",certain,certain,,30.02.01,DAS01,,CAF6253,"764.6913704486082"
"6254",water,water,N,"-9",certain,certain,,30.02.01,DAS01,,CAF6254,"2067.635275801373"
"6255",water,water,N,"-9",certain,certain,,30.02.01,DAS01,,CAF6255,"6383.391192971293"
"6256",water,water,N,"-9",certain,certain,,30.02.01,DAS01,,CAF6256,"3313.386365216574"
"6257",water,water,N,"-9",certain,certain,,30.02.01,DAS01,,CAF6257,"417.5280490366223"
"6258",water,water,N,"-9",certain,certain,,30.02.01,DAS01,,CAF6258,"541.4230117154651"
"6259",water,water,N,"-9",certain,certain,,30.02.01,DAS01,,CAF6259,"6617.64671972335"
"6260",water,water,N,"-9",certain,certain,,30.02.01,DAS01,,CAF6260,"2301.538827408077"
"6261",water,water,N,"-9",certain,certain,,30.02.01,DAS01,,CAF6261,"6727.627698693818"
"6262",water,water,N,"-9",certain,certain,,30.02.01,DAS01,,CAF6262,"814.4323963485712"
"6263",water,water,N,"-9",certain,certain,,30.02.01,DAS01,,CAF6263,"717.189010836885"
"6264",water,water,N,"-9",certain,certain,,30.02.01,DAS01,,CAF6264,"3101.734636273791"
"6265",water,water,N,"-9",certain,certain,,30.02.01,DAS01,,CAF6265,"984.2925834069862"
"6266",water,water,N,"-9",certain,certain,,30.02.01,DAS01,,CAF6266,"612.0065084526802"
"6267",water,water,N,"-9",certain,certain,,30.02.01,DAS01,,CAF6267,"396.4813794182367"
"6268",water,water,N,"-9",certain,certain,,30.02.01,DAS01,,CAF6268,"857.2017413305167"
"6269",water,water,N,"-9",certain,certain,,30.02.01,DAS01,,CAF6269,"1035.845520384001"
"6270",water,water,N,"-9",certain,certain,,30.02.01,DAS01,,CAF6270,"3200.396399864083"
"6271",water,water,N,"-9",certain,certain,,30.02.01,DAS01,,CAF6271,"820.9594298112901"
"6272",water,water,N,"-9",certain,certain,,30.02.01,DAS01,,CAF6272,"569.4522135861854"
"6273",water,water,N,"-9",certain,certain,,30.02.01,DAS01,,CAF6273,"678.0269169335801"
"6274",water,water,N,"-9",certain,certain,,30.02.01,DAS01,,CAF6274,"756.3772250386352"
"6275",water,water,N,"-9",certain,certain,,30.02.01,DAS01,,CAF6275,"940.3794157964925"
"6276",water,water,N,"-9",certain,certain,,30.02.01,DAS01,,CAF6276,"5210.922371188548"
"6277",water,water,N,"-9",certain,certain,,30.02.01,DAS01,,CAF6277,"1486.260510648112"
"6278",water,water,N,"-9",certain,certain,,30.02.01,DAS01,,CAF6278,"853.3873615238051"
"6279",water,water,N,"-9",certain,certain,,30.02.01,DAS01,,CAF6279,"932.1945209341688"
"6280",water,water,N,"-9",certain,certain,,30.02.01,DAS01,,CAF6280,"587.1013833948406"
"6281",water,water,N,"-9",certain,certain,,30.02.01,DAS01,,CAF6281,"437.9349759157114"
"6282",water,water,N,"-9",certain,certain,,30.02.01,DAS01,,CAF6282,"545.9270058845505"
"6283",water,water,N,"-9",certain,certain,,30.02.01,DAS01,,CAF6283,"767.579903334096"
"6284",water,water,N,"-9",certain,certain,,30.02.01,DAS01,,CAF6284,"5887.556284056751"
"6285",water,water,N,"-9",certain,certain,,30.02.01,DAS01,,CAF6285,"1061.056324581529"
"6286",water,water,N,"-9",certain,certain,,30.02.01,DAS01,,CAF6286,"2111.114070774086"
"6287",water,water,N,"-9",certain,certain,,30.02.01,DAS01,,CAF6287,"1074.319005635267"
"6288",water,water,N,"-9",certain,certain,,30.02.01,DAS01,,CAF6288,"6463.865344183097"
"6289",water,water,N,"-9",certain,certain,,30.02.01,DAS01,,CAF6289,"1303.50926028451"
"6290",water,water,N,"-9",certain,certain,,30.02.01,DAS01,,CAF6290,"609.7043840865938"
"6291",water,water,N,"-9",certain,certain,,30.02.01,DAS01,,CAF6291,"2346.574199317032"
"6292",water,water,N,"-9",certain,certain,,30.02.01,DAS01,,CAF6292,"657.9604102475088"
"6293",water,water,N,"-9",certain,certain,,30.02.01,DAS01,,CAF6293,"509.7311979389582"
"6294",water,water,N,"-9",certain,certain,,30.02.01,DAS01,,CAF6294,"1001.71496315107"
"6295",water,water,N,"-9",certain,certain,,30.02.01,DAS01,,CAF6295,"829.8825844532155"
"6296",water,water,N,"-9",certain,certain,,30.02.01,DAS01,,CAF6296,"1411.380523205114"
"6297",water,water,N,"-9",certain,certain,,30.02.01,DAS01,,CAF6297,"716.1736474745634"
"6298",water,water,N,"-9",certain,certain,,30.02.01,DAS01,,CAF6298,"542.3807667856021"
"6299",water,water,N,"-9",certain,certain,,30.02.01,DAS01,,CAF6299,"1828.793054540404"
"6300",water,water,N,"-9",certain,certain,,30.02.01,DAS01,,CAF6300,"528.8029754431557"
"6301",water,water,N,"-9",certain,certain,,30.02.01,DAS01,,CAF6301,"254.3313570825104"
"6302",water,water,N,"-9",certain,certain,,30.02.01,DAS01,,CAF6302,"1711.580261042238"
"6303",water,water,N,"-9",certain,certain,,30.02.01,DAS01,,CAF6303,"2455.363344704574"
"6304",water,water,N,"-9",certain,certain,,30.02.01,DAS01,,CAF6304,"1812.181574751731"
"6305",water,water,N,"-9",certain,certain,,30.02.01,DAS01,,CAF6305,"20050.97193310676"
"6306",water,water,N,"-9",certain,certain,,30.02.01,DAS01,,CAF6306,"574.1403860032855"
"6307",water,water,N,"-9",certain,certain,,30.02.01,DAS01,,CAF6307,"2236.739774720598"
"6308",water,water,N,"-9",certain,certain,,30.02.01,DAS01,,CAF6308,"565.2032777150223"
"6309",water,water,N,"-9",certain,certain,,30.02.01,DAS01,,CAF6309,"498.1044003663861"
"6310",water,water,N,"-9",certain,certain,,30.02.01,DAS01,,CAF6310,"4801.143877649588"
"6311",water,water,N,"-9",certain,certain,,30.02.01,DAS01,,CAF6311,"3307.37161407029"
"6312",water,water,N,"-9",certain,certain,,30.02.01,DAS01,,CAF6312,"764.4402006849758"
"6313",water,water,N,"-9",certain,certain,,30.02.01,DAS01,,CAF6313,"873.9528791907455"
"6314",water,water,N,"-9",certain,certain,,30.02.01,DAS01,,CAF6314,"306.8331877195657"
"6315",water,water,N,"-9",certain,certain,,30.02.01,DAS01,,CAF6315,"1149.574930145022"
"6316",water,water,N,"-9",certain,certain,,30.02.01,DAS01,,CAF6316,"12837.13155747207"
"6317",water,water,N,"-9",certain,certain,,30.02.01,DAS01,,CAF6317,"1941.446051405549"
"6318",water,water,N,"-9",certain,certain,,30.02.01,DAS01,,CAF6318,"1057.703001341012"
"6319",water,water,N,"-9",certain,certain,,30.02.01,DAS01,,CAF6319,"2745.490699506206"
"6320",water,water,N,"-9",certain,certain,,30.02.01,DAS01,,CAF6320,"1340.134871951666"
"6321",water,water,N,"-9",certain,certain,,30.02.01,DAS01,,CAF6321,"740.040713811732"
"6322",water,water,N,"-9",certain,certain,,30.02.01,DAS01,,CAF6322,"1170.222346745305"
"6323",water,water,N,"-9",certain,certain,,30.02.01,DAS01,,CAF6323,"448.2226200187745"
"6324",water,water,N,"-9",certain,certain,,30.02.01,DAS01,,CAF6324,"891.3434553837493"
"6325",water,water,N,"-9",certain,certain,,30.02.01,DAS01,,CAF6325,"977.1670113511677"
"6326",water,water,N,"-9",certain,certain,,30.02.01,DAS01,,CAF6326,"2913.4131658038"
"6327",water,water,N,"-9",certain,certain,,30.02.01,DAS01,,CAF6327,"1203.539858921622"
"6328",water,water,N,"-9",certain,certain,,30.02.01,DAS01,,CAF6328,"442.2869121084017"
"6329",water,water,N,"-9",certain,certain,,30.02.01,DAS01,,CAF6329,"17279.94154418815"
"6330",water,water,N,"-9",certain,certain,,30.02.01,DAS01,,CAF6330,"2451.780925234592"
"6331",water,water,N,"-9",certain,certain,,30.02.01,DAS01,,CAF6331,"5663.606582833846"
"6332",water,water,N,"-9",certain,certain,,30.02.01,DAS01,,CAF6332,"519.6465310176313"
"6333",water,water,N,"-9",certain,certain,,30.02.01,DAS01,,CAF6333,"4579.755728077921"
"6334",water,water,N,"-9",certain,certain,,30.02.01,DAS01,,CAF6334,"1993.774366519862"
"6335",water,water,N,"-9",certain,certain,,30.02.01,DAS01,,CAF6335,"2861.804298426145"
"6336",water,water,N,"-9",certain,certain,,30.02.01,DAS01,,CAF6336,"3272.801177767745"
"6337",water,water,N,"-9",certain,certain,,30.02.01,DAS01,,CAF6337,"1019.437882203549"
"6338",water,water,N,"-9",certain,certain,,30.02.01,DAS01,,CAF6338,"20417.85052794126"
"6339",water,water,N,"-9",certain,certain,,30.02.01,DAS01,,CAF6339,"2248.7235085372"
"6340",water,water,N,"-9",certain,certain,,30.02.01,DAS01,,CAF6340,"2951.070664190594"
"6341",water,water,N,"-9",certain,certain,,30.02.01,DAS01,,CAF6341,"1007.095556551121"
"6342",water,water,N,"-9",certain,certain,,30.02.01,DAS01,,CAF6342,"5931.620774354827"
"6343",water,water,N,"-9",certain,certain,,30.02.01,DAS01,,CAF6343,"368.0010671714151"
"6344",water,water,N,"-9",certain,certain,,30.02.01,DAS01,,CAF6344,"2264.094636485014"
"6345",water,water,N,"-9",certain,certain,,30.02.01,DAS01,,CAF6345,"927.9601719088258"
"6346",water,water,N,"-9",certain,certain,,30.02.01,DAS01,,CAF6346,"951.7033518310774"
"6347",water,water,N,"-9",certain,certain,,30.02.01,DAS01,,CAF6347,"2552.496982596736"
"6348",water,water,N,"-9",certain,certain,,30.02.01,DAS01,,CAF6348,"478.654075125834"
"6349",water,water,N,"-9",certain,certain,,30.02.01,DAS01,,CAF6349,"1470.409677362838"
"6350",water,water,N,"-9",certain,certain,,30.02.01,DAS01,,CAF6350,"444.1527650176158"
"6351",water,water,N,"-9",certain,certain,,30.02.01,DAS01,,CAF6351,"524.9811043936545"
"6352",water,water,N,"-9",certain,certain,,30.02.01,DAS01,,CAF6352,"3090.61653725958"
"6353",water,water,N,"-9",certain,certain,,30.02.01,DAS01,,CAF6353,"17669.67207290359"
"6354",water,water,N,"-9",certain,certain,,30.02.01,DAS01,,CAF6354,"495.4881574335909"
"6355",water,water,N,"-9",certain,certain,,30.02.01,DAS01,,CAF6355,"516.0230366415908"
"6356",water,water,N,"-9",certain,certain,,30.02.01,DAS01,,CAF6356,"1490.280375510038"
"6357",water,water,N,"-9",certain,certain,,30.02.01,DAS01,,CAF6357,"5527.064942161969"
"6358",water,water,N,"-9",certain,certain,,30.02.01,DAS01,,CAF6358,"4576.172799340215"
"6359",water,water,N,"-9",certain,certain,,30.02.01,DAS01,,CAF6359,"649.0635974334693"
"6360",water,water,N,"-9",certain,certain,,30.02.01,DAS01,,CAF6360,"924.0232291255323"
"6361",water,water,N,"-9",certain,certain,,30.02.01,DAS01,,CAF6361,"1677.518313837865"
"6362",water,water,N,"-9",certain,certain,,30.02.01,DAS01,,CAF6362,"1260.527921166534"
"6363",water,water,N,"-9",certain,certain,,30.02.01,DAS01,,CAF6363,"1242.936233041738"
"6364",water,water,N,"-9",certain,certain,,30.02.01,DAS01,,CAF6364,"545.7425187647412"
"6365",water,water,N,"-9",certain,certain,,30.02.01,DAS01,,CAF6365,"493.6384884791363"
"6366",water,water,N,"-9",certain,certain,,30.02.01,DAS01,,CAF6366,"1831.95618668385"
"6367",water,water,N,"-9",certain,certain,,30.02.01,DAS01,,CAF6367,"2360.188870180113"
"6368",water,water,N,"-9",certain,certain,,30.02.01,DAS01,,CAF6368,"498.4263425230475"
"6369",water,water,N,"-9",certain,certain,,30.02.01,DAS01,,CAF6369,"744.6195142669562"
"6370",water,water,N,"-9",certain,certain,,30.02.01,DAS01,,CAF6370,"854.8195407045802"
"6371",water,water,N,"-9",certain,certain,,30.02.01,DAS01,,CAF6371,"256.8351779738592"
"6372",water,water,N,"-9",certain,certain,,30.02.01,DAS01,,CAF6372,"2109.468242867691"
"6373",water,water,N,"-9",certain,certain,,30.02.01,DAS01,,CAF6373,"1206.624730836498"
"6374",water,water,N,"-9",certain,certain,,30.02.01,DAS01,,CAF6374,"3189.507772729724"
"6375",water,water,N,"-9",certain,certain,,30.02.01,DAS01,,CAF6375,"4863.259970126724"
"6376",water,water,N,"-9",certain,certain,,30.02.01,DAS01,,CAF6376,"1296.586455379777"
"6377",water,water,N,"-9",certain,certain,,30.02.01,DAS01,,CAF6377,"885.160829849998"
