OBJECTID,MapUnit,IdentityConfidence,Label,Symbol,DataSourceID,Notes,MapUnitPolys_ID,Shape_Length,Shape_Area
"1",Cu,certain,_u,Cu,DAS01,,MUP0001,"43008.07005589305","26012198.68173803"
"2",Cu,certain,_u,Cu,DAS01,,MUP0002,"26914.54498819723","8819690.769682502"
"3",Cu,certain,_u,Cu,DAS01,,MUP0003,"40200.14713529912","32587888.99405587"
"4",Cu,certain,_u,Cu,DAS01,,MUP0004,"14711.45956169209","2150096.470116849"
"5",Cu,certain,_u,Cu,DAS01,,MUP0005,"1843.332012594575","218365.7531168106"
"6",Cu,certain,_u,Cu,DAS01,,MUP0006,"2409.218477408407","370841.958100439"
"7",Cu,certain,_u,Cu,DAS01,,MUP0007,"5268.585715283452","1323224.26161207"
"8",Cu,certain,_u,Cu,DAS01,,MUP0008,"11600.71973917259","4045572.551845583"
"9",Cu,certain,_u,Cu,DAS01,,MUP0009,"13264.44019196741","2662141.868248164"
"10",Cu,certain,_u,Cu,DAS01,changed from Ym to Cu to match printed map,MUP0010,"1185.840254054709","85344.57666952586"
"11",Cu,certain,_u,Cu,DAS01,,MUP0011,"3465.902808412838","700317.3334710953"
"12",Cu,certain,_u,Cu,DAS01,,MUP0012,"58281.28141740458","35384733.20889191"
"13",Cu,certain,_u,Cu,DAS01,,MUP0013,"56837.70122097094","29316848.12046386"
"14",Cu,certain,_u,Cu,DAS01,,MUP0014,"3156.161314676374","677083.6086622962"
"15",Cu,certain,_u,Cu,DAS01,,MUP0015,"9929.731387434551","2815252.988381769"
"16",Cu,certain,_u,Cu,DAS01,,MUP0016,"12535.21975396618","1678718.380828351"
"17",Cu,certain,_u,Cu,DAS01,,MUP0017,"15452.09675509415","2863813.732038376"
"18",Cu,certain,_u,Cu,DAS01,,MUP0018,"111368.8787424492","68082155.80394176"
"19",Cu,certain,_u,Cu,DAS01,,MUP0019,"67373.68741128735","46787536.81348738"
"20",Cu,certain,_u,Cu,DAS01,,MUP0020,"2517.105562065457","419131.6199086067"
"21",Cu,certain,_u,Cu,DAS01,,MUP0021,"3267.079643879669","362370.7595555141"
"22",Cu,certain,_u,Cu,DAS01,,MUP0022,"89445.71447957821","54991712.40259659"
"23",Cu,certain,_u,Cu,DAS01,,MUP0023,"45188.35474221536","17583325.50842731"
"24",Cu,certain,_u,Cu,DAS01,,MUP0024,"18880.46465064069","6826307.217057508"
"25",Cu,certain,_u,Cu,DAS01,,MUP0025,"30496.72660155736","23950756.46616553"
"26",Cu,certain,_u,Cu,DAS01,,MUP0026,"20808.12797476496","11021432.77812707"
"27",Cu,certain,_u,Cu,DAS01,,MUP0027,"6921.828097985886","655674.3098633623"
"28",Cu,certain,_u,Cu,DAS01,,MUP0028,"1885.883265484603","234123.4237151939"
"29",Cu,certain,_u,Cu,DAS01,,MUP0029,"28185.94204951552","12404099.01444231"
"30",Cu,certain,_u,Cu,DAS01,,MUP0030,"51234.93201078378","18787425.46975181"
"31",Cu,certain,_u,Cu,DAS01,,MUP0031,"2914.733169921721","298376.3833267734"
"32",Cu,certain,_u,Cu,DAS01,,MUP0032,"2641.564495926648","408733.7636174183"
"33",Cu,certain,_u,Cu,DAS01,,MUP0033,"18107.80280864111","7791718.663367301"
"34",Cu,certain,_u,Cu,DAS01,,MUP0034,"15107.31535701093","10725636.51853129"
"35",Cu,certain,_u,Cu,DAS01,,MUP0035,"74678.4115864256","59834589.16430371"
"36",Cu,certain,_u,Cu,DAS01,,MUP0036,"21977.45403309133","9861252.402966598"
"37",Cu,certain,_u,Cu,DAS01,,MUP0037,"21917.67604861212","7918261.9964147"
"38",Cu,certain,_u,Cu,DAS01,,MUP0038,"33952.06810758695","8609975.349358801"
"39",Cu,certain,_u,Cu,DAS01,,MUP0039,"623.1868952270243","14328.40394778385"
"40",Cu,certain,_u,Cu,DAS01,,MUP0040,"3268.2615564484","240247.8924864275"
"41",Cu,certain,_u,Cu,DAS01,,MUP0041,"43568.78387091567","16766542.93833674"
"42",Cu,certain,_u,Cu,DAS01,,MUP0042,"1105.726348082866","48884.07873921697"
"43",Cu,certain,_u,Cu,DAS01,,MUP0043,"10720.36003327111","2301372.690066459"
"44",Cu,certain,_u,Cu,DAS01,,MUP0044,"9195.417070522726","2905425.18949691"
"45",Cu,certain,_u,Cu,DAS01,,MUP0045,"14633.24352328776","3413958.550895532"
"46",Cu,certain,_u,Cu,DAS01,,MUP0046,"5923.102957720617","1804713.340390361"
"47",Cu,certain,_u,Cu,DAS01,,MUP0047,"2395.225290380872","148912.4443694264"
"48",Cu,certain,_u,Cu,DAS01,,MUP0048,"7749.208421806266","1080878.550466303"
"49",Cu,certain,_u,Cu,DAS01,,MUP0049,"1757.942115649627","219625.1810829875"
"50",Cu,certain,_u,Cu,DAS01,,MUP0050,"13291.22845626106","3592996.10288864"
"51",Cu,certain,_u,Cu,DAS01,,MUP0051,"4178.485466194637","1062934.191159783"
"52",Cu,certain,_u,Cu,DAS01,,MUP0052,"31444.54094184149","19243659.71941198"
"53",Cu,certain,_u,Cu,DAS01,,MUP0053,"27961.79982771593","9525177.378472401"
"54",Cu,certain,_u,Cu,DAS01,,MUP0054,"251132.5957744614","224492779.9109985"
"55",Du,certain,Du,Du,DAS01,,MUP0055,"6652.973355009769","508572.4565878006"
"56",Du,certain,Du,Du,DAS01,,MUP0056,"3381.492872347683","637706.6049454883"
"57",Du,certain,Du,Du,DAS01,,MUP0057,"19852.58336996662","6313553.132853623"
"58",Du,certain,Du,Du,DAS01,,MUP0058,"32287.6909081116","3938174.047548402"
"59",Du,certain,Du,Du,DAS01,,MUP0059,"47424.00584612514","20349252.34235122"
"60",Du,certain,Du,Du,DAS01,,MUP0060,"32082.7965340463","8594876.41285274"
"61",Du,certain,Du,Du,DAS01,,MUP0061,"11036.67974666488","6927576.675164549"
"62",Du,certain,Du,Du,DAS01,,MUP0062,"104279.3822210103","34030672.98581254"
"63",Du,certain,Du,Du,DAS01,,MUP0063,"82553.67028139287","14653764.20879794"
"64",Du,certain,Du,Du,DAS01,,MUP0064,"1729.062480701306","100363.9027733903"
"65",Du,certain,Du,Du,DAS01,,MUP0065,"39441.3729781577","12564896.18278589"
"66",Du,certain,Du,Du,DAS01,,MUP0066,"47377.25566181995","17796732.14506007"
"67",Du,certain,Du,Du,DAS01,,MUP0067,"26162.39523163671","9861924.731994973"
"68",Du,certain,Du,Du,DAS01,,MUP0068,"36190.12036082437","27001991.95950083"
"69",Du,certain,Du,Du,DAS01,,MUP0069,"24482.66833908839","15123994.3699697"
"70",Du,certain,Du,Du,DAS01,,MUP0070,"4560.356269642833","1490822.788927149"
"71",Du,certain,Du,Du,DAS01,,MUP0071,"27282.29703355671","9110770.821249582"
"72",Du,certain,Du,Du,DAS01,,MUP0072,"4045.692341222353","924483.1667438295"
"73",Du,certain,Du,Du,DAS01,,MUP0073,"18618.436445715","3568600.562568474"
"74",Du,certain,Du,Du,DAS01,,MUP0074,"5602.335201076594","1180255.041808124"
"75",Du,certain,Du,Du,DAS01,,MUP0075,"25757.310173632","6548752.342134515"
"76",Du,certain,Du,Du,DAS01,,MUP0076,"36018.18668121716","15427554.70019117"
"77",Du,certain,Du,Du,DAS01,,MUP0077,"4105.919308544311","737872.5522518894"
"78",Du,certain,Du,Du,DAS01,,MUP0078,"7092.211377797658","2604181.557222301"
"79",Du,certain,Du,Du,DAS01,,MUP0079,"1487.353646197461","138659.4854973248"
"80",Du,certain,Du,Du,DAS01,,MUP0080,"13327.34689186823","1733414.241115798"
"81",Du,certain,Du,Du,DAS01,,MUP0081,"2115.724734843654","243331.7787550387"
"82",Du,certain,Du,Du,DAS01,,MUP0082,"14444.91655680909","10522699.12483863"
"83",Du,certain,Du,Du,DAS01,,MUP0083,"8214.91480717864","4164734.104354219"
"84",Du,certain,Du,Du,DAS01,,MUP0084,"4746.228072237557","1004672.011730535"
"85",Du,certain,Du,Du,DAS01,,MUP0085,"3508.576106149688","209406.0159892465"
"86",Du,certain,Du,Du,DAS01,,MUP0086,"3899.251525872779","592607.0844058279"
"87",Du,certain,Du,Du,DAS01,,MUP0087,"18275.8568457871","11894431.64258488"
"88",Du,certain,Du,Du,DAS01,,MUP0088,"2396.797000890295","397466.718646518"
"89",Du,certain,Du,Du,DAS01,,MUP0089,"9586.062520593316","6043219.638574131"
"90",Du,certain,Du,Du,DAS01,,MUP0090,"5860.244404969596","615576.8582856539"
"91",Du,certain,Du,Du,DAS01,,MUP0091,"8748.496033215595","3540593.536906528"
"92",Du,certain,Du,Du,DAS01,,MUP0092,"9404.639149729548","3563087.983912374"
"93",Du,certain,Du,Du,DAS01,,MUP0093,"12542.31151307934","5283055.068034368"
"94",Du,certain,Du,Du,DAS01,,MUP0094,"6004.643288813621","1374083.683193723"
"95",Du,certain,Du,Du,DAS01,,MUP0095,"35612.48620399633","27090443.88377812"
"96",Du,certain,Du,Du,DAS01,,MUP0096,"6252.066701482519","1754886.850860488"
"97",Du,certain,Du,Du,DAS01,,MUP0097,"12453.72678952336","2214858.516028195"
"98",Du,certain,Du,Du,DAS01,,MUP0098,"2217.874871164843","295395.2247501623"
"99",Du,certain,Du,Du,DAS01,,MUP0099,"7388.271555318427","1514672.445611562"
"100",Du,certain,Du,Du,DAS01,,MUP0100,"43369.22379086661","27002807.47463342"
"101",Du,certain,Du,Du,DAS01,,MUP0101,"14301.60463610016","8161080.915995101"
"102",Du,certain,Du,Du,DAS01,,MUP0102,"4450.019853454105","1103316.015841075"
"103",Du,certain,Du,Du,DAS01,,MUP0103,"10050.82413426195","5051793.740020617"
"104",Du,certain,Du,Du,DAS01,,MUP0104,"4177.766687808059","1089431.840595708"
"105",Du,certain,Du,Du,DAS01,,MUP0105,"14200.71125493348","4019491.529813592"
"106",Du,certain,Du,Du,DAS01,,MUP0106,"27716.45468952198","13355464.89238692"
"107",Du,certain,Du,Du,DAS01,,MUP0107,"6450.801051588503","1924969.892623784"
"108",Du,certain,Du,Du,DAS01,,MUP0108,"2835.82815154978","461710.8877745318"
"109",Du,certain,Du,Du,DAS01,,MUP0109,"13618.55949013903","7009715.14990062"
"110",Du,certain,Du,Du,DAS01,,MUP0110,"21803.51551863792","3517875.86180157"
"111",Du,certain,Du,Du,DAS01,,MUP0111,"2668.940902509315","385295.7094222421"
"112",Du,certain,Du,Du,DAS01,,MUP0112,"44068.72485606351","25817523.47165659"
"113",Du,certain,Du,Du,DAS01,,MUP0113,"5168.40262285427","909630.4355693882"
"114",Du,certain,Du,Du,DAS01,,MUP0114,"7261.273065914333","2598054.997618354"
"115",Du,certain,Du,Du,DAS01,,MUP0115,"9713.792087607768","1904788.892447737"
"116",Du,certain,Du,Du,DAS01,,MUP0116,"16584.59034762838","7778808.511227034"
"117",Du,certain,Du,Du,DAS01,,MUP0117,"27363.30388010562","8438976.246205397"
"118",Du,certain,Du,Du,DAS01,,MUP0118,"11639.16117054177","6860079.864711631"
"119",Du,certain,Du,Du,DAS01,,MUP0119,"12661.09314758552","4125617.109501096"
"120",Du,certain,Du,Du,DAS01,,MUP0120,"1861.35493257496","239872.4689885621"
"121",Du,certain,Du,Du,DAS01,,MUP0121,"14265.98506971546","9992725.010459291"
"122",Du,certain,Du,Du,DAS01,,MUP0122,"52959.5183818042","23442627.81419362"
"123",Du,certain,Du,Du,DAS01,,MUP0123,"4836.912803915543","423795.4702889225"
"124",Kh,certain,Kh,Kh,DAS01,,MUP0124,"1326.970142332082","111223.1200751331"
"125",Kh,certain,Kh,Kh,DAS01,,MUP0125,"1911.306448832896","139952.7811652657"
"126",Kh,certain,Kh,Kh,DAS01,,MUP0126,"4371.123938206036","594731.7848541571"
"127",Kh,certain,Kh,Kh,DAS01,,MUP0127,"2019.567700678487","255766.9002801211"
"128",Kh,certain,Kh,Kh,DAS01,,MUP0128,"1647.269031184387","168327.7854658135"
"129",Kh,certain,Kh,Kh,DAS01,,MUP0129,"1107.626046317067","77219.40993861077"
"130",Kh,certain,Kh,Kh,DAS01,,MUP0130,"2348.803125710655","337672.1619729336"
"131",Kh,certain,Kh,Kh,DAS01,,MUP0131,"6104.535178106839","1399920.931822885"
"132",Kh,certain,Kh,Kh,DAS01,,MUP0132,"3809.484793442181","337397.2053146794"
"133",Kh,certain,Kh,Kh,DAS01,,MUP0133,"1473.797347978754","136624.5779122247"
"134",Kh,certain,Kh,Kh,DAS01,,MUP0134,"846.9019209460839","51804.40222575393"
"135",Kh,certain,Kh,Kh,DAS01,,MUP0135,"6014.536510224744","773147.2605450916"
"136",Kh,certain,Kh,Kh,DAS01,,MUP0136,"6071.600077079368","1489541.809824163"
"137",Kh,certain,Kh,Kh,DAS01,,MUP0137,"10358.33855183938","2289524.779215168"
"138",Kh,certain,Kh,Kh,DAS01,,MUP0138,"1109.271984739743","67811.84663568914"
"139",Kh,certain,Kh,Kh,DAS01,,MUP0139,"3308.022953682662","437097.751226971"
"140",Kh,certain,Kh,Kh,DAS01,,MUP0140,"96324.82994728904","50139269.79120957"
"141",Kh,certain,Kh,Kh,DAS01,,MUP0141,"2125.945510486817","219326.819914545"
"142",Kh,certain,Kh,Kh,DAS01,,MUP0142,"8070.726625840027","2535671.487028429"
"143",Kh,certain,Kh,Kh,DAS01,,MUP0143,"1224.360153824807","95533.21380008863"
"144",Kh,certain,Kh,Kh,DAS01,,MUP0144,"9978.624649538595","1765667.789052316"
"145",Kh,certain,Kh,Kh,DAS01,,MUP0145,"4264.899802289453","525254.5846992263"
"146",Kh,certain,Kh,Kh,DAS01,,MUP0146,"9667.535949968231","857445.9695529556"
"147",Kh,certain,Kh,Kh,DAS01,,MUP0147,"1547.525760086352","144589.7474885386"
"148",Kh,certain,Kh,Kh,DAS01,,MUP0148,"6013.787777654017","411150.9771958981"
"149",Kh,certain,Kh,Kh,DAS01,,MUP0149,"4627.671813720198","1125464.19617562"
"150",Kh,certain,Kh,Kh,DAS01,,MUP0150,"6305.368442693381","695232.0893921753"
"151",Kh,certain,Kh,Kh,DAS01,,MUP0151,"15664.54677146825","1741949.986734472"
"152",Kh,certain,Kh,Kh,DAS01,,MUP0152,"5542.830648276104","554366.7725852742"
"153",Kh,certain,Kh,Kh,DAS01,,MUP0153,"24298.26460862159","4293999.58860681"
"154",Kh,certain,Kh,Kh,DAS01,,MUP0154,"1101.36044697488","74719.75118140677"
"155",Kh,certain,Kh,Kh,DAS01,,MUP0155,"2288.447342748357","319009.9098927094"
"156",Kh,certain,Kh,Kh,DAS01,,MUP0156,"2324.679370334326","379316.1247517198"
"157",Kh,certain,Kh,Kh,DAS01,,MUP0157,"2588.692362165141","340497.6060808896"
"158",Kh,certain,Kh,Kh,DAS01,,MUP0158,"6656.208486139503","2323079.398681041"
"159",Kh,certain,Kh,Kh,DAS01,changed from Ktm to Kh to match printed map,MUP0159,"1144.707454427901","77965.86312915653"
"160",Kh,certain,Kh,Kh,DAS01,,MUP0160,"2550.14856643911","225760.510795561"
"161",Kh,certain,Kh,Kh,DAS01,,MUP0161,"1612.143348285299","139257.9314758855"
"162",KJ,certain,KJ,KJ,DAS01,,MUP0162,"6256.159916268468","1615807.737120785"
"163",KJ,certain,KJ,KJ,DAS01,,MUP0163,"45703.1992589124","12467188.13931266"
"164",KJ,certain,KJ,KJ,DAS01,,MUP0164,"4548.166468343722","444868.1524912897"
"165",KJ,certain,KJ,KJ,DAS01,,MUP0165,"2582.967260906361","111635.5194180656"
"166",KJ,certain,KJ,KJ,DAS01,,MUP0166,"1785.529239537555","68100.69876357524"
"167",KJ,certain,KJ,KJ,DAS01,,MUP0167,"18813.21093927663","5153994.010444577"
"168",KJ,certain,KJ,KJ,DAS01,,MUP0168,"8663.206086360042","3264501.501362294"
"169",KJ,certain,KJ,KJ,DAS01,,MUP0169,"78618.17644500775","26024966.37454775"
"170",KJ,certain,KJ,KJ,DAS01,,MUP0170,"14662.92414845802","3511291.221013225"
"171",KJ,certain,KJ,KJ,DAS01,,MUP0171,"110381.6788228438","59510606.5163199"
"172",KJ,certain,KJ,KJ,DAS01,,MUP0172,"6015.603378760048","1966649.592057659"
"173",KJ,certain,KJ,KJ,DAS01,,MUP0173,"43156.35928736711","9966994.12529185"
"174",KJ,certain,KJ,KJ,DAS01,,MUP0174,"15605.03775224659","4702290.922010723"
"175",KJ,certain,KJ,KJ,DAS01,,MUP0175,"113479.1287071587","45927572.33012898"
"176",KJ,certain,KJ,KJ,DAS01,,MUP0176,"13664.27695444282","5615046.898710076"
"177",KJ,certain,KJ,KJ,DAS01,,MUP0177,"12712.58198662676","4643219.422251742"
"178",KJ,certain,KJ,KJ,DAS01,,MUP0178,"22908.89643493009","16542903.32906674"
"179",KJ,certain,KJ,KJ,DAS01,,MUP0179,"25838.12108488951","5885383.601278638"
"180",KJ,certain,KJ,KJ,DAS01,,MUP0180,"31774.46875025445","9146777.802409986"
"181",KJ,certain,KJ,KJ,DAS01,,MUP0181,"1021.37787397361","50415.00579182538"
"182",KJ,certain,KJ,KJ,DAS01,,MUP0182,"1569.045350001834","139271.6653958855"
"183",KJ,certain,KJ,KJ,DAS01,,MUP0183,"12469.31149405642","5760428.17548607"
"184",KJ,certain,KJ,KJ,DAS01,,MUP0184,"5752.853740422652","830851.9060798771"
"185",KJ,certain,KJ,KJ,DAS01,,MUP0185,"2169.298417849025","129358.4896009877"
"186",KJ,certain,KJ,KJ,DAS01,,MUP0186,"50204.18659160728","16290407.3621312"
"187",KJ,certain,KJ,KJ,DAS01,,MUP0187,"3842.919794434636","350177.6615540712"
"188",KJ,certain,KJ,KJ,DAS01,,MUP0188,"3660.543674801674","488901.3784434076"
"189",KJ,certain,KJ,KJ,DAS01,,MUP0189,"7738.011587522496","1067513.029129852"
"190",KJ,certain,KJ,KJ,DAS01,,MUP0190,"32372.03103729623","11972459.69277728"
"191",KJ,certain,KJ,KJ,DAS01,,MUP0191,"19142.86238500676","5459368.357666757"
"192",KJ,certain,KJ,KJ,DAS01,,MUP0192,"12161.34853625695","4765392.489124915"
"193",KJ,certain,KJ,KJ,DAS01,,MUP0193,"32682.87270887938","13882106.2156667"
"194",KJ,certain,KJ,KJ,DAS01,,MUP0194,"15445.99009294022","8308958.547774917"
"195",KJ,certain,KJ,KJ,DAS01,,MUP0195,"29905.02989523415","7385037.960616988"
"196",KJ,certain,KJ,KJ,DAS01,,MUP0196,"4917.512433938183","910241.681282489"
"197",KJ,certain,KJ,KJ,DAS01,,MUP0197,"32011.29662347332","5276212.415042247"
"198",KJ,certain,KJ,KJ,DAS01,,MUP0198,"387660.8355844237","155485622.2355419"
"199",KJ,certain,KJ,KJ,DAS01,,MUP0199,"2618.715596419746","195770.0879642214"
"200",KJ,certain,KJ,KJ,DAS01,,MUP0200,"2668.242384881653","251365.4574929502"
"201",KJ,certain,KJ,KJ,DAS01,,MUP0201,"6908.892945416867","2355442.333552818"
"202",Kl,certain,Kl,Kl,DAS01,,MUP0202,"4448.822365544375","1185125.692140656"
"203",Kl,certain,Kl,Kl,DAS01,,MUP0203,"2861.709711700882","353014.216658556"
"204",Km,certain,Km,Km,DAS01,,MUP0204,"29875.36497244705","5764938.198696204"
"205",Km,certain,Km,Km,DAS01,,MUP0205,"8728.392913015903","1672967.760390709"
"206",Km,certain,Km,Km,DAS01,changed from KJ to Km to match printed map,MUP0206,"1465.32834157842","106669.4169154871"
"207",Km,certain,Km,Km,DAS01,,MUP0207,"13175.59249788217","1478476.04079149"
"208",Km,certain,Km,Km,DAS01,,MUP0208,"1680.015296433413","157899.328226174"
"209",Km,certain,Km,Km,DAS01,,MUP0209,"11717.4252857931","2504930.510535069"
"210",Km,certain,Km,Km,DAS01,,MUP0210,"13742.22273844286","1977668.856879477"
"211",Km,certain,Km,Km,DAS01,,MUP0211,"57105.72516164033","16503636.64213427"
"212",Km,certain,Km,Km,DAS01,,MUP0212,"3341.776807160474","628306.307588185"
"213",Km,certain,Km,Km,DAS01,,MUP0213,"3120.326431153114","387770.0501243519"
"214",Km,certain,Km,Km,DAS01,,MUP0214,"13757.73101918183","3312543.719184058"
"215",Km,certain,Km,Km,DAS01,,MUP0215,"24021.42642778304","10527159.78785888"
"216",Km,certain,Km,Km,DAS01,,MUP0216,"13393.87256370595","2034273.165482165"
"217",Km,certain,Km,Km,DAS01,,MUP0217,"13789.10352988919","4276842.814160094"
"218",Km,certain,Km,Km,DAS01,,MUP0218,"22666.60872356073","9510379.987437701"
"219",Km,certain,Km,Km,DAS01,,MUP0219,"4200.823511364026","468419.8730380079"
"220",Km,certain,Km,Km,DAS01,,MUP0220,"43040.77230571357","14001289.73575079"
"221",Km,certain,Km,Km,DAS01,,MUP0221,"16036.12304517055","2520449.204608766"
"222",Km,certain,Km,Km,DAS01,,MUP0222,"10215.53993643795","1383854.754261316"
"223",Km,certain,Km,Km,DAS01,,MUP0223,"3183.294582168943","230799.3679103653"
"224",Km,certain,Km,Km,DAS01,,MUP0224,"14308.62048615476","2361775.306392725"
"225",Km,certain,Km,Km,DAS01,,MUP0225,"2292.782759879079","180070.4244746533"
"226",Km,certain,Km,Km,DAS01,,MUP0226,"3284.772592493962","306093.1848810159"
"227",Km,certain,Km,Km,DAS01,,MUP0227,"27425.40750180614","3965227.338850274"
"228",Km,certain,Km,Km,DAS01,,MUP0228,"2733.000170516617","217461.0966374532"
"229",Ksmr,certain,Ksmr,Ksmr,DAS01,,MUP0229,"4760.322521475084","459858.9711685012"
"230",Ksmr,certain,Ksmr,Ksmr,DAS01,,MUP0230,"4444.904893047493","676436.1153198263"
"231",Ksmr,certain,Ksmr,Ksmr,DAS01,,MUP0231,"11503.30013273658","3570436.571141379"
"232",Ksmr,certain,Ksmr,Ksmr,DAS01,,MUP0232,"2003.101247170077","127170.0291567745"
"233",Ksmr,certain,Ksmr,Ksmr,DAS01,,MUP0233,"34855.55400718304","31776709.1354339"
"234",Ksmr,certain,Ksmr,Ksmr,DAS01,,MUP0234,"3364.986336984024","412464.2220319666"
"235",Ksmr,certain,Ksmr,Ksmr,DAS01,,MUP0235,"6525.56274793256","938695.9275224684"
"236",Ksmr,certain,Ksmr,Ksmr,DAS01,,MUP0236,"2393.60981680779","159588.5227701655"
"237",Ksmr,certain,Ksmr,Ksmr,DAS01,,MUP0237,"5868.132349333564","840391.2223593999"
"238",Ksmr,certain,Ksmr,Ksmr,DAS01,,MUP0238,"89516.92218798643","41486711.8086018"
"239",Ksmr,certain,Ksmr,Ksmr,DAS01,,MUP0239,"19783.01224552717","3579769.756257304"
"240",Ksmr,certain,Ksmr,Ksmr,DAS01,,MUP0240,"35710.93700872785","57713547.41049632"
"241",Ksmr,certain,Ksmr,Ksmr,DAS01,,MUP0241,"4218.807306562382","785301.2883977795"
"242",Ksmr,certain,Ksmr,Ksmr,DAS01,,MUP0242,"11171.65028712978","3115962.551770155"
"243",Ktm,certain,Ktm,Ktm,DAS01,,MUP0243,"10851.29370204305","2924062.983952989"
"244",Ktm,certain,Ktm,Ktm,DAS01,,MUP0244,"62049.93891761498","37012457.74546733"
"245",Ktm,certain,Ktm,Ktm,DAS01,,MUP0245,"5523.508315717575","683869.335241147"
"246",Ktm,certain,Ktm,Ktm,DAS01,,MUP0246,"1364.131264608638","109029.7701840417"
"247",Ktm,certain,Ktm,Ktm,DAS01,,MUP0247,"3011.426892815887","371181.1022713537"
"248",Ktm,certain,Ktm,Ktm,DAS01,,MUP0248,"3992.751348216342","1203744.830457753"
"249",Ktm,certain,Ktm,Ktm,DAS01,,MUP0249,"23074.0763525106","8173158.798311942"
"250",Ktm,certain,Ktm,Ktm,DAS01,,MUP0250,"25258.17297801346","16002959.38887978"
"251",Ktm,certain,Ktm,Ktm,DAS01,,MUP0251,"4333.430170507718","348276.1738489948"
"252",Ktm,certain,Ktm,Ktm,DAS01,,MUP0252,"14344.34662451745","5804784.438557953"
"253",Ktm,certain,Ktm,Ktm,DAS01,,MUP0253,"2036.956511059748","294739.0167730128"
"254",Ktm,certain,Ktm,Ktm,DAS01,changed from Ktv to Ktm to match printed map,MUP0254,"2112.11358546259","204772.6810590071"
"255",Ktm,certain,Ktm,Ktm,DAS01,,MUP0255,"2313.74872586849","248926.5927293713"
"256",Ktm,certain,Ktm,Ktm,DAS01,,MUP0256,"5436.61723983466","829441.9520228133"
"257",Ktm,certain,Ktm,Ktm,DAS01,,MUP0257,"11641.78795596436","2407558.021847808"
"258",Ktm,certain,Ktm,Ktm,DAS01,,MUP0258,"50907.82152966486","58226889.02986379"
"259",Ktm,certain,Ktm,Ktm,DAS01,,MUP0259,"7179.11376529663","1214543.894011586"
"260",Ktm,certain,Ktm,Ktm,DAS01,,MUP0260,"5955.181850172398","588510.4918933845"
"261",Ktm,certain,Ktm,Ktm,DAS01,,MUP0261,"8867.984266803622","2300380.458098632"
"262",Ktm,certain,Ktm,Ktm,DAS01,,MUP0262,"497349.3575397602","331410929.281292"
"263",Ktm,certain,Ktm,Ktm,DAS01,,MUP0263,"71785.35897154248","169967170.5841345"
"264",Ktm,certain,Ktm,Ktm,DAS01,,MUP0264,"21095.37497152764","12827798.32188128"
"265",Ktm,certain,Ktm,Ktm,DAS01,,MUP0265,"323163.2037864993","492987061.1711021"
"266",Ktm,certain,Ktm,Ktm,DAS01,,MUP0266,"2319.426710121525","222349.7000459092"
"267",Ktm,certain,Ktm,Ktm,DAS01,,MUP0267,"10543.17789573415","2994321.001885009"
"268",Ktm,certain,Ktm,Ktm,DAS01,,MUP0268,"2223.490973743065","260255.4974968221"
"269",Ktm,certain,Ktm,Ktm,DAS01,,MUP0269,"4084.012968662823","962627.6057247322"
"270",Ktm,certain,Ktm,Ktm,DAS01,,MUP0270,"10589.4459218564","2397713.658928602"
"271",Ktm,certain,Ktm,Ktm,DAS01,,MUP0271,"6729.686999060809","1602529.775350597"
"272",Ktm,certain,Ktm,Ktm,DAS01,,MUP0272,"43046.41682358507","28126540.16746221"
"273",Ktm,certain,Ktm,Ktm,DAS01,,MUP0273,"10623.91402239027","2404444.28888922"
"274",Ktm,certain,Ktm,Ktm,DAS01,,MUP0274,"48019.50591989586","21130324.85708297"
"275",Ktm,certain,Ktm,Ktm,DAS01,,MUP0275,"8810.320372357546","1458228.315050825"
"276",Ktm,certain,Ktm,Ktm,DAS01,,MUP0276,"82124.56602965492","54630144.97955279"
"277",Ktm,certain,Ktm,Ktm,DAS01,changed from Ktv to Ktm to match printed map,MUP0277,"36509.64051694098","9541570.51881112"
"278",Ktv,certain,Ktv,Ktv,DAS01,,MUP0278,"9025.004090623086","1102935.902763787"
"279",Ktv,certain,Ktv,Ktv,DAS01,,MUP0279,"11832.56784862101","1776114.735348865"
"280",Ktv,certain,Ktv,Ktv,DAS01,,MUP0280,"45964.53139384071","59671438.79796657"
"281",Ktv,certain,Ktv,Ktv,DAS01,,MUP0281,"3145.859997422822","602589.1443329233"
"282",Ktv,certain,Ktv,Ktv,DAS01,,MUP0282,"11311.54065095503","4799826.003744636"
"283",Ktv,certain,Ktv,Ktv,DAS01,,MUP0283,"76022.73139409677","80805430.93727838"
"284",Ktv,certain,Ktv,Ktv,DAS01,,MUP0284,"9678.69122945142","3648425.003291938"
"285",Ktv,certain,Ktv,Ktv,DAS01,changed from Ktm to Ktv to match printed map,MUP0285,"7436.930170919349","1649870.7610275"
"286",Ktv,certain,Ktv,Ktv,DAS01,,MUP0286,"6627.795638834691","765677.7302314739"
"287",Ktv,certain,Ktv,Ktv,DAS01,changed from Ktm to Ktv to match printed map,MUP0287,"2140.038125078804","149393.8027650204"
"288",Ktv,certain,Ktv,Ktv,DAS01,changed from Ktm to Ktv to match printed map,MUP0288,"10222.51358222865","3936772.4992982"
"289",Ktv,certain,Ktv,Ktv,DAS01,,MUP0289,"123830.4039395708","126187028.4471126"
"290",Ku,certain,Ku,Ku,DAS01,,MUP0290,"5371.201532332972","885226.2950223871"
"291",Ku,certain,Ku,Ku,DAS01,,MUP0291,"10615.06938727606","5720768.625184454"
"292",Ku,certain,Ku,Ku,DAS01,,MUP0292,"9044.35705840674","2074170.88688239"
"293",Ku,certain,Ku,Ku,DAS01,,MUP0293,"4249.932023892458","853325.6225963432"
"294",Ku,certain,Ku,Ku,DAS01,,MUP0294,"2989.27961733869","435070.9091879945"
"295",Ku,certain,Ku,Ku,DAS01,,MUP0295,"11601.49800589631","3494029.607781406"
"296",Ku,certain,Ku,Ku,DAS01,,MUP0296,"6965.572798639611","2004591.398017673"
"297",Ku,certain,Ku,Ku,DAS01,,MUP0297,"3826.682769978859","635557.1018577273"
"298",Ku,certain,Ku,Ku,DAS01,,MUP0298,"20461.68931152618","10981041.02699513"
"299",Ku,certain,Ku,Ku,DAS01,,MUP0299,"45158.91843081762","34880371.16466741"
"300",Ku,certain,Ku,Ku,DAS01,,MUP0300,"1376.28545678834","109434.736544529"
"301",Ku,certain,Ku,Ku,DAS01,,MUP0301,"2604.615211392038","193315.1822012696"
"302",Ku,certain,Ku,Ku,DAS01,,MUP0302,"230762.7620483292","80408348.36695801"
"303",Ku,certain,Ku,Ku,DAS01,,MUP0303,"27851.36738132791","11488691.54743082"
"304",Ku,certain,Ku,Ku,DAS01,,MUP0304,"14478.34290286129","4787279.374991498"
"305",Ku,certain,Ku,Ku,DAS01,,MUP0305,"2571.564561326582","343899.7099322164"
"306",Ku,certain,Ku,Ku,DAS01,,MUP0306,"5295.840221492888","1482935.865790078"
"307",Ku,certain,Ku,Ku,DAS01,,MUP0307,"48489.9605401505","21588350.17125618"
"308",Ku,certain,Ku,Ku,DAS01,,MUP0308,"7769.060672130223","1599852.992949646"
"309",Ku,certain,Ku,Ku,DAS01,,MUP0309,"7399.129006551614","1794006.194954473"
"310",Ku,certain,Ku,Ku,DAS01,,MUP0310,"14604.39208032833","3961494.989334935"
"311",Ku,certain,Ku,Ku,DAS01,,MUP0311,"23113.49410013861","5161384.984533733"
"312",Ku,certain,Ku,Ku,DAS01,,MUP0312,"6855.954669788825","1074188.794961841"
"313",Ku,certain,Ku,Ku,DAS01,,MUP0313,"10919.07644380386","1443206.54197644"
"314",Ku,certain,Ku,Ku,DAS01,,MUP0314,"17798.84211972401","12609200.53476641"
"315",Ku,certain,Ku,Ku,DAS01,,MUP0315,"1272.393220512133","69355.43130460191"
"316",Ku,certain,Ku,Ku,DAS01,,MUP0316,"11619.0336229138","3898909.067807363"
"317",Ku,certain,Ku,Ku,DAS01,,MUP0317,"2890.584151165617","248677.3092882456"
"318",Ku,certain,Ku,Ku,DAS01,,MUP0318,"2212.440571974639","229319.3895115118"
"319",Ku,certain,Ku,Ku,DAS01,,MUP0319,"124727.809002883","47887313.28676465"
"320",Ku,certain,Ku,Ku,DAS01,,MUP0320,"35614.54121936887","20658990.53942155"
"321",Ku,certain,Ku,Ku,DAS01,,MUP0321,"8344.428736401112","2181740.254332099"
"322",Ku,certain,Ku,Ku,DAS01,,MUP0322,"20510.95554055103","7499350.242741349"
"323",Ku,certain,Ku,Ku,DAS01,,MUP0323,"31426.20193453854","16936626.76227196"
"324",Ku,certain,Ku,Ku,DAS01,,MUP0324,"61225.46173813566","25355896.2150256"
"325",Ku,certain,Ku,Ku,DAS01,,MUP0325,"3857.201009304817","656116.5180923082"
"326",Ku,certain,Ku,Ku,DAS01,,MUP0326,"89549.27096092563","25751990.99650964"
"327",Ku,certain,Ku,Ku,DAS01,,MUP0327,"2997.908078047257","245945.8837378946"
"328",Ku,certain,Ku,Ku,DAS01,,MUP0328,"7088.658658106853","2126684.96967798"
"329",Ku,certain,Ku,Ku,DAS01,,MUP0329,"21659.75958918526","11677802.70935397"
"330",Ku,certain,Ku,Ku,DAS01,,MUP0330,"3578.823647609789","623008.8935882393"
"331",Ku,certain,Ku,Ku,DAS01,,MUP0331,"106003.3523319264","109775633.2170489"
"332",Ku,certain,Ku,Ku,DAS01,,MUP0332,"7633.265708999896","2365436.62312296"
"333",Ku,certain,Ku,Ku,DAS01,,MUP0333,"9862.524336677439","2451807.936950321"
"334",Ku,certain,Ku,Ku,DAS01,,MUP0334,"9403.059090788547","4497220.516957488"
"335",Ku,certain,Ku,Ku,DAS01,,MUP0335,"15007.65218142675","7215480.191781723"
"336",Ku,certain,Ku,Ku,DAS01,,MUP0336,"21524.92252953377","3963681.358447181"
"337",Ku,certain,Ku,Ku,DAS01,,MUP0337,"22952.78462517196","10683363.10831793"
"338",Kvt,certain,Kvt,Kvt,DAS01,,MUP0338,"9028.672405303229","2949224.224701335"
"339",Kvt,certain,Kvt,Kvt,DAS01,,MUP0339,"6913.534556349674","873472.3956053635"
"340",Kvt,certain,Kvt,Kvt,DAS01,,MUP0340,"31472.70523838889","6259580.109788042"
"341",Kvt,certain,Kvt,Kvt,DAS01,,MUP0341,"8225.370391281751","1177569.644056441"
"342",Kvt,certain,Kvt,Kvt,DAS01,,MUP0342,"1745.284751316306","168240.2607287294"
"343",Kvt,certain,Kvt,Kvt,DAS01,,MUP0343,"11731.44545341638","2681940.563783807"
"344",Kvt,certain,Kvt,Kvt,DAS01,,MUP0344,"17701.84900618655","3966938.703487398"
"345",Kvt,certain,Kvt,Kvt,DAS01,,MUP0345,"13235.36792257201","3311851.502775418"
"346",Kvt,certain,Kvt,Kvt,DAS01,,MUP0346,"9430.462548500709","4489026.664680259"
"347",Kvt,certain,Kvt,Kvt,DAS01,,MUP0347,"27059.44331220507","6996775.496710946"
"348",Kvt,certain,Kvt,Kvt,DAS01,,MUP0348,"4830.619155181859","945154.021956605"
"349",Kvt,certain,Kvt,Kvt,DAS01,,MUP0349,"27195.83581626515","9093537.552193141"
"350",Kvt,certain,Kvt,Kvt,DAS01,,MUP0350,"10708.40842565202","4016929.674143458"
"351",Kvt,certain,Kvt,Kvt,DAS01,,MUP0351,"161720.2169706234","86371668.4479176"
"352",Kvt,certain,Kvt,Kvt,DAS01,,MUP0352,"27435.13871059219","2991749.456241651"
"353",Kvt,certain,Kvt,Kvt,DAS01,,MUP0353,"5491.224096987715","632287.2229301839"
"354",Kvt,certain,Kvt,Kvt,DAS01,,MUP0354,"10488.43954757286","2918980.614013014"
"355",Kvt,certain,Kvt,Kvt,DAS01,,MUP0355,"14886.60543720798","2675288.172913035"
"356",Kvt,certain,Kvt,Kvt,DAS01,,MUP0356,"5893.97719425603","1316292.492232225"
"357",Kvt,certain,Kvt,Kvt,DAS01,,MUP0357,"5742.429352049937","953838.6468267064"
"358",Kvt,certain,Kvt,Kvt,DAS02,polygon reshaped to match printed map,MUP0358,"5602.555007173713","759622.9634210973"
"359",Kvt,certain,Kvt,Kvt,DAS01,,MUP0359,"1812.973835649339","207328.262003158"
"360",Kvt,certain,Kvt,Kvt,DAS01,,MUP0360,"47547.11789626249","7008406.062437896"
"361",Kvt,certain,Kvt,Kvt,DAS01,,MUP0361,"9299.389198757879","1973185.422057512"
"362",Kvt,certain,Kvt,Kvt,DAS01,,MUP0362,"3155.500130449009","734616.7146668186"
"363",Kvt,certain,Kvt,Kvt,DAS01,,MUP0363,"29848.39124896082","12655796.58160528"
"364",Kvt,certain,Kvt,Kvt,DAS01,,MUP0364,"33845.61527988772","27250614.46037169"
"365",Kvt,certain,Kvt,Kvt,DAS01,,MUP0365,"6395.85872506421","1131004.817946831"
"366",Kvt,certain,Kvt,Kvt,DAS01,,MUP0366,"20589.23383244088","10767999.6799632"
"367",Kvt,certain,Kvt,Kvt,DAS01,,MUP0367,"6692.908673736451","1053162.49867746"
"368",Kvt,certain,Kvt,Kvt,DAS01,,MUP0368,"16514.37850372059","3874006.594489065"
"369",Kvt,certain,Kvt,Kvt,DAS01,,MUP0369,"13950.62567733669","5339780.841097776"
"370",Kvt,certain,Kvt,Kvt,DAS01,,MUP0370,"6565.806841313395","1046257.353939616"
"371",Kvt,certain,Kvt,Kvt,DAS01,,MUP0371,"7135.012711466546","1906206.682282523"
"372",Mu,certain,Mu,Mu,DAS01,,MUP0372,"29603.28902022609","14501598.24528909"
"373",Mu,certain,Mu,Mu,DAS01,,MUP0373,"6120.488760093309","1369529.918279432"
"374",Mu,certain,Mu,Mu,DAS01,,MUP0374,"23982.19750031359","8874125.566051569"
"375",Mu,certain,Mu,Mu,DAS01,,MUP0375,"2900.309293834054","328953.0584679423"
"376",Mu,certain,Mu,Mu,DAS01,,MUP0376,"1351.070103779716","125206.814953136"
"377",Mu,certain,Mu,Mu,DAS01,,MUP0377,"4919.038216149145","673074.7507947105"
"378",Mu,certain,Mu,Mu,DAS01,,MUP0378,"22514.25398395947","6259094.948166477"
"379",Mu,certain,Mu,Mu,DAS01,,MUP0379,"2520.647087922114","321877.8920812092"
"380",Mu,certain,Mu,Mu,DAS01,,MUP0380,"2081.68418308043","280632.0298693546"
"381",Mu,certain,Mu,Mu,DAS01,,MUP0381,"6817.903287755394","2172274.257561937"
"382",Mu,certain,Mu,Mu,DAS01,,MUP0382,"1014.457044756069","61935.13649138591"
"383",Mu,certain,Mu,Mu,DAS01,,MUP0383,"20301.58677181197","3197921.203866256"
"384",Mu,certain,Mu,Mu,DAS01,,MUP0384,"1731.805040670563","178799.4783803394"
"385",Mu,certain,Mu,Mu,DAS01,,MUP0385,"2501.828665980592","274051.8606918771"
"386",Mu,certain,Mu,Mu,DAS01,,MUP0386,"24571.79448332958","16062099.17613509"
"387",Mu,certain,Mu,Mu,DAS01,,MUP0387,"27097.96438336622","16710970.53346401"
"388",Mu,certain,Mu,Mu,DAS01,,MUP0388,"25528.80866883802","11530076.54254026"
"389",Mu,certain,Mu,Mu,DAS01,,MUP0389,"8240.867589829289","1920759.915463049"
"390",Mu,certain,Mu,Mu,DAS01,,MUP0390,"1571.201076654087","143976.5553833722"
"391",Mu,certain,Mu,Mu,DAS01,,MUP0391,"2212.693557253552","290791.3611633508"
"392",Mu,certain,Mu,Mu,DAS01,,MUP0392,"10888.81231686511","1731538.106822073"
"393",Mu,certain,Mu,Mu,DAS01,changed from KJ to Mu to match printed map,MUP0393,"4825.155075686249","501569.9269233014"
"394",Mu,certain,Mu,Mu,DAS01,,MUP0394,"7398.804154334685","1892683.071090209"
"395",Mu,certain,Mu,Mu,DAS01,,MUP0395,"4012.937183563991","805077.9688626032"
"396",Mu,certain,Mu,Mu,DAS01,,MUP0396,"360227.3993027804","190287841.6816891"
"397",Mu,certain,Mu,Mu,DAS01,,MUP0397,"10833.36227194746","5624126.529676976"
"398",Mu,certain,Mu,Mu,DAS01,,MUP0398,"10239.55598567384","1106440.724417188"
"399",Mu,certain,Mu,Mu,DAS01,,MUP0399,"13119.71496487378","4124748.226848575"
"400",Mu,certain,Mu,Mu,DAS01,,MUP0400,"16383.74448061569","4368289.050863915"
"401",Mu,certain,Mu,Mu,DAS01,,MUP0401,"91140.54739094622","24816185.31946995"
"402",Mu,certain,Mu,Mu,DAS01,,MUP0402,"4532.794214487435","783397.7070957911"
"403",Mu,certain,Mu,Mu,DAS01,,MUP0403,"12069.86568425713","2823530.149682015"
"404",Mu,certain,Mu,Mu,DAS01,,MUP0404,"94986.7823950224","33580529.26654992"
"405",Mu,certain,Mu,Mu,DAS01,,MUP0405,"4958.94044833826","973450.0794739496"
"406",Mu,certain,Mu,Mu,DAS01,,MUP0406,"12956.58579391318","2861373.227834178"
"407",Mu,certain,Mu,Mu,DAS01,,MUP0407,"104335.3619691064","23382542.60830315"
"408",Mu,certain,Mu,Mu,DAS01,,MUP0408,"66204.37688077962","27855094.88084312"
"409",Mu,certain,Mu,Mu,DAS01,,MUP0409,"26506.6355226177","22926573.77397144"
"410",Mu,certain,Mu,Mu,DAS01,,MUP0410,"9373.794394202208","1313841.193331273"
"411",Mu,certain,Mu,Mu,DAS01,,MUP0411,"9574.632439473484","1479160.679242232"
"412",Mu,certain,Mu,Mu,DAS01,,MUP0412,"7042.451284686082","2621616.586570683"
"413",Mu,certain,Mu,Mu,DAS01,,MUP0413,"8587.856801680269","1996390.077627021"
"414",Mu,certain,Mu,Mu,DAS01,,MUP0414,"9501.3857767752","3228942.862373733"
"415",Mu,certain,Mu,Mu,DAS01,,MUP0415,"8412.210583842632","3288151.000749503"
"416",Mu,certain,Mu,Mu,DAS01,,MUP0416,"144566.0952127972","45747351.97864839"
"417",Mu,certain,Mu,Mu,DAS01,,MUP0417,"2645.46797365887","349027.4666465849"
"418",Mu,certain,Mu,Mu,DAS01,,MUP0418,"9700.59390351034","4559871.537866642"
"419",Mu,certain,Mu,Mu,DAS01,,MUP0419,"4157.527459458978","1029877.338740873"
"420",Mu,certain,Mu,Mu,DAS01,,MUP0420,"1303.012587325044","104831.8571669152"
"421",Mu,certain,Mu,Mu,DAS01,,MUP0421,"17906.64849467023","7198738.878329528"
"422",Mu,certain,Mu,Mu,DAS01,,MUP0422,"14369.12821021979","3573492.408205419"
"423",Mu,certain,Mu,Mu,DAS01,,MUP0423,"4923.859504661139","1384200.750851942"
"424",Mu,certain,Mu,Mu,DAS01,,MUP0424,"13234.81561287022","6980115.006487323"
"425",Mu,certain,Mu,Mu,DAS01,,MUP0425,"1823.263960240442","229837.2489819755"
"426",Mu,certain,Mu,Mu,DAS01,,MUP0426,"2062.856682907849","232157.0045430012"
"427",Mu,certain,Mu,Mu,DAS01,,MUP0427,"10825.50118152389","5559050.052006432"
"428",Mu,certain,Mu,Mu,DAS01,,MUP0428,"4519.26759127261","516728.2670135322"
"429",Mu,certain,Mu,Mu,DAS01,,MUP0429,"6938.546578274859","1394660.899500088"
"430",Mu,certain,Mu,Mu,DAS01,,MUP0430,"8754.918795663225","864084.019748982"
"431",Mu,certain,Mu,Mu,DAS01,,MUP0431,"3437.124473833455","461955.3547842147"
"432",Mu,certain,Mu,Mu,DAS01,,MUP0432,"1523.01238449442","142084.0582917901"
"433",Mu,certain,Mu,Mu,DAS01,,MUP0433,"3386.48639218017","521537.3895019416"
"434",Mu,certain,Mu,Mu,DAS01,,MUP0434,"3650.524344996591","670874.4310772637"
"435",Mu,certain,Mu,Mu,DAS01,,MUP0435,"8014.029747172824","2317032.459684089"
"436",Mu,certain,Mu,Mu,DAS01,,MUP0436,"15826.80703610667","2125503.6284073"
"437",Mu,certain,Mu,Mu,DAS01,,MUP0437,"12294.72413338171","1621925.626617176"
"438",Mu,certain,Mu,Mu,DAS01,,MUP0438,"30908.45494083704","8652217.746313302"
"439",Mu,certain,Mu,Mu,DAS01,,MUP0439,"10803.50257044362","2089885.833521601"
"440",Mu,certain,Mu,Mu,DAS01,,MUP0440,"3601.569129326273","257776.0251271927"
"441",Mu,certain,Mu,Mu,DAS01,,MUP0441,"5321.169777151191","592340.9725451968"
"442",Mu,certain,Mu,Mu,DAS01,,MUP0442,"37243.00111753849","13967692.72132443"
"443",Pz,certain,|,Pz,DAS01,,MUP0443,"27754.54864331112","17962959.77943158"
"444",Pz,certain,|,Pz,DAS01,,MUP0444,"23032.73002580704","5998785.609710282"
"445",Qa,certain,Qa,Qa,DAS01,,MUP0445,"9127.214808929073","2349112.69932626"
"446",Qa,certain,Qa,Qa,DAS01,,MUP0446,"16611.49621887563","3900194.704437697"
"447",Qa,certain,Qa,Qa,DAS01,,MUP0447,"21381.89865994198","8308669.936494679"
"448",Qa,certain,Qa,Qa,DAS01,,MUP0448,"13055.64536048902","2423894.550488623"
"449",Qa,certain,Qa,Qa,DAS01,,MUP0449,"26654.78458468642","6189092.572874162"
"450",Qa,certain,Qa,Qa,DAS01,,MUP0450,"70025.25626822488","55820505.92896377"
"451",Qa,certain,Qa,Qa,DAS01,,MUP0451,"4078.237961981832","725528.4497914215"
"452",Qa,certain,Qa,Qa,DAS01,,MUP0452,"34193.7279489614","8982547.239153389"
"453",Qa,certain,Qa,Qa,DAS01,,MUP0453,"8225.112535780201","1384538.249343844"
"454",Qa,certain,Qa,Qa,DAS01,,MUP0454,"72719.86866010539","16722195.215067"
"455",Qa,certain,Qa,Qa,DAS01,,MUP0455,"3143.442826059974","526338.7961625071"
"456",Qa,certain,Qa,Qa,DAS01,,MUP0456,"182295.5754281473","163190459.4718273"
"457",Qa,certain,Qa,Qa,DAS01,,MUP0457,"16754.06295863727","3738617.838525426"
"458",Qa,certain,Qa,Qa,DAS01,,MUP0458,"6137.656282872105","1453343.567017493"
"459",Qa,certain,Qa,Qa,DAS01,,MUP0459,"5503.190374533402","959096.4531823726"
"460",Qa,certain,Qa,Qa,DAS01,,MUP0460,"20649.9265293049","2509026.303748646"
"461",Qa,certain,Qa,Qa,DAS01,,MUP0461,"9080.298039566873","1483879.626649361"
"462",Qa,certain,Qa,Qa,DAS01,,MUP0462,"6595.505123031044","884281.37001839"
"463",Qa,certain,Qa,Qa,DAS01,,MUP0463,"10942.22548074961","2000950.34333301"
"464",Qa,certain,Qa,Qa,DAS01,,MUP0464,"7998.522792125295","3144717.878572688"
"465",Qa,certain,Qa,Qa,DAS01,,MUP0465,"6624.469546082432","1235503.815818808"
"466",Qa,certain,Qa,Qa,DAS01,,MUP0466,"68763.97789549742","13467793.96271972"
"467",Qa,certain,Qa,Qa,DAS01,,MUP0467,"7749.793105620082","1231040.127047754"
"468",Qa,certain,Qa,Qa,DAS01,,MUP0468,"10886.16601186889","6150364.794255732"
"469",Qa,certain,Qa,Qa,DAS01,,MUP0469,"69186.21579079458","17995925.03753"
"470",Qa,certain,Qa,Qa,DAS01,,MUP0470,"204640.7430062341","55001850.18183597"
"471",Qa,certain,Qa,Qa,DAS01,,MUP0471,"233521.1314007016","107448079.1770632"
"472",Qa,certain,Qa,Qa,DAS01,,MUP0472,"19433.31895427889","4038501.418426202"
"473",Qa,certain,Qa,Qa,DAS01,,MUP0473,"30731.9369303516","7456471.141101019"
"474",Qa,certain,Qa,Qa,DAS02,polygon reshaped to match printed map,MUP0474,"22834.00148716005","2878942.805576907"
"475",Qa,certain,Qa,Qa,DAS01,,MUP0475,"7697.791223455708","1114096.189708512"
"476",Qa,certain,Qa,Qa,DAS01,,MUP0476,"28656.74309610033","5567003.294018636"
"477",Qa,certain,Qa,Qa,DAS01,,MUP0477,"48702.86633444019","11975869.93793597"
"478",Qa,certain,Qa,Qa,DAS01,,MUP0478,"41147.80155710307","11598756.77846095"
"479",Qa,certain,Qa,Qa,DAS01,,MUP0479,"21902.60863482388","4581377.730153496"
"480",Qa,certain,Qa,Qa,DAS01,,MUP0480,"9284.133107365389","1533993.602056768"
"481",Qa,certain,Qa,Qa,DAS01,,MUP0481,"33762.05616582421","7530782.942050662"
"482",Qa,certain,Qa,Qa,DAS01,,MUP0482,"24316.87197488933","4794006.775775824"
"483",Qa,certain,Qa,Qa,DAS01,,MUP0483,"12454.84452959634","5821298.725388541"
"484",Qa,certain,Qa,Qa,DAS01,,MUP0484,"12401.90029957985","5310958.500582875"
"485",Qa,certain,Qa,Qa,DAS01,,MUP0485,"14429.31476492492","2597460.37412073"
"486",Qa,certain,Qa,Qa,DAS01,,MUP0486,"219899.0233780271","163840496.1767698"
"487",Qa,certain,Qa,Qa,DAS01,,MUP0487,"193638.3658760182","80058480.87174934"
"488",Qa,certain,Qa,Qa,DAS01,,MUP0488,"22505.92054730924","7556222.479593765"
"489",Qa,certain,Qa,Qa,DAS01,,MUP0489,"79410.06654198855","30569147.98410801"
"490",Qa,certain,Qa,Qa,DAS01,,MUP0490,"16370.47328097586","6002485.896746223"
"491",Qa,certain,Qa,Qa,DAS01,,MUP0491,"17306.41063588053","11704843.4094291"
"492",Qa,certain,Qa,Qa,DAS01,,MUP0492,"34360.25955749144","10927984.20479701"
"493",Qg,certain,Qg,Qg,DAS01,,MUP0493,"26375.27819694584","4240912.450611251"
"494",Qg,certain,Qg,Qg,DAS01,,MUP0494,"13454.9040373999","3113443.066139439"
"495",Qg,certain,Qg,Qg,DAS01,,MUP0495,"9590.124209676724","1489747.72616846"
"496",Qg,certain,Qg,Qg,DAS01,,MUP0496,"15377.19853796204","3004366.046407724"
"497",Qg,certain,Qg,Qg,DAS01,,MUP0497,"32286.34511933014","14823153.66504092"
"498",Qg,certain,Qg,Qg,DAS01,,MUP0498,"48519.70987672269","21595910.39489383"
"499",Qg,certain,Qg,Qg,DAS01,,MUP0499,"11223.25726079447","2194525.442986411"
"500",Qg,certain,Qg,Qg,DAS01,,MUP0500,"35254.06014023106","7571477.09261803"
"501",Qg,certain,Qg,Qg,DAS01,,MUP0501,"7797.178426814039","2217508.286844106"
"502",Qg,certain,Qg,Qg,DAS01,,MUP0502,"10070.59311078713","4341426.708454547"
"503",Qg,certain,Qg,Qg,DAS01,,MUP0503,"25526.23406930251","5831687.102033982"
"504",Qg,certain,Qg,Qg,DAS01,,MUP0504,"24675.5901607626","6718502.836234238"
"505",Qg,certain,Qg,Qg,DAS01,,MUP0505,"10771.74601682385","1683706.294959957"
"506",Qg,certain,Qg,Qg,DAS01,,MUP0506,"34386.81510446382","10278559.23368733"
"507",Qg,certain,Qg,Qg,DAS01,,MUP0507,"7326.988722944617","1792374.949167855"
"508",Qg,certain,Qg,Qg,DAS01,,MUP0508,"13346.62254589552","3710214.238172224"
"509",Qg,certain,Qg,Qg,DAS01,,MUP0509,"5786.386284121068","949352.4537633153"
"510",Qg,certain,Qg,Qg,DAS01,,MUP0510,"24947.72704042494","15404669.81471481"
"511",Qg,certain,Qg,Qg,DAS01,,MUP0511,"4058.657172371772","886216.2597509623"
"512",Qg,certain,Qg,Qg,DAS01,,MUP0512,"34645.70042875719","8662247.713326307"
"513",Qg,certain,Qg,Qg,DAS01,,MUP0513,"2529.379659013814","298160.5255928199"
"514",Qg,certain,Qg,Qg,DAS01,,MUP0514,"10438.77900683556","3003485.023377653"
"515",Qg,certain,Qg,Qg,DAS01,,MUP0515,"64781.65657665516","21625212.28664564"
"516",Qg,certain,Qg,Qg,DAS01,,MUP0516,"3558.853769780175","509661.0953833441"
"517",Qg,certain,Qg,Qg,DAS01,,MUP0517,"12671.88259849829","3970740.297596456"
"518",Qg,certain,Qg,Qg,DAS01,,MUP0518,"18319.3460453534","10406224.6876426"
"519",Qg,certain,Qg,Qg,DAS01,,MUP0519,"151278.9737959483","94861554.14951587"
"520",Qg,certain,Qg,Qg,DAS01,,MUP0520,"83488.86154437011","166963019.697722"
"521",Qg,certain,Qg,Qg,DAS01,,MUP0521,"11814.36349347681","3826227.192626344"
"522",Qg,certain,Qg,Qg,DAS01,,MUP0522,"115457.7501435713","140781368.1620871"
"523",Qg,certain,Qg,Qg,DAS01,,MUP0523,"4201.961052418576","841008.1780293144"
"524",Qg,certain,Qg,Qg,DAS01,,MUP0524,"7244.217096728938","1384963.287375191"
"525",Qg,certain,Qg,Qg,DAS01,,MUP0525,"28604.61950042462","8529224.242159715"
"526",Qg,certain,Qg,Qg,DAS01,,MUP0526,"55695.15680233964","25559962.08727697"
"527",Qg,certain,Qg,Qg,DAS01,,MUP0527,"37378.36924488738","11557996.45556079"
"528",Qg,certain,Qg,Qg,DAS01,,MUP0528,"217851.3271530273","130352951.9500033"
"529",Qg,certain,Qg,Qg,DAS01,,MUP0529,"283288.224126259","107767768.5501783"
"530",Qg,certain,Qg,Qg,DAS01,,MUP0530,"5621.72269461894","2167608.960393203"
"531",Qg,certain,Qg,Qg,DAS01,,MUP0531,"11387.62936573369","2689023.034902818"
"532",Qg,certain,Qg,Qg,DAS01,,MUP0532,"6152.865753580142","1605528.215760926"
"533",Qg,certain,Qg,Qg,DAS01,,MUP0533,"16422.55692746127","7893944.595453693"
"534",Qg,certain,Qg,Qg,DAS01,,MUP0534,"10234.55752932415","6142449.733902224"
"535",Qg,certain,Qg,Qg,DAS01,,MUP0535,"38372.95057261962","13336213.10892114"
"536",Qg,certain,Qg,Qg,DAS01,,MUP0536,"362.1885675580421","8915.091274553401"
"537",Qg,certain,Qg,Qg,DAS01,,MUP0537,"12023.69358415513","3565140.548275672"
"538",Qg,certain,Qg,Qg,DAS01,,MUP0538,"29178.73435438601","8080353.809201799"
"539",Qg,certain,Qg,Qg,DAS01,,MUP0539,"8340.858001714494","1306972.361321557"
"540",Qg,certain,Qg,Qg,DAS01,,MUP0540,"21317.49686297475","6312077.642521822"
"541",Qg,certain,Qg,Qg,DAS01,,MUP0541,"160180.4216178606","168910924.5249001"
"542",Qg,certain,Qg,Qg,DAS01,,MUP0542,"78772.06717779179","15611924.2375041"
"543",Qg,certain,Qg,Qg,DAS01,,MUP0543,"36519.516499313","14187744.74889121"
"544",Qg,certain,Qg,Qg,DAS01,,MUP0544,"63897.01484603807","14078549.87400388"
"545",Qg,certain,Qg,Qg,DAS01,,MUP0545,"2108.006932925992","232010.5722299424"
"546",Qg,certain,Qg,Qg,DAS01,,MUP0546,"8805.084961330918","2599012.809263121"
"547",Qg,certain,Qg,Qg,DAS01,,MUP0547,"19723.17460047982","5780319.882840111"
"548",Qg,certain,Qg,Qg,DAS01,,MUP0548,"19981.71594598384","4503871.045071436"
"549",Qg,certain,Qg,Qg,DAS01,,MUP0549,"15049.1304737292","6272569.612769535"
"550",Qg,certain,Qg,Qg,DAS01,,MUP0550,"39096.35644172948","9932289.655459315"
"551",Qg,certain,Qg,Qg,DAS01,,MUP0551,"7301.560271657278","1887424.512086153"
"552",Qg,certain,Qg,Qg,DAS01,,MUP0552,"17689.95574713374","3677612.2311256"
"553",Qg,certain,Qg,Qg,DAS01,,MUP0553,"10573.04236859622","3195668.88847067"
"554",Qg,certain,Qg,Qg,DAS01,,MUP0554,"10463.71408432752","4734801.797076917"
"555",Qg,certain,Qg,Qg,DAS01,,MUP0555,"26896.21852500806","7723698.564859334"
"556",Qg,certain,Qg,Qg,DAS01,,MUP0556,"32226.40664275397","9768804.769081496"
"557",Qg,certain,Qg,Qg,DAS01,,MUP0557,"18816.56447552873","3950642.322355217"
"558",Qg,certain,Qg,Qg,DAS01,,MUP0558,"12914.89145163117","1826742.251844692"
"559",Qg,certain,Qg,Qg,DAS01,,MUP0559,"23232.36936497419","17197222.43560834"
"560",Qg,certain,Qg,Qg,DAS01,,MUP0560,"21334.98633907531","4855418.222439447"
"561",Qg,certain,Qg,Qg,DAS01,,MUP0561,"19929.1212791103","4444574.568795137"
"562",Qg,certain,Qg,Qg,DAS01,,MUP0562,"36654.3256531565","28091603.18367559"
"563",Qg,certain,Qg,Qg,DAS01,,MUP0563,"700.4314500361494","23469.49643704322"
"564",Qg,certain,Qg,Qg,DAS01,,MUP0564,"19345.59696756814","7316813.20276982"
"565",Qg,certain,Qg,Qg,DAS01,,MUP0565,"43277.68023508025","66633623.08263841"
"566",Qg,certain,Qg,Qg,DAS01,,MUP0566,"11673.55284497571","5383974.835955204"
"567",Qg,certain,Qg,Qg,DAS01,,MUP0567,"28896.82587297403","8386433.573358113"
"568",Qg,certain,Qg,Qg,DAS01,,MUP0568,"6686.849938980818","1821266.356055707"
"569",Qg,certain,Qg,Qg,DAS01,,MUP0569,"62217.35997339417","23245872.28685167"
"570",Qg,certain,Qg,Qg,DAS01,,MUP0570,"4274.238760785523","1027022.103562301"
"571",Qg,certain,Qg,Qg,DAS01,,MUP0571,"19601.89755748878","3953783.565008325"
"572",Qg,certain,Qg,Qg,DAS01,,MUP0572,"11472.23475005131","2093339.239512428"
"573",Qg,certain,Qg,Qg,DAS01,,MUP0573,"23206.32376811806","7605802.295517215"
"574",Qg,certain,Qg,Qg,DAS01,,MUP0574,"17279.43969262261","9125432.103784539"
"575",Qg,certain,Qg,Qg,DAS01,,MUP0575,"72123.61470289704","30587856.62623822"
"576",Qg,certain,Qg,Qg,DAS01,,MUP0576,"612.0065084526802","23445.42883478888"
"577",Qg,certain,Qg,Qg,DAS01,,MUP0577,"47491.50829614638","12349656.30864223"
"578",Qg,certain,Qg,Qg,DAS01,,MUP0578,"196686.3679442651","73787844.79310465"
"579",Qg,certain,Qg,Qg,DAS01,,MUP0579,"1815.980366428668","167621.0396774717"
"580",Qg,certain,Qg,Qg,DAS01,,MUP0580,"40819.2463977006","7516089.277845576"
"581",Qg,certain,Qg,Qg,DAS01,,MUP0581,"39420.63697763776","8098473.478433101"
"582",Qg,certain,Qg,Qg,DAS01,,MUP0582,"83274.22178648337","42235352.21050113"
"583",Qg,certain,Qg,Qg,DAS01,,MUP0583,"8124.578810747009","1921872.750083866"
"584",Qg,certain,Qg,Qg,DAS01,,MUP0584,"38027.80392515544","23788588.07807284"
"585",Qg,certain,Qg,Qg,DAS01,,MUP0585,"19213.19539834865","6590902.770000258"
"586",Qg,certain,Qg,Qg,DAS01,,MUP0586,"10715.81937203506","2014065.172654956"
"587",Qg,certain,Qg,Qg,DAS01,,MUP0587,"14611.6056690684","2197077.986124123"
"588",Qg,certain,Qg,Qg,DAS01,,MUP0588,"10500.7838248893","1792643.720664869"
"589",Qg,certain,Qg,Qg,DAS01,,MUP0589,"92216.38028641639","32317917.5388873"
"590",Qg,certain,Qg,Qg,DAS01,,MUP0590,"76955.60117044115","27734949.70406446"
"591",Qg,certain,Qg,Qg,DAS01,,MUP0591,"2926.55632806233","110885.8668253544"
"592",Qg,certain,Qg,Qg,DAS01,,MUP0592,"35524.83169440048","8347243.338702619"
"593",Qg,certain,Qg,Qg,DAS01,,MUP0593,"8287.657616901308","1599031.818660056"
"594",Qg,certain,Qg,Qg,DAS01,,MUP0594,"10921.27456030683","3323379.13634143"
"595",Qg,certain,Qg,Qg,DAS01,,MUP0595,"6127.632059074893","1508395.738039602"
"596",Qg,certain,Qg,Qg,DAS01,,MUP0596,"4663.106311080299","253201.4145444406"
"597",Qg,certain,Qg,Qg,DAS01,,MUP0597,"50617.63065146581","18861547.87774824"
"598",Qg,certain,Qg,Qg,DAS01,,MUP0598,"6942.00400878096","1798533.889355375"
"599",Qg,certain,Qg,Qg,DAS01,,MUP0599,"41507.29104985546","23199595.30843092"
"600",Qg,certain,Qg,Qg,DAS01,,MUP0600,"18049.82898173189","9061554.359562846"
"601",Qg,certain,Qg,Qg,DAS01,,MUP0601,"1384.768430619621","52931.93466266908"
"602",Qg,certain,Qg,Qg,DAS01,,MUP0602,"25134.23601532806","8454071.228404624"
"603",Qg,certain,Qg,Qg,DAS01,,MUP0603,"3619.692892661575","451596.2685255948"
"604",Qg,certain,Qg,Qg,DAS01,,MUP0604,"173347.1158481402","58315578.63421335"
"605",Qg,certain,Qg,Qg,DAS01,,MUP0605,"13986.88853025922","2523997.838610395"
"606",Qg,certain,Qg,Qg,DAS01,,MUP0606,"15049.83983665335","3543872.903430457"
"607",Qg,certain,Qg,Qg,DAS01,,MUP0607,"15459.51103536994","10386670.82313933"
"608",Qg,certain,Qg,Qg,DAS01,,MUP0608,"14070.16046017881","3253935.188783476"
"609",Qg,certain,Qg,Qg,DAS01,,MUP0609,"16282.13258753867","2388403.555743124"
"610",Qg,certain,Qg,Qg,DAS01,,MUP0610,"15726.00023039129","5315473.625485143"
"611",Qg,certain,Qg,Qg,DAS01,,MUP0611,"22810.65644979813","14814896.73773761"
"612",Qg,certain,Qg,Qg,DAS01,,MUP0612,"130475.3384667871","71715635.37637496"
"613",Qg,certain,Qg,Qg,DAS01,,MUP0613,"1660071.102099463","1543417096.298612"
"614",Qg,certain,Qg,Qg,DAS01,,MUP0614,"10969.61043460577","3577890.997983056"
"615",Ql,certain,Ql,Ql,DAS01,,MUP0615,"1130.884645892109","84749.265082567"
"616",Ql,certain,Ql,Ql,DAS01,,MUP0616,"10943.01259746979","3779953.797168005"
"617",Ql,certain,Ql,Ql,DAS01,,MUP0617,"83426.29535570068","43032743.65574779"
"618",Ql,certain,Ql,Ql,DAS01,,MUP0618,"872.0928353782338","36769.20026695813"
"619",Ql,certain,Ql,Ql,DAS01,,MUP0619,"8349.812317674443","4171072.262785346"
"620",Ql,certain,Ql,Ql,DAS01,,MUP0620,"2445.629865831709","214076.0890961345"
"621",Ql,certain,Ql,Ql,DAS01,,MUP0621,"2451.780925234592","254261.1397072222"
"622",Ql,certain,Ql,Ql,DAS01,,MUP0622,"40306.89191277632","14662405.7700453"
"623",Ql,certain,Ql,Ql,DAS01,,MUP0623,"4701.727546760249","296310.8801081851"
"624",Ql,certain,Ql,Ql,DAS01,,MUP0624,"3313.386365216575","573400.828113567"
"625",Ql,certain,Ql,Ql,DAS01,,MUP0625,"2638.77327392854","250250.3058905021"
"626",Qs,certain,Qs,Qs,DAS01,,MUP0626,"15655.10881114335","7256602.373613731"
"627",Qs,certain,Qs,Qs,DAS01,,MUP0627,"8290.567223715081","2070131.906577716"
"628",Qs,certain,Qs,Qs,DAS01,,MUP0628,"9136.597903738419","4402429.183399965"
"629",Qs,certain,Qs,Qs,DAS01,,MUP0629,"16299.71261852717","7565991.314543088"
"630",Qs,certain,Qs,Qs,DAS01,,MUP0630,"7545.59520415419","2521270.356533639"
"631",Qs,certain,Qs,Qs,DAS01,,MUP0631,"6448.116234537737","2696092.50369443"
"632",Qs,certain,Qs,Qs,DAS01,,MUP0632,"5362.160306650646","979384.2070479722"
"633",Qs,certain,Qs,Qs,DAS01,,MUP0633,"5950.45076883988","2221156.57273719"
"634",Qs,certain,Qs,Qs,DAS01,,MUP0634,"8307.79248301382","4470452.85183089"
"635",Qs,certain,Qs,Qs,DAS01,,MUP0635,"6093.104426744472","2169725.749751332"
"636",Qs,certain,Qs,Qs,DAS01,,MUP0636,"6096.475937304855","1793961.774811979"
"637",Qs,certain,Qs,Qs,DAS01,,MUP0637,"4528.649130148652","1010267.230191075"
"638",Qs,certain,Qs,Qs,DAS01,,MUP0638,"9297.29690021092","2672172.71959741"
"639",Qs,certain,Qs,Qs,DAS01,,MUP0639,"28604.03006938793","14254379.7501941"
"640",Qs,certain,Qs,Qs,DAS01,,MUP0640,"5975.452037721193","2010091.592354263"
"641",Qs,certain,Qs,Qs,DAS01,,MUP0641,"22519.24838913508","23324184.46082947"
"642",QTog,certain,QTog,QTog,DAS01,,MUP0642,"17210.47562033284","8577535.432461945"
"643",QTog,certain,QTog,QTog,DAS01,,MUP0643,"6763.016594336493","1395991.350388432"
"644",QTog,certain,QTog,QTog,DAS01,,MUP0644,"5067.475346684901","700758.5281070465"
"645",QTog,certain,QTog,QTog,DAS01,,MUP0645,"10100.70294003999","3580845.633431264"
"646",QTog,certain,QTog,QTog,DAS01,,MUP0646,"135113.2475475284","118122852.2071035"
"647",QTog,certain,QTog,QTog,DAS01,,MUP0647,"9461.378661816141","2041299.487664823"
"648",QTog,certain,QTog,QTog,DAS01,,MUP0648,"20390.57201976995","6123079.542462739"
"649",QTog,certain,QTog,QTog,DAS01,,MUP0649,"36060.73207052991","11067949.97018905"
"650",QTog,certain,QTog,QTog,DAS01,,MUP0650,"9892.681596840532","2092809.331238068"
"651",QTog,certain,QTog,QTog,DAS01,,MUP0651,"11069.77231074527","2682138.440096992"
"652",QTog,certain,QTog,QTog,DAS01,,MUP0652,"12175.63213097908","3304072.018479581"
"653",QTog,certain,QTog,QTog,DAS01,,MUP0653,"8481.294454695641","1870094.752280055"
"654",QTog,certain,QTog,QTog,DAS01,,MUP0654,"11037.95018188145","3930121.567617025"
"655",QTog,certain,QTog,QTog,DAS01,,MUP0655,"20120.31867465262","10255361.69010516"
"656",QTog,certain,QTog,QTog,DAS01,,MUP0656,"6905.381521135823","1413471.441200547"
"657",QTog,certain,QTog,QTog,DAS01,,MUP0657,"6094.909007421058","1246559.984287664"
"658",QTog,certain,QTog,QTog,DAS01,,MUP0658,"9138.56017723187","2380931.809199462"
"659",QTog,certain,QTog,QTog,DAS01,,MUP0659,"9137.969701722088","3041120.458185785"
"660",QTog,certain,QTog,QTog,DAS01,,MUP0660,"156194.4909889174","119881474.3137001"
"661",QTog,certain,QTog,QTog,DAS01,,MUP0661,"21268.85955470505","15640840.50364801"
"662",QTog,certain,QTog,QTog,DAS01,,MUP0662,"247035.4557524724","428311156.834316"
"663",QTog,certain,QTog,QTog,DAS01,,MUP0663,"73145.04852355142","30485043.37360158"
"664",Ta,certain,Ta,Ta,DAS01,,MUP0664,"2618.238449088364","102271.4190527763"
"665",Ta,certain,Ta,Ta,DAS01,,MUP0665,"3045.294220264626","143536.9117365213"
"666",Ta,certain,Ta,Ta,DAS01,,MUP0666,"1386.451905518526","107309.7703618585"
"667",Ta,certain,Ta,Ta,DAS01,,MUP0667,"765.2112513365605","32793.98168787074"
"668",Ta,certain,Ta,Ta,DAS01,,MUP0668,"3040.552342735118","113665.9730737823"
"669",Ta,certain,Ta,Ta,DAS01,,MUP0669,"6988.953363060595","1390025.258243731"
"670",Ta,certain,Ta,Ta,DAS01,,MUP0670,"6751.962656435523","262361.4023947967"
"671",Ta,certain,Ta,Ta,DAS01,,MUP0671,"6157.633525293018","268313.5874997629"
"672",Ta,certain,Ta,Ta,DAS01,,MUP0672,"2694.665270991642","120179.9618763315"
"673",Ta,certain,Ta,Ta,DAS01,,MUP0673,"1203.969154464507","49535.64234296198"
"674",Tb,certain,Tb,Tb,DAS01,,MUP0674,"1392.049955461941","83188.99639525569"
"675",Tb,certain,Tb,Tb,DAS01,,MUP0675,"1308.395492130327","88057.39901245193"
"676",Tb,certain,Tb,Tb,DAS01,,MUP0676,"1744.510688394877","111682.1863452817"
"677",Td,certain,Td,Td,DAS01,,MUP0677,"1797.351110482374","209980.3632417715"
"678",TKi,certain,TKi,TKi,DAS01,,MUP0678,"10184.48540069062","2936741.102848048"
"679",TKi,certain,TKi,TKi,DAS01,,MUP0679,"1713.13462877432","203664.2734719578"
"680",TKi,certain,TKi,TKi,DAS01,,MUP0680,"60105.92658983234","7648026.904448304"
"681",TKi,certain,TKi,TKi,DAS01,,MUP0681,"2975.426599106017","461957.3110525197"
"682",TKi,certain,TKi,TKi,DAS01,,MUP0682,"5507.746713989791","1125890.368437766"
"683",TKi,certain,TKi,TKi,DAS01,,MUP0683,"7272.275530894052","1720003.088808256"
"684",TKi,certain,TKi,TKi,DAS01,,MUP0684,"7693.701190102634","1277325.365845768"
"685",TKi,certain,TKi,TKi,DAS01,,MUP0685,"4389.191636462441","959408.4071688206"
"686",TKi,certain,TKi,TKi,DAS01,,MUP0686,"2061.645206886587","229933.1427959983"
"687",TKi,certain,TKi,TKi,DAS01,,MUP0687,"72180.88784744787","24713256.79209613"
"688",TKi,certain,TKi,TKi,DAS01,,MUP0688,"4391.790099905812","892328.329968904"
"689",TKi,certain,TKi,TKi,DAS01,,MUP0689,"2383.689495661913","278177.14946939"
"690",TKp,certain,TKp,TKp,DAS01,,MUP0690,"3754.729229690937","331257.2965846849"
"691",TKp,certain,TKp,TKp,DAS01,,MUP0691,"1594.26872807031","127349.6757760916"
"692",TKp,certain,TKp,TKp,DAS01,,MUP0692,"5245.537878516585","1096022.038417554"
"693",TKr,certain,TKr,TKr,DAS01,,MUP0693,"1445.898434775335","141621.9981354431"
"694",TKr,certain,TKr,TKr,DAS01,,MUP0694,"2324.930766764141","96301.44615560322"
"695",TKr,certain,TKr,TKr,DAS01,,MUP0695,"3436.758944800019","490649.091062054"
"696",TKr,certain,TKr,TKr,DAS01,,MUP0696,"5410.990413104708","227179.8215370734"
"697",TKr,certain,TKr,TKr,DAS01,,MUP0697,"7238.343669454272","301512.5612715209"
"698",Tla,certain,Tla,Tla,DAS01,,MUP0698,"1414.62260440676","128308.5573948431"
"699",Tla,certain,Tla,Tla,DAS01,,MUP0699,"2078.182512444888","216028.8674783666"
"700",Tla,certain,Tla,Tla,DAS01,,MUP0700,"1081.863906204486","73850.03378180537"
"701",Tla,certain,Tla,Tla,DAS01,,MUP0701,"2403.564676560273","226022.1259302491"
"702",Tla,certain,Tla,Tla,DAS01,,MUP0702,"6371.114667400114","1938973.293644625"
"703",Tla,certain,Tla,Tla,DAS01,,MUP0703,"1725.844582783241","152947.1782258342"
"704",Tla,certain,Tla,Tla,DAS01,,MUP0704,"2855.681335556761","355714.6808914503"
"705",Tla,certain,Tla,Tla,DAS01,,MUP0705,"1340.376654478227","117620.9382253815"
"706",Tla,certain,Tla,Tla,DAS01,,MUP0706,"2441.63958623955","280320.5521588728"
"707",Tla,certain,Tla,Tla,DAS01,,MUP0707,"1475.809867962232","113292.7074272528"
"708",Tla,certain,Tla,Tla,DAS01,,MUP0708,"914.1674837970411","54202.12091744771"
"709",Tla,certain,Tla,Tla,DAS01,,MUP0709,"1179.529561084268","91546.15699613989"
"710",Tla,certain,Tla,Tla,DAS01,,MUP0710,"1441.711314374183","128259.6011181919"
"711",Tla,certain,Tla,Tla,DAS01,,MUP0711,"1656.192705909954","128379.2857745216"
"712",Tla,certain,Tla,Tla,DAS01,,MUP0712,"2042.249159291297","206862.5821696261"
"713",Tla,certain,Tla,Tla,DAS01,,MUP0713,"1381.364577933827","103413.1634123301"
"714",Tla,certain,Tla,Tla,DAS01,,MUP0714,"1251.471427793229","95715.08205649765"
"715",Tla,certain,Tla,Tla,DAS01,,MUP0715,"3565.397459369842","268746.847985063"
"716",Tla,certain,Tla,Tla,DAS01,,MUP0716,"887.5819621949365","45658.42694041302"
"717",Tla,certain,Tla,Tla,DAS01,,MUP0717,"2238.354050271767","226695.6817266878"
"718",Tla,certain,Tla,Tla,DAS01,,MUP0718,"1169.603093388165","76912.19502637486"
"719",Tla,certain,Tla,Tla,DAS01,,MUP0719,"2062.510198724641","176232.7699716839"
"720",Tla,certain,Tla,Tla,DAS01,,MUP0720,"2564.351569141878","291626.1056498898"
"721",Tla,certain,Tla,Tla,DAS01,,MUP0721,"2752.777757732797","336302.536235186"
"722",Tla,certain,Tla,Tla,DAS01,,MUP0722,"2933.598681602685","224775.2274643571"
"723",Tla,certain,Tla,Tla,DAS01,,MUP0723,"1125.042019749591","87899.40994691222"
"724",Tla,certain,Tla,Tla,DAS01,,MUP0724,"1919.083146376807","239796.4036929744"
"725",Tla,certain,Tla,Tla,DAS01,,MUP0725,"3203.830195420096","263028.9124711071"
"726",Tla,certain,Tla,Tla,DAS01,,MUP0726,"1484.476506994813","113436.6064036993"
"727",Tm,certain,Tm,Tm,DAS01,,MUP0727,"2494.734597370664","438215.8075648716"
"728",Tm,certain,Tm,Tm,DAS01,,MUP0728,"1961.300080617383","221743.8103952484"
"729",Tm,certain,Tm,Tm,DAS01,,MUP0729,"1708.99323390429","164102.2072131768"
"730",Tmp,certain,Tmp,Tmp,DAS01,,MUP0730,"3461.602648297276","794420.2757331042"
"731",Tmp,certain,Tmp,Tmp,DAS01,,MUP0731,"8641.954526436661","1291075.413359599"
"732",Tva,certain,Tva,Tva,DAS01,,MUP0732,"54901.05835210175","38067880.41073471"
"733",Tva,certain,Tva,Tva,DAS01,,MUP0733,"1147.561466076867","87249.16381345318"
"734",Tva,certain,Tva,Tva,DAS01,,MUP0734,"19299.01856745387","9493309.709990669"
"735",Tva,certain,Tva,Tva,DAS01,,MUP0735,"51206.88026445692","27331971.10371035"
"736",Tva,certain,Tva,Tva,DAS01,,MUP0736,"3268.454063588368","746525.5920678865"
"737",water,certain,,water,DAS02,,MUP0737,"686.9502248338587","30634.02604624876"
"738",water,certain,,water,DAS02,,MUP0738,"854.8195407045802","49309.56309680669"
"739",water,certain,,water,DAS02,,MUP0739,"448.1656909571533","13653.52972020394"
"740",water,certain,,water,DAS02,,MUP0740,"545.9270058845505","19540.12188229916"
"741",water,certain,Coopers Lake,water,DAS02,,MUP0741,"5021.813720068404","793951.1540594824"
"742",water,certain,,water,DAS02,,MUP0742,"396.4813794182367","10874.51639991053"
"743",water,certain,Harvey Lake,water,DAS02,,MUP0743,"4801.143877649588","764512.7110970779"
"744",water,certain,,water,DAS02,,MUP0744,"1669.764509022729","210393.2287377295"
"745",water,certain,Lost Lake,water,DAS02,,MUP0745,"3110.400279725571","440126.476995408"
"746",water,certain,,water,DAS02,,MUP0746,"569.4522135861854","23234.81161342009"
"747",water,certain,Glacier Lake,water,DAS02,,MUP0747,"2634.681303081089","410231.8986192088"
"748",water,certain,High Park Lake,water,DAS02,,MUP0748,"4863.259970126724","785377.0737470904"
"749",water,certain,,water,DAS02,,MUP0749,"1007.095556551121","52907.74175014136"
"750",water,certain,,water,DAS02,,MUP0750,"984.2925834069861","63349.12906430457"
"751",water,certain,,water,DAS02,,MUP0751,"1061.056324581528","46975.88891305913"
"752",water,certain,,water,DAS02,,MUP0752,"478.654075125834","16038.05647084746"
"753",water,certain,Mission Reservoir,water,DAS02,,MUP0753,"2333.006550924683","355549.0962196187"
"754",water,certain,,water,DAS02,,MUP0754,"1719.505023132922","201355.7000326288"
"755",water,certain,,water,DAS02,,MUP0755,"740.040713811732","33844.58464161032"
"756",water,certain,,water,DAS02,,MUP0756,"407.3419691528233","9911.779653594192"
"757",water,certain,,water,DAS02,,MUP0757,"1303.50926028451","86875.15959821963"
"758",water,certain,,water,DAS02,,MUP0758,"716.1736474745634","33984.44408321595"
"759",water,certain,,water,DAS02,,MUP0759,"891.3434553837493","35348.83516619799"
"760",water,certain,,water,DAS02,,MUP0760,"2163.950092874516","161550.5444290192"
"761",water,certain,,water,DAS02,,MUP0761,"2593.131494525079","411595.6527649345"
"762",water,certain,,water,DAS02,,MUP0762,"599.9921835173301","25061.79443077725"
"763",water,certain,,water,DAS02,,MUP0763,"355.3384983143866","8476.895329984785"
"764",water,certain,,water,DAS02,,MUP0764,"990.0983700554133","68629.02796488263"
"765",water,certain,,water,DAS02,,MUP0765,"1677.518313837865","128920.513626289"
"766",water,certain,,water,DAS02,,MUP0766,"495.4881574335909","15499.02508685655"
"767",water,certain,,water,DAS02,,MUP0767,"735.4953351203535","36993.93260753182"
"768",water,certain,,water,DAS02,,MUP0768,"756.3772250386352","35016.31764041903"
"769",water,certain,,water,DAS02,,MUP0769,"857.2017413305167","28746.27961690872"
"770",water,certain,Shoop Lake,water,DAS02,,MUP0770,"567.933590738934","22187.97606922398"
"771",water,certain,,water,DAS02,,MUP0771,"227.5903378488384","3694.003503003831"
"772",water,certain,Lake Alva,water,DAS02,,MUP0772,"629.5130242963544","23423.55214777289"
"773",water,certain,Elk Lake,water,DAS02,,MUP0773,"2745.490699506206","391528.5452726008"
"774",water,certain,,water,DAS02,,MUP0774,"609.7043840865938","24739.63065076422"
"775",water,certain,Doctor Lake,water,DAS02,,MUP0775,"1812.181574751731","237730.7413450002"
"776",water,certain,,water,DAS02,,MUP0776,"374.9443792266956","9097.101240532495"
"777",water,certain,,water,DAS02,,MUP0777,"657.9604102475087","30927.48109076914"
"778",water,certain,,water,DAS02,,MUP0778,"2111.114070774086","120282.1520188665"
"779",water,certain,,water,DAS02,,MUP0779,"3129.630232193252","285495.4660093505"
"780",water,certain,,water,DAS02,,MUP0780,"763.544919419753","34061.30497408171"
"781",water,certain,Big Salmon Lake,water,DAS02,,MUP0781,"12837.13155747207","3607420.561642106"
"782",water,certain,,water,DAS02,,MUP0782,"1017.191268992889","75002.93630149483"
"783",water,certain,,water,DAS02,,MUP0783,"967.3199492830886","50564.61731792456"
"784",water,certain,,water,DAS02,,MUP0784,"749.1200998279675","34006.56691811672"
"785",water,certain,,water,DAS02,,MUP0785,"744.6195142669562","32590.65297973673"
"786",water,certain,Boulder Lake,water,DAS02,,MUP0786,"2275.712568645858","366378.5286033993"
"787",water,certain,,water,DAS02,,MUP0787,"1079.174481434919","85685.9709967698"
"788",water,certain,,water,DAS02,,MUP0788,"615.7414057467837","26325.24008988204"
"789",water,certain,,water,DAS02,,MUP0789,"589.2225889429493","24559.01403549935"
"790",water,certain,,water,DAS02,,MUP0790,"448.2226200187745","14301.94069744094"
"791",water,certain,,water,DAS02,,MUP0791,"1057.85087784171","60602.11481594118"
"792",water,certain,,water,DAS02,,MUP0792,"1470.409677362838","111649.2365804006"
"793",water,certain,,water,DAS02,,MUP0793,"487.2494509550996","17145.01287549998"
"794",water,certain,,water,DAS02,,MUP0794,"2006.623451322498","235203.7071159981"
"795",water,certain,,water,DAS02,,MUP0795,"1242.936233041738","117991.6270432699"
"796",water,certain,Swan Lake,water,DAS02,,MUP0796,"28256.27759223428","11256324.0766407"
"797",water,certain,,water,DAS02,,MUP0797,"717.189010836885","34329.38664925526"
"798",water,certain,,water,DAS02,,MUP0798,"1273.054879719302","77943.15173031457"
"799",water,certain,,water,DAS02,,MUP0799,"1203.539858921622","92307.65259427596"
"800",water,certain,,water,DAS02,,MUP0800,"541.4230117154651","20730.329597914"
"801",water,certain,,water,DAS02,,MUP0801,"923.6114950622991","52132.44422704045"
"802",water,certain,,water,DAS02,,MUP0802,"437.9349759157116","12762.12339933333"
"803",water,certain,,water,DAS02,,MUP0803,"783.91579077522","38803.32527809564"
"804",water,certain,,water,DAS02,,MUP0804,"811.1068153577536","38943.570835264"
"805",water,certain,,water,DAS02,,MUP0805,"904.1456156425268","49085.26444182385"
"806",water,certain,,water,DAS02,,MUP0806,"885.160829849998","52659.14397179778"
"807",water,certain,,water,DAS02,,MUP0807,"871.00763447183","49256.37362381756"
"808",water,certain,,water,DAS02,,MUP0808,"876.0104951904341","48719.72060958813"
"809",water,certain,,water,DAS02,,MUP0809,"332.3661702775796","7465.29619374204"
"810",water,certain,,water,DAS02,,MUP0810,"829.8825844532155","42134.0379608153"
"811",water,certain,,water,DAS02,,MUP0811,"545.7425187647412","19621.44941002828"
"812",water,certain,Cedar Lake,water,DAS02,,MUP0812,"1610.875485853972","185148.1258277758"
"813",water,certain,,water,DAS02,,MUP0813,"1993.368365985116","219624.6225412727"
"814",water,certain,,water,DAS02,,MUP0814,"2330.985558678575","209341.836638172"
"815",water,certain,St. Marys Lake,water,DAS02,,MUP0815,"5527.06494216197","951949.4848347629"
"816",water,certain,Seeley Lake,water,DAS02,,MUP0816,"20050.97193310676","4654991.028273306"
"817",water,certain,Gray Wolf Lake,water,DAS02,,MUP0817,"5812.398590489274","1205269.485301683"
"818",water,certain,,water,DAS02,,MUP0818,"678.0269169335801","27602.13851644426"
"819",water,certain,,water,DAS02,,MUP0819,"927.9601719088257","57736.31004179834"
"820",water,certain,,water,DAS02,,MUP0820,"519.6465310176313","18133.83693338699"
"821",water,certain,Lindbergh Lake,water,DAS02,,MUP0821,"14484.41039186028","3004281.329198655"
"822",water,certain,,water,DAS02,,MUP0822,"1828.793054540404","203622.7117090208"
"823",water,certain,Tuppens Lake,water,DAS02,,MUP0823,"342.6211727277208","7647.444236956164"
"824",water,certain,Clearwater Lake,water,DAS02,,MUP0824,"2264.094636485014","335286.4025699426"
"825",water,certain,,water,DAS02,,MUP0825,"254.3313570825104","3996.425462515109"
"826",water,certain,,water,DAS02,,MUP0826,"450.878411951716","13923.91913965847"
"827",water,certain,,water,DAS02,,MUP0827,"368.0010671714151","9328.114070221109"
"828",water,certain,,water,DAS02,,MUP0828,"687.777110234517","25929.06763546355"
"829",water,certain,Lena Lake,water,DAS02,,MUP0829,"2552.496982596736","331831.0057242117"
"830",water,certain,,water,DAS02,,MUP0830,"1417.797310361134","79207.70535989541"
"831",water,certain,,water,DAS02,,MUP0831,"516.0230366415908","17879.62474468879"
"832",water,certain,Spook Lake,water,DAS02,,MUP0832,"811.7782195406164","46816.83856586527"
"833",water,certain,,water,DAS02,,MUP0833,"600.1442875360214","24074.59587100255"
"834",water,certain,Willow Creek Reservoir,water,DAS02,,MUP0834,"11581.02394749546","5224421.952760939"
"835",water,certain,,water,DAS02,,MUP0835,"1432.823692231865","89481.04466291881"
"836",water,certain,Lower Jocko Lake,water,DAS02,,MUP0836,"11785.87813093425","1138508.348017141"
"837",water,certain,,water,DAS02,,MUP0837,"542.3807667856021","16904.1509152358"
"838",water,certain,,water,DAS02,,MUP0838,"1099.53019768328","55766.54511442746"
"839",water,certain,,water,DAS02,,MUP0839,"587.8611692103311","24266.66995756061"
"840",water,certain,,water,DAS02,,MUP0840,"1074.319005635267","59061.49458325387"
"841",water,certain,,water,DAS02,,MUP0841,"5495.071184674957","1301377.278375854"
"842",water,certain,,water,DAS02,,MUP0842,"940.3108240601821","61968.0921353529"
"843",water,certain,Lake Inez,water,DAS02,,MUP0843,"5887.556284056751","1122678.096447138"
"844",water,certain,Cedar Lake,water,DAS02,,MUP0844,"853.3873615238051","51741.54972102959"
"845",water,certain,,water,DAS02,,MUP0845,"576.1132626082804","23731.5608898215"
"846",water,certain,Upper Cold Lake,water,DAS02,,MUP0846,"1610.921699504633","145021.5588639654"
"847",water,certain,,water,DAS02,,MUP0847,"507.1571969602271","17334.25947725917"
"848",water,certain,,water,DAS02,,MUP0848,"1486.260510648112","104142.7855792878"
"849",water,certain,,water,DAS02,,MUP0849,"830.5100848333251","48314.09431565196"
"850",water,certain,,water,DAS02,,MUP0850,"1327.092350614297","132031.1215666105"
"851",water,certain,Shoop Lake,water,DAS02,,MUP0851,"1416.451723413941","135198.6865022444"
"852",water,certain,,water,DAS02,,MUP0852,"904.9048607742707","50198.56578193305"
"853",water,certain,Bighorn Lake,water,DAS02,,MUP0853,"892.746199486545","52373.96044422023"
"854",water,certain,,water,DAS02,,MUP0854,"1057.703001341013","66395.89178611188"
"855",water,certain,Donner Lake,water,DAS02,,MUP0855,"2455.363344704574","168220.0220734205"
"856",water,certain,Loon Lake,water,DAS02,,MUP0856,"905.0819028675854","60553.99757307406"
"857",water,certain,Crystal Lake,water,DAS02,,MUP0857,"6051.928826879133","827580.8953701932"
"858",water,certain,Jones Lake,water,DAS02,,MUP0858,"3090.61653725958","290729.2104174604"
"859",water,certain,Bynum Reservoir,water,DAS02,,MUP0859,"17279.94154418815","12902733.4611201"
"860",water,certain,,water,DAS02,,MUP0860,"3064.610504638499","522821.9917065687"
"861",water,certain,,water,DAS02,,MUP0861,"444.1527650176158","13806.74708674215"
"862",water,certain,,water,DAS02,,MUP0862,"5210.922371188548","854371.965002989"
"863",water,certain,,water,DAS02,,MUP0863,"1127.07840394304","62573.64450776452"
"864",water,certain,,water,DAS02,,MUP0864,"746.5519033311191","33532.20482132224"
"865",water,certain,Woodward Lake,water,DAS02,,MUP0865,"2109.468242867691","148793.9556000903"
"866",water,certain,,water,DAS02,,MUP0866,"450.5262131974169","13288.84219525405"
"867",water,certain,,water,DAS02,,MUP0867,"587.1013833948406","21615.46367356149"
"868",water,certain,,water,DAS02,,MUP0868,"256.8351779738592","4451.415883082536"
"869",water,certain,Salmon Lake,water,DAS02,,MUP0869,"13374.58068591187","1948572.601343642"
"870",water,certain,,water,DAS02,,MUP0870,"2430.647514132396","334782.6478670662"
"871",water,certain,,water,DAS02,,MUP0871,"2362.413152012962","217939.2822072056"
"872",water,certain,,water,DAS02,,MUP0872,"1950.868601583033","143838.4792305044"
"873",water,certain,,water,DAS02,,MUP0873,"5663.606582833846","1145701.941520967"
"874",water,certain,,water,DAS02,,MUP0874,"528.8029754431557","17479.86834723309"
"875",water,certain,,water,DAS02,,MUP0875,"1316.691114886373","117088.2025584624"
"876",water,certain,,water,DAS02,,MUP0876,"951.7033518310774","62574.03855642348"
"877",water,certain,Elbow Lake,water,DAS02,,MUP0877,"4576.172799340215","304548.9584272536"
"878",water,certain,Fish Lake,water,DAS02,,MUP0878,"3272.801177767746","388292.2323075009"
"879",water,certain,,water,DAS02,,MUP0879,"568.9638821978075","23778.07061457418"
"880",water,certain,,water,DAS02,,MUP0880,"971.9625322073738","65209.07037125163"
"881",water,certain,,water,DAS02,,MUP0881,"498.1044003663861","17142.37923806791"
"882",water,certain,Upsata Lake,water,DAS02,,MUP0882,"2360.188870180113","202547.4583858197"
"883",water,certain,,water,DAS02,,MUP0883,"1043.465559140888","53816.89151055808"
"884",water,certain,,water,DAS02,,MUP0884,"866.3077430529821","47079.85780375208"
"885",water,certain,George Lake,water,DAS02,,MUP0885,"2997.183067430422","406613.0638872497"
"886",water,certain,,water,DAS02,,MUP0886,"1035.845520384001","66556.89059293021"
"887",water,certain,Sanders Lake,water,DAS02,,MUP0887,"1411.380523205114","130947.1417347038"
"888",water,certain,Placid Lake,water,DAS02,,MUP0888,"9567.034962241656","4821408.776257264"
"889",water,certain,,water,DAS02,,MUP0889,"800.5044368685367","41288.72677177222"
"890",water,certain,,water,DAS02,,MUP0890,"568.9607912580188","22434.51597423708"
"891",water,certain,,water,DAS02,,MUP0891,"1269.683941480921","101257.6892534519"
"892",water,certain,,water,DAS02,,MUP0892,"820.9594298112901","43127.13591531033"
"893",water,certain,Lahrity Lake,water,DAS02,,MUP0893,"1260.527921166534","105753.7401855622"
"894",water,certain,,water,DAS02,,MUP0894,"522.621207489837","19151.02201821641"
"895",water,certain,Tupper Lake,water,DAS02,,MUP0895,"906.9143628989332","54366.15158295396"
"896",water,certain,,water,DAS02,,MUP0896,"661.4124821962869","31937.78638606293"
"897",water,certain,,water,DAS02,,MUP0897,"1039.301219484118","72600.92792553217"
"898",water,certain,Pishkun Reservoir,water,DAS02,,MUP0898,"16463.21132291341","5657851.736146925"
"899",water,certain,,water,DAS02,,MUP0899,"887.8557396791003","44568.45389069879"
"900",water,certain,,water,DAS02,,MUP0900,"1767.218516163495","84891.55509454006"
"901",water,certain,,water,DAS02,,MUP0901,"1293.039142365849","67813.89801532605"
"902",water,certain,,water,DAS02,,MUP0902,"1508.154418056665","88986.36460785673"
"903",water,certain,,water,DAS02,,MUP0903,"2214.082243979865","300039.7848800283"
"904",water,certain,Heart Lake,water,DAS02,,MUP0904,"1741.742012035812","141901.2479508024"
"905",water,certain,,water,DAS02,,MUP0905,"924.0232291255325","59586.02857311226"
"906",water,certain,,water,DAS02,,MUP0906,"617.8300506613959","23920.57253769707"
"907",water,certain,,water,DAS02,,MUP0907,"1019.437882203549","76518.33825617442"
"908",water,certain,,water,DAS02,,MUP0908,"1651.629137195224","100309.6092452741"
"909",water,certain,Gibson Reservoir,water,DAS02,,MUP0909,"20417.85052794126","5251164.735775134"
"910",water,certain,,water,DAS02,,MUP0910,"417.5280490366223","12377.68867300256"
"911",water,certain,,water,DAS02,,MUP0911,"1229.959163960898","109212.7081627588"
"912",water,certain,,water,DAS02,,MUP0912,"524.9811043936545","18837.1873443345"
"913",water,certain,,water,DAS02,,MUP0913,"1206.624730836498","91124.73180319583"
"914",water,certain,Keossler Lake,water,DAS02,,MUP0914,"2067.635275801373","302562.1340716468"
"915",water,certain,,water,DAS02,,MUP0915,"977.1670113511677","65531.03760687039"
"916",water,certain,Turquoise Lake,water,DAS02,,MUP0916,"4449.697820675347","771956.3005353371"
"917",water,certain,,water,DAS02,,MUP0917,"961.1787765599188","53969.63874453992"
"918",water,certain,,water,DAS02,,MUP0918,"534.1251269261974","18180.20511701783"
"919",water,certain,Crescent Lake,water,DAS02,,MUP0919,"1100.081248431301","74819.89660317109"
"920",water,certain,,water,DAS02,,MUP0920,"1099.757743550218","84325.87356825867"
"921",water,certain,McDonald Lake,water,DAS02,,MUP0921,"5460.167734648039","747154.0708601315"
"922",water,certain,,water,DAS02,,MUP0922,"527.8913704777671","19957.19684829449"
"923",water,certain,,water,DAS02,,MUP0923,"2236.739774720597","225757.6168857256"
"924",water,certain,Krohn Lake,water,DAS02,,MUP0924,"873.9528791907455","48866.51365902442"
"925",water,certain,,water,DAS02,,MUP0925,"940.3794157964925","57995.33091438492"
"926",water,certain,,water,DAS02,,MUP0926,"358.9511443099195","9469.103626680575"
"927",water,certain,Piper Lake,water,DAS02,,MUP0927,"2248.7235085372","247829.7564245582"
"928",water,certain,,water,DAS02,,MUP0928,"1490.280375510038","85545.52916615718"
"929",water,certain,,water,DAS02,,MUP0929,"963.4123875703665","64980.92409581041"
"930",water,certain,Shay Lake,water,DAS02,,MUP0930,"1051.621888681452","64806.77217327831"
"931",water,certain,,water,DAS02,,MUP0931,"6610.799674949231","762011.6425623428"
"932",water,certain,,water,DAS02,,MUP0932,"580.022176251967","23238.25305743162"
"933",water,certain,,water,DAS02,,MUP0933,"748.8948155741155","40039.15727497869"
"934",water,certain,,water,DAS02,,MUP0934,"823.5503542228213","42151.82809812028"
"935",water,certain,,water,DAS02,,MUP0935,"649.0635974334693","28141.85779441853"
"936",water,certain,,water,DAS02,,MUP0936,"783.6308998716146","36843.43363084644"
"937",water,certain,,water,DAS02,,MUP0937,"932.1945209341688","58564.30176922656"
"938",water,certain,,water,DAS02,,MUP0938,"1001.71496315107","51155.5825966235"
"939",water,certain,,water,DAS02,,MUP0939,"1340.134871951666","118307.8048575473"
"940",water,certain,,water,DAS02,,MUP0940,"498.4263425230475","16822.10792182239"
"941",water,certain,Sunburst Lake,water,DAS02,,MUP0941,"2913.4131658038","535084.855240982"
"942",water,certain,,water,DAS02,,MUP0942,"493.6384884791362","14931.1164985597"
"943",water,certain,,water,DAS02,,MUP0943,"1149.574930145022","53779.23142402675"
"944",water,certain,Greenfields Lake,water,DAS02,,MUP0944,"42476.89378662555","27716972.31932309"
"945",water,certain,Holland Lake,water,DAS02,,MUP0945,"6463.865344183097","1363997.52822218"
"946",water,certain,,water,DAS02,,MUP0946,"565.2032777150223","22089.75095283641"
"947",water,certain,,water,DAS02,,MUP0947,"2402.173402245168","205728.7789017032"
"948",water,certain,,water,DAS02,,MUP0948,"1831.95618668385","118230.5028102323"
"949",water,certain,Eureka Reservoir,water,DAS02,,MUP0949,"6727.627698693818","1237553.239780223"
"950",water,certain,,water,DAS02,,MUP0950,"1193.492957296707","93974.27291523189"
"951",water,certain,Lake of Sa-Ol-Sooth,water,DAS02,,MUP0951,"1338.882541425156","124498.7436081125"
"952",water,certain,,water,DAS02,,MUP0952,"2951.070664190594","220374.5466385601"
"953",water,certain,,water,DAS02,,MUP0953,"725.0295561188232","37208.43914675007"
"954",water,certain,,water,DAS02,,MUP0954,"1941.446051405549","238441.1017454361"
"955",water,certain,,water,DAS02,,MUP0955,"1170.222346745305","64916.35024265369"
"956",water,certain,,water,DAS02,,MUP0956,"574.1403860032855","23243.28671670957"
"957",water,certain,,water,DAS02,,MUP0957,"696.6690598939648","30539.52175630416"
"958",water,certain,,water,DAS02,,MUP0958,"764.4402006849758","43933.78958549201"
"959",water,certain,,water,DAS02,,MUP0959,"814.4323963485712","42686.41842418845"
"960",water,certain,Lower Cold Lake,water,DAS02,,MUP0960,"1737.824740910611","207787.6940991168"
"961",water,certain,Camp Lake,water,DAS02,,MUP0961,"940.7739066717982","53351.75884725144"
"962",water,certain,Bean Lake,water,DAS02,,MUP0962,"3189.507772729724","687044.6045903382"
"963",water,certain,Priest Butte Lake,water,DAS02,,MUP0963,"9925.018333793638","2182138.455770052"
"964",water,certain,Upper Jocko Lake,water,DAS02,,MUP0964,"5931.620774354827","304426.5238997763"
"965",water,certain,,water,DAS02,,MUP0965,"927.1216929847848","49794.54252712934"
"966",water,certain,,water,DAS02,,MUP0966,"767.579903334096","30589.77153749291"
"967",Yb,certain,Yb,Yb,DAS01,,MUP0967,"1599.316354708968","169508.7440893853"
"968",Yb,certain,Yb,Yb,DAS01,,MUP0968,"22719.26283833265","5745202.462049701"
"969",Yb,certain,Yb,Yb,DAS01,,MUP0969,"4816.723521358885","692349.1224398288"
"970",Yb,certain,Yb,Yb,DAS01,,MUP0970,"15094.8096416213","2574698.630433688"
"971",Yb,certain,Yb,Yb,DAS01,,MUP0971,"5476.766792882116","943435.5665511687"
"972",Yb,certain,Yb,Yb,DAS01,,MUP0972,"12377.97297801189","2165552.484279887"
"973",Yb,certain,Yb,Yb,DAS01,,MUP0973,"3885.856115496234","642981.0502090559"
"974",Yb,certain,Yb,Yb,DAS01,,MUP0974,"9124.901587373619","1496186.65183869"
"975",Yb,certain,Yb,Yb,DAS01,,MUP0975,"76894.09998952884","15584211.06901302"
"976",Yb,certain,Yb,Yb,DAS01,,MUP0976,"5801.262636910681","939892.4373056926"
"977",Yb,certain,Yb,Yb,DAS01,,MUP0977,"8691.283629721451","4067722.615232976"
"978",Yb,certain,Yb,Yb,DAS01,,MUP0978,"1364.511450082286","80656.15472151655"
"979",Yb,certain,Yb,Yb,DAS01,,MUP0979,"19955.05623872669","3893394.231187137"
"980",Yb,certain,Yb,Yb,DAS01,,MUP0980,"8359.158908204789","2077271.719796492"
"981",Yb,certain,Yb,Yb,DAS01,,MUP0981,"3105.947143449083","662063.6151182608"
"982",Yb,certain,Yb,Yb,DAS01,,MUP0982,"12816.93423820589","5554821.200499199"
"983",Yb,certain,Yb,Yb,DAS01,,MUP0983,"8237.853151897953","1404043.519349558"
"984",Yb,certain,Yb,Yb,DAS01,changed from Yms to Yb to match printed map,MUP0984,"946.7204146669983","54396.95154880526"
"985",Yb,certain,Yb,Yb,DAS01,,MUP0985,"4833.163897726592","933516.1108145375"
"986",Yb,certain,Yb,Yb,DAS01,,MUP0986,"27852.96043430108","4256295.887975067"
"987",Yb,certain,Yb,Yb,DAS01,,MUP0987,"23129.7414406842","4723547.237625008"
"988",Yb,certain,Yb,Yb,DAS01,,MUP0988,"12495.82231966213","2052323.45226509"
"989",Yb,certain,Yb,Yb,DAS01,,MUP0989,"49545.11837840724","8546920.089983592"
"990",Yb,certain,Yb,Yb,DAS01,,MUP0990,"15939.04788763359","6158227.072819839"
"991",Yb,certain,Yb,Yb,DAS01,,MUP0991,"7052.368457578777","879603.8646388876"
"992",Yb,certain,Yb,Yb,DAS01,,MUP0992,"3333.951653886832","634569.5430982802"
"993",Yb,certain,Yb,Yb,DAS01,,MUP0993,"11577.53546885013","2283717.876533438"
"994",Yb,certain,Yb,Yb,DAS01,,MUP0994,"4209.099852858198","697258.3995650172"
"995",Yb,certain,Yb,Yb,DAS01,,MUP0995,"5593.246779603061","745148.1076721789"
"996",Yb,certain,Yb,Yb,DAS01,,MUP0996,"43068.94132299846","11187493.81256695"
"997",Yb,certain,Yb,Yb,DAS01,,MUP0997,"3064.235890440015","582255.7453222772"
"998",Yb,certain,Yb,Yb,DAS01,,MUP0998,"13473.43040403923","2524744.570865731"
"999",Yb,certain,Yb,Yb,DAS01,,MUP0999,"2660.438865767428","373069.556325604"
"1000",Yb,certain,Yb,Yb,DAS01,,MUP1000,"25757.60694890907","2985616.958323654"
"1001",Yb,certain,Yb,Yb,DAS01,,MUP1001,"11467.41490758804","3074010.890175723"
"1002",Yb,certain,Yb,Yb,DAS01,,MUP1002,"5477.46038196746","846463.0675078562"
"1003",Yb,certain,Yb,Yb,DAS01,,MUP1003,"7332.057424296642","959123.590024456"
"1004",Yb,certain,Yb,Yb,DAS01,,MUP1004,"5443.226258562329","1479494.642060107"
"1005",Yb,certain,Yb,Yb,DAS01,,MUP1005,"2414.022222373688","268184.1675397352"
"1006",Yb,certain,Yb,Yb,DAS01,,MUP1006,"9659.537780995555","3465274.418106952"
"1007",Yb,certain,Yb,Yb,DAS01,,MUP1007,"95445.79795300042","18365061.2038171"
"1008",Yb,certain,Yb,Yb,DAS01,,MUP1008,"5696.320282834377","906873.5481923164"
"1009",Yb,certain,Yb,Yb,DAS01,,MUP1009,"11731.2599750305","2493975.543873831"
"1010",Yb,certain,Yb,Yb,DAS01,,MUP1010,"3976.94759305629","498459.5984418154"
"1011",Yb,certain,Yb,Yb,DAS01,,MUP1011,"42056.6798031301","10789150.83796312"
"1012",Yb,certain,Yb,Yb,DAS01,,MUP1012,"54295.33462549569","14516868.10272191"
"1013",Yb,certain,Yb,Yb,DAS01,,MUP1013,"18619.45208291784","4035216.41809174"
"1014",Yb,certain,Yb,Yb,DAS01,,MUP1014,"18642.05511329035","5028253.607641689"
"1015",Yb,certain,Yb,Yb,DAS01,,MUP1015,"14105.45213021999","2181399.868024102"
"1016",Yb,certain,Yb,Yb,DAS01,,MUP1016,"16442.32873745356","3262201.981258507"
"1017",Yb,certain,Yb,Yb,DAS01,,MUP1017,"2740.931519879047","394363.6958903889"
"1018",Yb,certain,Yb,Yb,DAS01,,MUP1018,"113983.9941580083","32557110.13921508"
"1019",Yb,certain,Yb,Yb,DAS01,,MUP1019,"6985.311703271602","3085311.008676358"
"1020",Yb,certain,Yb,Yb,DAS01,,MUP1020,"1181.72684913986","90401.49900265277"
"1021",Yb,certain,Yb,Yb,DAS01,,MUP1021,"3382.099936547765","445080.404546947"
"1022",Yb,certain,Yb,Yb,DAS01,,MUP1022,"2386.067031488958","153517.6988447295"
"1023",Yb,certain,Yb,Yb,DAS01,,MUP1023,"33199.9521167657","7738474.6257195"
"1024",Yb,certain,Yb,Yb,DAS01,,MUP1024,"6446.200970441261","2139643.638051388"
"1025",Yb,certain,Yb,Yb,DAS01,,MUP1025,"2136.287478231669","240933.8485865921"
"1026",Yb,certain,Yb,Yb,DAS01,,MUP1026,"6591.561153906046","900347.6700560619"
"1027",Yb,certain,Yb,Yb,DAS01,,MUP1027,"1707.034089058495","173794.1696175875"
"1028",Yb,certain,Yb,Yb,DAS01,,MUP1028,"7816.244840686109","1638639.942322395"
"1029",Yb,certain,Yb,Yb,DAS01,,MUP1029,"42380.26692906847","12480969.17746802"
"1030",Yb,certain,Yb,Yb,DAS01,,MUP1030,"22077.33403111996","8186411.664078503"
"1031",Yb,certain,Yb,Yb,DAS01,,MUP1031,"7627.634198614034","1502084.082560505"
"1032",Yb,certain,Yb,Yb,DAS01,,MUP1032,"5930.733816908841","1575436.475892591"
"1033",Yb,certain,Yb,Yb,DAS01,,MUP1033,"12281.8344643413","2894546.739011604"
"1034",Yb,certain,Yb,Yb,DAS01,,MUP1034,"74611.7665055207","15851932.93694653"
"1035",Yb,certain,Yb,Yb,DAS01,,MUP1035,"31852.29811758707","6281548.765872276"
"1036",Yb,certain,Yb,Yb,DAS01,,MUP1036,"22424.53715190634","5323541.070878273"
"1037",Yb,certain,Yb,Yb,DAS01,,MUP1037,"9351.799721741962","1950925.112887455"
"1038",Yb,certain,Yb,Yb,DAS01,,MUP1038,"4597.511890531106","1238204.739917465"
"1039",Yb,certain,Yb,Yb,DAS01,,MUP1039,"1454.941463528486","118321.4553174859"
"1040",Yb,certain,Yb,Yb,DAS01,,MUP1040,"3309.734767984864","540518.8040935097"
"1041",Yb,certain,Yb,Yb,DAS01,,MUP1041,"6066.129000930157","1214163.898151994"
"1042",Yb,certain,Yb,Yb,DAS01,,MUP1042,"7811.642538899848","1244289.027666184"
"1043",Ybe,certain,Ybe,Ybe,DAS01,,MUP1043,"6226.389514585878","1001461.36663435"
"1044",Ybe,certain,Ybe,Ybe,DAS01,,MUP1044,"22627.94345780462","5757069.414562988"
"1045",Ybe,certain,Ybe,Ybe,DAS01,,MUP1045,"30152.5013851229","16151039.47312339"
"1046",Ybe,certain,Ybe,Ybe,DAS01,,MUP1046,"8605.80900008889","1081444.379974501"
"1047",Ybe,certain,Ybe,Ybe,DAS01,,MUP1047,"13413.72304835716","4251148.991537843"
"1048",Ybe,certain,Ybe,Ybe,DAS01,,MUP1048,"10561.97857176064","4675288.854564089"
"1049",Ybe,certain,Ybe,Ybe,DAS01,,MUP1049,"9157.037668046725","2976907.862442635"
"1050",Ybe,certain,Ybe,Ybe,DAS01,,MUP1050,"5943.216571404634","2454603.21430642"
"1051",Ybe,certain,Ybe,Ybe,DAS01,,MUP1051,"1995.369764557235","191434.749361183"
"1052",Ybe,certain,Ybe,Ybe,DAS01,,MUP1052,"7133.736645831023","1694695.130975359"
"1053",Ybe,certain,Ybe,Ybe,DAS01,,MUP1053,"41684.119591549","15410362.55051537"
"1054",Ybe,certain,Ybe,Ybe,DAS01,,MUP1054,"3891.010012250183","503049.7017448558"
"1055",Ybe,certain,Ybe,Ybe,DAS01,,MUP1055,"7496.405369764097","1305818.301996504"
"1056",Ybe,certain,Ybe,Ybe,DAS01,,MUP1056,"24411.78774068136","7651198.654867324"
"1057",Ybe,certain,Ybe,Ybe,DAS01,,MUP1057,"109146.1669416622","52122506.7263433"
"1058",Ybe,certain,Ybe,Ybe,DAS01,,MUP1058,"8403.289549897148","2556950.796968099"
"1059",Ybe,certain,Ybe,Ybe,DAS01,,MUP1059,"10914.58325107134","5952860.451676308"
"1060",Ybe,certain,Ybe,Ybe,DAS01,,MUP1060,"40614.75231736002","12477824.95085945"
"1061",Ybe,certain,Ybe,Ybe,DAS01,,MUP1061,"4108.538376549617","424562.8445006593"
"1062",Ydi,certain,Ydi,Ydi,DAS01,,MUP1062,"1946.423237005939","156290.4839121928"
"1063",Ye,certain,Ye,Ye,DAS01,,MUP1063,"7455.887732018828","718325.9770780649"
"1064",Ye,certain,Ye,Ye,DAS01,,MUP1064,"2406.118956219997","306114.8075683926"
"1065",Ye,certain,Ye,Ye,DAS01,changed from Km to Ye to match printed map,MUP1065,"9188.358577790803","1075366.46757279"
"1066",Ye,certain,Ye,Ye,DAS01,,MUP1066,"7063.938787463439","2132740.374182445"
"1067",Ye,certain,Ye,Ye,DAS01,,MUP1067,"2635.468106432284","253936.1703193488"
"1068",Ye,certain,Ye,Ye,DAS01,,MUP1068,"19889.00718179286","2402461.22105685"
"1069",Ye,certain,Ye,Ye,DAS01,,MUP1069,"17291.59910849519","3669323.161859807"
"1070",Ye,certain,Ye,Ye,DAS01,,MUP1070,"12969.98664038295","3542878.328469133"
"1071",Ye,certain,Ye,Ye,DAS01,,MUP1071,"2713.404927718002","295315.9840901339"
"1072",Ye,certain,Ye,Ye,DAS01,,MUP1072,"13115.69575016213","1901440.89060762"
"1073",Ye,certain,Ye,Ye,DAS01,,MUP1073,"2364.317828683024","300630.2607707092"
"1074",Ye,certain,Ye,Ye,DAS01,,MUP1074,"1730.7340759705","149493.241735589"
"1075",Ye,certain,Ye,Ye,DAS01,,MUP1075,"3481.359578714437","355641.4961579961"
"1076",Ye,certain,Ye,Ye,DAS01,,MUP1076,"4535.037911066479","1185366.764778148"
"1077",Ye,certain,Ye,Ye,DAS01,,MUP1077,"7668.538183171358","2258600.401984912"
"1078",Ye,certain,Ye,Ye,DAS01,,MUP1078,"49527.48065687685","13269895.69897167"
"1079",Ye,certain,Ye,Ye,DAS01,,MUP1079,"5827.585533388618","1673865.937121601"
"1080",Ye,certain,Ye,Ye,DAS01,,MUP1080,"4384.486789225683","880011.6562364709"
"1081",Ye,certain,Ye,Ye,DAS01,,MUP1081,"7157.582805867489","2156424.773250531"
"1082",Ye,certain,Ye,Ye,DAS01,,MUP1082,"68545.35384034351","20214511.13506296"
"1083",Ye,certain,Ye,Ye,DAS01,,MUP1083,"5496.223212932899","960135.0505650227"
"1084",Ye,certain,Ye,Ye,DAS01,,MUP1084,"29753.91607904972","7521853.482396468"
"1085",Ye,certain,Ye,Ye,DAS01,,MUP1085,"4943.426370307537","425392.0680233258"
"1086",Ye,certain,Ye,Ye,DAS01,,MUP1086,"3819.010660404601","455549.6987977669"
"1087",Ye,certain,Ye,Ye,DAS01,,MUP1087,"3517.756461516205","384359.5753533808"
"1088",Ye,certain,Ye,Ye,DAS01,,MUP1088,"1612.319855922885","118029.3531842499"
"1089",Ye,certain,Ye,Ye,DAS01,,MUP1089,"3924.267227811294","653355.3402488638"
"1090",Ye,certain,Ye,Ye,DAS01,,MUP1090,"88662.00074942694","16772784.23096641"
"1091",Ye,certain,Ye,Ye,DAS01,,MUP1091,"25086.98630509759","4412568.529425057"
"1092",Ye,certain,Ye,Ye,DAS01,,MUP1092,"36743.03552999746","13318528.4688882"
"1093",Ye,certain,Ye,Ye,DAS01,,MUP1093,"3287.818668260721","628675.8094124564"
"1094",Ye,certain,Ye,Ye,DAS01,,MUP1094,"65107.32394869981","25507193.18967363"
"1095",Ye,certain,Ye,Ye,DAS01,,MUP1095,"97961.02962259676","42580278.39089789"
"1096",Ye,certain,Ye,Ye,DAS01,,MUP1096,"2215.295755245129","185866.6548997798"
"1097",Ye,certain,Ye,Ye,DAS01,,MUP1097,"973.7463081918099","57981.50029769581"
"1098",Ye,certain,Ye,Ye,DAS01,,MUP1098,"6771.808044828751","1006906.03103873"
"1099",Ye,certain,Ye,Ye,DAS01,,MUP1099,"2968.17082352028","222883.3162544481"
"1100",Ye,certain,Ye,Ye,DAS01,,MUP1100,"4146.176310358869","843309.7107660496"
"1101",Ye,certain,Ye,Ye,DAS01,,MUP1101,"90432.70998240367","21767962.22229487"
"1102",Ye,certain,Ye,Ye,DAS01,,MUP1102,"29383.35656969588","5291940.453996837"
"1103",Ye,certain,Ye,Ye,DAS01,,MUP1103,"2498.626851823562","341972.0662284129"
"1104",Ye,certain,Ye,Ye,DAS01,,MUP1104,"2826.943750192058","289455.4606977443"
"1105",Ye,certain,Ye,Ye,DAS01,,MUP1105,"17448.6001982478","6792330.057372481"
"1106",Ye,certain,Ye,Ye,DAS01,,MUP1106,"4306.164243249678","515890.8254356595"
"1107",Ye,certain,Ye,Ye,DAS01,,MUP1107,"984.7738564132095","66276.39826760659"
"1108",Ye,certain,Ye,Ye,DAS01,,MUP1108,"6644.097526390642","2620810.957720416"
"1109",Ye,certain,Ye,Ye,DAS01,,MUP1109,"1400.682130961956","115877.4170862671"
"1110",Ye,certain,Ye,Ye,DAS01,,MUP1110,"4483.195284161738","325229.2980729911"
"1111",Ye,certain,Ye,Ye,DAS01,,MUP1111,"1197.453055552488","81943.15788382718"
"1112",Ye,certain,Ye,Ye,DAS01,,MUP1112,"7981.502798328053","1821811.463521473"
"1113",Ye,certain,Ye,Ye,DAS01,,MUP1113,"2444.462846971482","244723.4696013383"
"1114",Ye,certain,Ye,Ye,DAS01,,MUP1114,"4480.34819057988","420513.7843858946"
"1115",Ye,certain,Ye,Ye,DAS01,,MUP1115,"60960.79207043135","14087551.02990546"
"1116",Ye,certain,Ye,Ye,DAS01,,MUP1116,"7803.29928097812","1690965.521369312"
"1117",Ye,certain,Ye,Ye,DAS01,,MUP1117,"11802.20996927278","3472286.894003939"
"1118",Ye,certain,Ye,Ye,DAS01,,MUP1118,"26270.56513039563","3248859.467286278"
"1119",Ye,certain,Ye,Ye,DAS01,,MUP1119,"61794.16810674257","11176112.8585962"
"1120",Ye,certain,Ye,Ye,DAS01,,MUP1120,"1305.651597601326","103373.0149588207"
"1121",Yes,certain,Yes,Yes,DAS01,,MUP1121,"40742.88925171032","23018373.09331642"
"1122",Yes,certain,Yes,Yes,DAS01,,MUP1122,"12097.36944480568","1551212.198214505"
"1123",Yes,certain,Yes,Yes,DAS01,,MUP1123,"22548.42395880916","8944465.877881614"
"1124",Yes,certain,Yes,Yes,DAS01,,MUP1124,"16775.35773000852","5056200.0625798"
"1125",Yes,certain,Yes,Yes,DAS01,,MUP1125,"6031.158653683309","1648245.817815376"
"1126",Yes,certain,Yes,Yes,DAS01,,MUP1126,"16860.25998997986","1756959.154962117"
"1127",Yes,certain,Yes,Yes,DAS01,,MUP1127,"6560.547008695744","766842.764925072"
"1128",Yes,certain,Yes,Yes,DAS01,,MUP1128,"5206.459800439551","517175.2349101815"
"1129",Yes,certain,Yes,Yes,DAS01,,MUP1129,"30430.93005505063","12688205.19029182"
"1130",Yes,certain,Yes,Yes,DAS01,,MUP1130,"71616.31283659837","21337380.1142168"
"1131",Yes,certain,Yes,Yes,DAS01,,MUP1131,"7125.540508240603","1994623.995662482"
"1132",Yes,certain,Yes,Yes,DAS01,,MUP1132,"8175.629918485084","2012533.258650772"
"1133",Yes,certain,Yes,Yes,DAS01,,MUP1133,"5857.330363773035","1214324.933616644"
"1134",Yes,certain,Yes,Yes,DAS01,,MUP1134,"13304.16097837673","2031511.66973548"
"1135",Yes,certain,Yes,Yes,DAS01,,MUP1135,"11567.16108715171","2900810.167639506"
"1136",Yes,certain,Yes,Yes,DAS01,,MUP1136,"8834.227223470256","2488626.324746995"
"1137",Yes,certain,Yes,Yes,DAS01,,MUP1137,"6828.995309012685","894760.4266267043"
"1138",Yes,certain,Yes,Yes,DAS01,,MUP1138,"3303.018203006364","320311.705765322"
"1139",Yes,certain,Yes,Yes,DAS01,,MUP1139,"1954.401081777506","164932.787719676"
"1140",Yes,certain,Yes,Yes,DAS01,,MUP1140,"13928.14608917814","1924816.025984081"
"1141",Yes,certain,Yes,Yes,DAS01,,MUP1141,"2409.710723079933","218685.4270456026"
"1142",Yes,certain,Yes,Yes,DAS01,,MUP1142,"4557.587318510569","516437.6643630931"
"1143",Yes,certain,Yes,Yes,DAS01,,MUP1143,"7421.000297908836","856783.4045167724"
"1144",Yes,certain,Yes,Yes,DAS01,,MUP1144,"29850.69843061079","4762442.760066471"
"1145",Yg,certain,Yg,Yg,DAS01,,MUP1145,"27951.41773129084","8828146.12810654"
"1146",Yg,certain,Yg,Yg,DAS01,,MUP1146,"3908.439730908266","443311.1730307229"
"1147",Yg,certain,Yg,Yg,DAS01,,MUP1147,"5589.3822707235","803327.7264793151"
"1148",Yg,certain,Yg,Yg,DAS01,,MUP1148,"24113.89576626984","5160688.201229154"
"1149",Yg,certain,Yg,Yg,DAS01,,MUP1149,"5185.028507027512","1051331.59367652"
"1150",Yg,certain,Yg,Yg,DAS01,,MUP1150,"24712.79942842408","10686635.89815046"
"1151",Yg,certain,Yg,Yg,DAS01,,MUP1151,"7061.463491531776","1677445.362644876"
"1152",Yg,certain,Yg,Yg,DAS01,,MUP1152,"4320.433606812713","479126.6423165313"
"1153",Yg,certain,Yg,Yg,DAS01,,MUP1153,"34535.75745260037","15463074.90720741"
"1154",Yg,certain,Yg,Yg,DAS01,,MUP1154,"27410.01669718737","5489206.660750522"
"1155",Yg,certain,Yg,Yg,DAS01,,MUP1155,"10159.90575007481","2101474.851615957"
"1156",Yg,certain,Yg,Yg,DAS01,,MUP1156,"17069.5749560155","6069925.786305736"
"1157",Yg,certain,Yg,Yg,DAS01,,MUP1157,"5521.943428272078","656841.1934550318"
"1158",Yg,certain,Yg,Yg,DAS01,,MUP1158,"20683.66223421735","3439438.924333652"
"1159",Yg,certain,Yg,Yg,DAS01,,MUP1159,"6096.704004580747","957251.7967979822"
"1160",Yg,certain,Yg,Yg,DAS01,,MUP1160,"15591.53055825786","8541138.827545175"
"1161",Ygr,certain,Ygr,Ygr,DAS01,,MUP1161,"6208.259004757093","1030668.992218982"
"1162",Ygr,certain,Ygr,Ygr,DAS01,,MUP1162,"28746.76764939439","5380753.762087016"
"1163",Ygr,certain,Ygr,Ygr,DAS01,,MUP1163,"5164.445111835284","896858.7913633848"
"1164",Ygr,certain,Ygr,Ygr,DAS01,,MUP1164,"12098.02354128652","2395939.563449749"
"1165",Ygr,certain,Ygr,Ygr,DAS01,,MUP1165,"31602.82723316636","4786603.609614292"
"1166",Ygr,certain,Ygr,Ygr,DAS01,,MUP1166,"19506.88878581621","3123274.339204135"
"1167",Ygr,certain,Ygr,Ygr,DAS01,,MUP1167,"37944.80545696462","5540310.594873502"
"1168",Ygr,certain,Ygr,Ygr,DAS01,,MUP1168,"15934.17548766923","1889159.830608396"
"1169",Ygr,certain,Ygr,Ygr,DAS01,,MUP1169,"13858.44942213402","1928655.735431165"
"1170",Ygr,certain,Ygr,Ygr,DAS01,,MUP1170,"106080.6852024714","16952421.53387343"
"1171",Ygr,certain,Ygr,Ygr,DAS01,,MUP1171,"65004.08799126693","14532096.21520933"
"1172",Ygr,certain,Ygr,Ygr,DAS01,,MUP1172,"6762.526841051169","975876.4505012826"
"1173",Ygr,certain,Ygr,Ygr,DAS01,,MUP1173,"33303.3023170284","21376930.27785028"
"1174",Ygr,certain,Ygr,Ygr,DAS01,,MUP1174,"11222.33186434844","1321868.402420016"
"1175",Ygr,certain,Ygr,Ygr,DAS01,,MUP1175,"22778.91794771692","4553036.899507815"
"1176",Ygr,certain,Ygr,Ygr,DAS01,,MUP1176,"46733.32413957401","8174716.527816366"
"1177",Ygr,certain,Ygr,Ygr,DAS01,,MUP1177,"6132.838136928778","1562255.061492588"
"1178",Ygr,certain,Ygr,Ygr,DAS01,,MUP1178,"5522.309557188016","872555.947322728"
"1179",Ygr,certain,Ygr,Ygr,DAS01,,MUP1179,"6478.97212439136","1054251.92504116"
"1180",Ygr,certain,Ygr,Ygr,DAS01,,MUP1180,"60558.98412803213","16454722.02051674"
"1181",Ygr,certain,Ygr,Ygr,DAS01,,MUP1181,"4030.754891643594","302890.9992224589"
"1182",Ygr,certain,Ygr,Ygr,DAS01,,MUP1182,"10641.9639816468","1223776.522431865"
"1183",Ygr,certain,Ygr,Ygr,DAS01,,MUP1183,"36414.99904023715","7362670.253328264"
"1184",Ygr,certain,Ygr,Ygr,DAS01,,MUP1184,"6984.604448104465","1136207.659436873"
"1185",Ygr,certain,Ygr,Ygr,DAS01,,MUP1185,"3266.890922481547","459573.9834611641"
"1186",Ygr,certain,Ygr,Ygr,DAS01,,MUP1186,"19769.65167152956","2891142.069351738"
"1187",Ygr,certain,Ygr,Ygr,DAS01,,MUP1187,"3414.539206906847","254904.8319026089"
"1188",Yh,certain,Yh,Yh,DAS01,,MUP1188,"3708.40753693956","755716.7604406248"
"1189",Yh,certain,Yh,Yh,DAS01,,MUP1189,"3037.725648050317","462633.6452636049"
"1190",Yh,certain,Yh,Yh,DAS01,,MUP1190,"1161.665559496569","82313.96993665502"
"1191",Yh,certain,Yh,Yh,DAS01,,MUP1191,"97730.83772589233","100765992.9565562"
"1192",Yh,certain,Yh,Yh,DAS01,,MUP1192,"11251.22967117015","5505558.716464045"
"1193",Yh,certain,Yh,Yh,DAS01,,MUP1193,"8144.762136314987","2412044.468178712"
"1194",Yh,certain,Yh,Yh,DAS01,,MUP1194,"44949.27764323009","27043350.95434574"
"1195",Yh,certain,Yh,Yh,DAS01,,MUP1195,"146893.2390288232","123437449.1385787"
"1196",Yh,certain,Yh,Yh,DAS01,,MUP1196,"7736.199824509376","3281221.751875805"
"1197",Yh,certain,Yh,Yh,DAS01,,MUP1197,"6462.754412340095","1067164.063836326"
"1198",Yh,certain,Yh,Yh,DAS01,changed from Ys to Yh to match printed map,MUP1198,"14549.81429734139","5627800.874602504"
"1199",Yh,certain,Yh,Yh,DAS01,,MUP1199,"12373.73775310708","6500414.470789966"
"1200",Yh,certain,Yh,Yh,DAS01,,MUP1200,"1097.873709612858","85014.30321505398"
"1201",Yh,certain,Yh,Yh,DAS01,,MUP1201,"6341.713941675494","2621537.377483542"
"1202",Yh,certain,Yh,Yh,DAS01,,MUP1202,"25044.91669710426","14107765.43606983"
"1203",Yh,certain,Yh,Yh,DAS01,,MUP1203,"51964.82011696362","62139775.76118319"
"1204",Yh,certain,Yh,Yh,DAS01,,MUP1204,"1272.392614427452","103173.2306635464"
"1205",Yh,certain,Yh,Yh,DAS01,,MUP1205,"868.0359326969894","49200.70826309943"
"1206",Yh,certain,Yh,Yh,DAS01,,MUP1206,"1247.173247704585","96273.45468324756"
"1207",Yh,certain,Yh,Yh,DAS01,,MUP1207,"2917.456886428056","551528.1932826968"
"1208",Yh,certain,Yh,Yh,DAS01,,MUP1208,"15969.97836652781","10730090.32456818"
"1209",Yh,certain,Yh,Yh,DAS01,,MUP1209,"4675.233166117869","976347.4648933334"
"1210",Yh,certain,Yh,Yh,DAS01,,MUP1210,"1824.727255474018","196842.0009414129"
"1211",Yh,certain,Yh,Yh,DAS01,,MUP1211,"131290.1386822247","55140339.30508357"
"1212",Yh,certain,Yh,Yh,DAS01,,MUP1212,"2333.870578192247","258899.70842005"
"1213",Yh,certain,Yh,Yh,DAS01,,MUP1213,"15886.49120930391","15289719.47201787"
"1214",Yh,certain,Yh,Yh,DAS01,,MUP1214,"5367.96475686358","759742.8943113931"
"1215",Yh,certain,Yh,Yh,DAS01,,MUP1215,"10152.71246489045","4811713.132068112"
"1216",Yh,certain,Yh,Yh,DAS01,,MUP1216,"5770.281555053456","1145742.753322814"
"1217",Yh,certain,Yh,Yh,DAS01,,MUP1217,"3324.957388474321","703388.5394985771"
"1218",Yh,certain,Yh,Yh,DAS01,,MUP1218,"125707.2666243102","183625208.8790166"
"1219",Yh,certain,Yh,Yh,DAS01,,MUP1219,"21169.14776335023","10746225.95159001"
"1220",Yh,certain,Yh,Yh,DAS01,,MUP1220,"6021.927076779758","1439356.206632054"
"1221",Yh,certain,Yh,Yh,DAS01,,MUP1221,"19458.36241121398","16329052.76459366"
"1222",Yh,certain,Yh,Yh,DAS01,,MUP1222,"2428.046089998039","269049.8321158266"
"1223",Yh,certain,Yh,Yh,DAS01,,MUP1223,"1885.856765169945","161332.3620162493"
"1224",Yh,certain,Yh,Yh,DAS01,,MUP1224,"8145.322045218439","1522718.259740119"
"1225",Yh,certain,Yh,Yh,DAS01,,MUP1225,"3841.464298846476","753004.1419346808"
"1226",Yh,certain,Yh,Yh,DAS01,,MUP1226,"1338.955660413358","125310.6755095038"
"1227",Yh,certain,Yh,Yh,DAS01,,MUP1227,"33503.76592700813","14794802.43877889"
"1228",Yh,certain,Yh,Yh,DAS01,,MUP1228,"912.5039297293652","52902.65905072509"
"1229",Yh,certain,Yh,Yh,DAS01,,MUP1229,"3224.577898338303","568853.941015174"
"1230",Yh,certain,Yh,Yh,DAS01,,MUP1230,"4003.965154595202","818056.4825747154"
"1231",Yh,certain,Yh,Yh,DAS01,,MUP1231,"117152.4833006006","110621691.4665199"
"1232",Yh,certain,Yh,Yh,DAS01,,MUP1232,"4687.194141541004","671400.3013781892"
"1233",Yh,certain,Yh,Yh,DAS01,,MUP1233,"68228.15500361784","75492690.68010595"
"1234",Yh,certain,Yh,Yh,DAS01,,MUP1234,"10320.72573838817","1264757.311690311"
"1235",Yh,certain,Yh,Yh,DAS01,,MUP1235,"3375.078211986765","704594.6328705689"
"1236",Yh,certain,Yh,Yh,DAS01,,MUP1236,"2414.412106098312","186387.4154432763"
"1237",Yh,certain,Yh,Yh,DAS01,,MUP1237,"7791.007353767824","2321466.840163549"
"1238",Yh,certain,Yh,Yh,DAS01,,MUP1238,"37993.01110022428","24675249.78553016"
"1239",Yh,certain,Yh,Yh,DAS01,,MUP1239,"1045.477288736119","62141.99355616605"
"1240",Yh,certain,Yh,Yh,DAS01,,MUP1240,"2707.371219382442","484672.377114311"
"1241",Yh,certain,Yh,Yh,DAS01,,MUP1241,"2190.737995318588","317254.2488235532"
"1242",Yh,certain,Yh,Yh,DAS01,,MUP1242,"42261.91446042689","10397979.9065903"
"1243",Yh,certain,Yh,Yh,DAS01,,MUP1243,"2027.12114808739","273243.3849820093"
"1244",Yh,certain,Yh,Yh,DAS01,,MUP1244,"11930.54724208478","3698250.087222069"
"1245",Yh,certain,Yh,Yh,DAS01,,MUP1245,"336434.1763571324","388462865.7161208"
"1246",Yh,certain,Yh,Yh,DAS01,,MUP1246,"22758.08570876917","23662295.88165497"
"1247",Yh,certain,Yh,Yh,DAS01,,MUP1247,"26348.22774495495","23922948.30099124"
"1248",Yh,certain,Yh,Yh,DAS01,,MUP1248,"10437.39571014127","2627351.020345896"
"1249",Yh,certain,Yh,Yh,DAS01,,MUP1249,"2804.325646309833","402128.8787516332"
"1250",Yh,certain,Yh,Yh,DAS01,,MUP1250,"2735.371897180821","202647.1652811318"
"1251",Yh,certain,Yh,Yh,DAS01,,MUP1251,"1946.890546799628","191331.5053339987"
"1252",Yh,certain,Yh,Yh,DAS01,,MUP1252,"3285.975211463996","649403.17944109"
"1253",Yh,certain,Yh,Yh,DAS01,,MUP1253,"1189.717804669505","77759.09420525032"
"1254",Yh,certain,Yh,Yh,DAS01,,MUP1254,"5161.114484034538","1899454.058259351"
"1255",Yh,certain,Yh,Yh,DAS01,,MUP1255,"1526.46434114396","118553.6657631714"
"1256",Yh,certain,Yh,Yh,DAS01,changed from Ys to Yh to match printed map,MUP1256,"2949.682264785715","402919.4717647902"
"1257",Yh,certain,Yh,Yh,DAS01,,MUP1257,"1740.371658443491","151449.8663776957"
"1258",Yh,certain,Yh,Yh,DAS01,,MUP1258,"2480.324011045846","371536.3807360183"
"1259",Yh,certain,Yh,Yh,DAS01,,MUP1259,"10092.54473814962","3296867.767191395"
"1260",Yh,certain,Yh,Yh,DAS01,,MUP1260,"179783.1416259565","168397229.4582371"
"1261",Yh,certain,Yh,Yh,DAS01,,MUP1261,"24163.63135647343","16623149.54760341"
"1262",Yh,certain,Yh,Yh,DAS01,,MUP1262,"4990.456815528572","763716.1303727876"
"1263",Yh,certain,Yh,Yh,DAS01,,MUP1263,"3453.399542265537","618665.7729549584"
"1264",Yh,certain,Yh,Yh,DAS01,,MUP1264,"5680.415643124224","788809.0372506407"
"1265",Yh,certain,Yh,Yh,DAS01,,MUP1265,"8001.50338038514","2675376.564188099"
"1266",Yh,certain,Yh,Yh,DAS01,,MUP1266,"3542.17777224423","813279.9508609966"
"1267",Ym,certain,Ym,Ym,DAS01,,MUP1267,"55629.35242565343","36832092.69331124"
"1268",Ym,certain,Ym,Ym,DAS01,,MUP1268,"83020.00360931514","62612580.04891986"
"1269",Ym,certain,Ym,Ym,DAS01,,MUP1269,"21743.27907397063","11569430.71938697"
"1270",Ym,certain,Ym,Ym,DAS01,,MUP1270,"2396.67379183014","341272.3350750637"
"1271",Ym,certain,Ym,Ym,DAS01,,MUP1271,"22762.62375804894","12711080.11500627"
"1272",Ym,certain,Ym,Ym,DAS01,,MUP1272,"6290.553158630069","1807706.95234982"
"1273",Ym,certain,Ym,Ym,DAS01,,MUP1273,"1253.419082036202","92532.06813099618"
"1274",Ym,certain,Ym,Ym,DAS01,,MUP1274,"181769.7388138089","95893699.21796283"
"1275",Ym,certain,Ym,Ym,DAS01,,MUP1275,"12813.11961139771","5146121.580598525"
"1276",Ym,certain,Ym,Ym,DAS01,,MUP1276,"5297.702372307109","1404296.799702345"
"1277",Ym,certain,Ym,Ym,DAS01,,MUP1277,"3363.450540029653","282894.9732541022"
"1278",Ym,certain,Ym,Ym,DAS01,,MUP1278,"4883.187432102947","854650.2813845254"
"1279",Ym,certain,Ym,Ym,DAS01,,MUP1279,"3567.754769483789","593399.6208628549"
"1280",Ym,certain,Ym,Ym,DAS01,,MUP1280,"1747.967303462264","185658.78782039"
"1281",Ym,certain,Ym,Ym,DAS01,,MUP1281,"26055.21852654463","7944472.49918907"
"1282",Ym,certain,Ym,Ym,DAS01,,MUP1282,"12329.10988012775","1229284.882593805"
"1283",Ym,certain,Ym,Ym,DAS01,,MUP1283,"56327.60991820283","35769424.91426808"
"1284",Ym,certain,Ym,Ym,DAS01,,MUP1284,"16888.10385995613","5559031.057820876"
"1285",Ym,certain,Ym,Ym,DAS01,,MUP1285,"1690.687449242045","145807.2977847318"
"1286",Ym,certain,Ym,Ym,DAS01,,MUP1286,"5558.372202671922","2010752.848735185"
"1287",Ym,certain,Ym,Ym,DAS01,,MUP1287,"1216.046194134664","86860.77873833642"
"1288",Ym,certain,Ym,Ym,DAS01,,MUP1288,"12369.76870005995","5751493.325819652"
"1289",Ym,certain,Ym,Ym,DAS01,,MUP1289,"3208.31323166554","396278.7925743866"
"1290",Ym,certain,Ym,Ym,DAS01,,MUP1290,"17826.54623374595","11745737.00239084"
"1291",Ym,certain,Ym,Ym,DAS01,,MUP1291,"27500.93299057149","10812314.7031172"
"1292",Ym,certain,Ym,Ym,DAS01,,MUP1292,"3111.747836221335","411639.5692421197"
"1293",Ym,certain,Ym,Ym,DAS01,,MUP1293,"44945.09165103963","44880534.13942129"
"1294",Ym,certain,Ym,Ym,DAS01,,MUP1294,"49983.68134561559","46983835.19353731"
"1295",Ym,certain,Ym,Ym,DAS01,,MUP1295,"28330.32379184591","4430247.722553789"
"1296",Ym,certain,Ym,Ym,DAS01,,MUP1296,"9020.06924796529","3268039.193217759"
"1297",Ym,certain,Ym,Ym,DAS01,,MUP1297,"6026.80847771426","1453213.784139041"
"1298",Ym,certain,Ym,Ym,DAS01,,MUP1298,"772.4190101696537","32234.24893601597"
"1299",Ym,certain,Ym,Ym,DAS01,,MUP1299,"1298.332123976181","100982.0275899353"
"1300",Ym,certain,Ym,Ym,DAS01,,MUP1300,"32065.4723230222","22693166.49212145"
"1301",Ym,certain,Ym,Ym,DAS01,,MUP1301,"14107.63211096905","8712781.605534658"
"1302",Ym,certain,Ym,Ym,DAS01,,MUP1302,"9343.516944960415","4943090.500810898"
"1303",Ym,certain,Ym,Ym,DAS01,,MUP1303,"6352.938062504081","1092021.413706962"
"1304",Ym,certain,Ym,Ym,DAS01,,MUP1304,"10215.67642695429","4030607.649288637"
"1305",Ym,certain,Ym,Ym,DAS01,,MUP1305,"102632.6521228455","87845983.02841103"
"1306",Ym,certain,Ym,Ym,DAS01,,MUP1306,"4662.378002746514","1093986.124564026"
"1307",Ym,certain,Ym,Ym,DAS01,,MUP1307,"34000.90614037305","11350447.56009594"
"1308",Ym,certain,Ym,Ym,DAS01,,MUP1308,"7871.196113831384","3424631.998705155"
"1309",Ym,certain,Ym,Ym,DAS01,,MUP1309,"14010.83489693187","7335832.279050632"
"1310",Ym,certain,Ym,Ym,DAS01,,MUP1310,"3866.325086146495","633859.7602714527"
"1311",Ym,certain,Ym,Ym,DAS01,,MUP1311,"4185.510635624445","922731.8962869033"
"1312",Ym,certain,Ym,Ym,DAS01,,MUP1312,"8393.909821052122","2696115.317440264"
"1313",Ym,certain,Ym,Ym,DAS01,,MUP1313,"195364.3531737028","106938265.0546997"
"1314",Ym,certain,Ym,Ym,DAS01,,MUP1314,"6829.931768348229","2435052.195482237"
"1315",Ym,certain,Ym,Ym,DAS01,,MUP1315,"15278.80274259791","12289385.75829099"
"1316",Ym,certain,Ym,Ym,DAS01,,MUP1316,"19476.94323035887","14280643.09581142"
"1317",Ym,certain,Ym,Ym,DAS01,,MUP1317,"23178.25095867328","9632304.961043812"
"1318",Ym,certain,Ym,Ym,DAS01,,MUP1318,"57157.04399835241","55127845.86454375"
"1319",Ym,certain,Ym,Ym,DAS01,,MUP1319,"35423.07714533674","12903142.78942227"
"1320",Ymi,certain,Ymi,Ymi,DAS01,,MUP1320,"41091.65669384996","17652320.41629188"
"1321",Yms,certain,Yms,Yms,DAS01,,MUP1321,"1208.572124442367","100183.2216711279"
"1322",Yms,certain,Yms,Yms,DAS01,,MUP1322,"2741.126789270359","212068.7025304379"
"1323",Yms,certain,Yms,Yms,DAS01,,MUP1323,"30685.16580726323","13849365.49839918"
"1324",Yms,certain,Yms,Yms,DAS01,,MUP1324,"2189.412262012288","219324.8947297911"
"1325",Yms,certain,Yms,Yms,DAS01,,MUP1325,"2295.615202257578","238797.816441134"
"1326",Yms,certain,Yms,Yms,DAS01,,MUP1326,"4773.154725344662","993331.319926573"
"1327",Yms,certain,Yms,Yms,DAS01,,MUP1327,"31374.71175967607","14700006.21360028"
"1328",Yms,certain,Yms,Yms,DAS01,,MUP1328,"3673.626778804945","678114.7517649739"
"1329",Yms,certain,Yms,Yms,DAS01,,MUP1329,"13605.52625675163","5483343.441666897"
"1330",Yms,certain,Yms,Yms,DAS01,,MUP1330,"6617.870145604813","1726554.12444326"
"1331",Yms,certain,Yms,Yms,DAS01,,MUP1331,"1154.613424812261","90183.8110923097"
"1332",Yms,certain,Yms,Yms,DAS01,,MUP1332,"21183.91281832527","9996616.874386938"
"1333",Yms,certain,Yms,Yms,DAS01,,MUP1333,"31960.9150892788","10656815.26280445"
"1334",Yms,certain,Yms,Yms,DAS01,,MUP1334,"838.669597672323","26493.64505997086"
"1335",Yms,certain,Yms,Yms,DAS01,,MUP1335,"1280.839720440671","96676.18708696349"
"1336",Yms,certain,Yms,Yms,DAS01,,MUP1336,"2157.958782594902","271190.5965439966"
"1337",Yms,certain,Yms,Yms,DAS01,,MUP1337,"8868.096422924662","2575171.070411416"
"1338",Yms,certain,Yms,Yms,DAS01,,MUP1338,"193611.9954189234","108914347.8924481"
"1339",Yms,certain,Yms,Yms,DAS01,,MUP1339,"2199.675018530892","284440.6338952113"
"1340",Yms,certain,Yms,Yms,DAS01,,MUP1340,"2086.89677423175","214041.036944945"
"1341",Yms,certain,Yms,Yms,DAS01,,MUP1341,"1646.645714196538","100273.3060505602"
"1342",Yms,certain,Yms,Yms,DAS01,,MUP1342,"8916.244417929785","2786359.539465466"
"1343",Yms,certain,Yms,Yms,DAS01,,MUP1343,"14676.4833013775","6849941.464895444"
"1344",Yms,certain,Yms,Yms,DAS01,,MUP1344,"7816.65087442101","1634347.910866117"
"1345",Yms,certain,Yms,Yms,DAS01,,MUP1345,"21560.96035498078","11122605.16262754"
"1346",Yms,certain,Yms,Yms,DAS01,,MUP1346,"4948.043442947317","1682286.50379776"
"1347",Yms,certain,Yms,Yms,DAS01,,MUP1347,"10154.97726301976","3528327.173334737"
"1348",Yms,certain,Yms,Yms,DAS01,,MUP1348,"52686.37961191156","19562439.96678241"
"1349",Yms,certain,Yms,Yms,DAS01,,MUP1349,"1635.047858664527","119115.149924771"
"1350",Yms,certain,Yms,Yms,DAS01,,MUP1350,"6246.918364836682","2022371.793234656"
"1351",Yms,certain,Yms,Yms,DAS01,,MUP1351,"3247.923754123606","356789.7682636569"
"1352",Yms,certain,Yms,Yms,DAS01,,MUP1352,"7838.227514302885","2358646.655055848"
"1353",Yms,certain,Yms,Yms,DAS01,,MUP1353,"856.2903590729323","52620.07183170556"
"1354",Yms,certain,Yms,Yms,DAS01,,MUP1354,"5714.109282528785","1913723.857513488"
"1355",Yms,certain,Yms,Yms,DAS01,,MUP1355,"50012.79358592565","19591049.78477453"
"1356",Yms,certain,Yms,Yms,DAS01,,MUP1356,"5680.984349743889","2018599.725307308"
"1357",Yms,certain,Yms,Yms,DAS01,,MUP1357,"44771.60099491952","27739651.94453576"
"1358",Yms,certain,Yms,Yms,DAS01,,MUP1358,"4400.379768929155","977121.101002206"
"1359",Yms,certain,Yms,Yms,DAS01,,MUP1359,"42581.94527260405","15725291.17598227"
"1360",Yms,certain,Yms,Yms,DAS01,,MUP1360,"81307.49344902932","45046695.2404696"
"1361",Yms,certain,Yms,Yms,DAS01,,MUP1361,"18783.79627462667","4663370.360537902"
"1362",Yms,certain,Yms,Yms,DAS01,,MUP1362,"29127.62536995182","27122921.11272794"
"1363",Yms,certain,Yms,Yms,DAS01,,MUP1363,"1503.167579586673","105915.0457737477"
"1364",Yms,certain,Yms,Yms,DAS01,,MUP1364,"20041.41830649164","8459919.78401057"
"1365",Yms,certain,Yms,Yms,DAS01,,MUP1365,"47482.48991532614","14438146.19279051"
"1366",Yms,certain,Yms,Yms,DAS01,,MUP1366,"5305.670032667506","963659.0933026744"
"1367",Yms,certain,Yms,Yms,DAS01,,MUP1367,"8994.500141082666","1962285.48781569"
"1368",Yms,certain,Yms,Yms,DAS01,,MUP1368,"26217.69448719788","19719161.87538783"
"1369",Yms,certain,Yms,Yms,DAS01,,MUP1369,"26952.91777806399","7688784.179271183"
"1370",Yms,certain,Yms,Yms,DAS01,,MUP1370,"68322.12271964093","36545685.20893055"
"1371",Yms,certain,Yms,Yms,DAS01,,MUP1371,"7542.363390768466","2146358.91138131"
"1372",Yms,certain,Yms,Yms,DAS01,,MUP1372,"9837.013128428272","2463203.606677208"
"1373",Yms,certain,Yms,Yms,DAS01,,MUP1373,"30354.37805637375","17986352.868124"
"1374",Yms,certain,Yms,Yms,DAS01,,MUP1374,"2889.542578679982","364891.3850256933"
"1375",Yms,certain,Yms,Yms,DAS01,,MUP1375,"6956.738157359695","2075655.858616431"
"1376",Yms,certain,Yms,Yms,DAS01,,MUP1376,"2738.851431000432","372545.6967735111"
"1377",Yms,certain,Yms,Yms,DAS01,,MUP1377,"2469.237171612053","371580.6169825622"
"1378",Yms,certain,Yms,Yms,DAS01,,MUP1378,"11387.99453285558","1914023.397160913"
"1379",Yms,certain,Yms,Yms,DAS01,,MUP1379,"11828.56098923145","4632728.3957536"
"1380",Yms,certain,Yms,Yms,DAS01,,MUP1380,"7918.063918342746","3313341.634686249"
"1381",Yms,certain,Yms,Yms,DAS01,,MUP1381,"42404.63646578633","23700969.59189707"
"1382",Yms,certain,Yms,Yms,DAS01,,MUP1382,"871.2446930229466","53822.0126240831"
"1383",Yms,certain,Yms,Yms,DAS01,,MUP1383,"12262.390208671","4225018.154090277"
"1384",Yms,certain,Yms,Yms,DAS01,,MUP1384,"11152.71378638646","4320245.530860961"
"1385",Yms,certain,Yms,Yms,DAS01,,MUP1385,"63034.76969469267","38739323.70688331"
"1386",Yms,certain,Yms,Yms,DAS01,,MUP1386,"14819.69622969942","8317719.398551163"
"1387",Yms,certain,Yms,Yms,DAS01,,MUP1387,"21005.55417147121","7404963.127541598"
"1388",Yms,certain,Yms,Yms,DAS01,,MUP1388,"1151.893694537078","79543.67430991409"
"1389",Yms,certain,Yms,Yms,DAS01,,MUP1389,"4146.308908899706","817750.5703188921"
"1390",Yms,certain,Yms,Yms,DAS01,,MUP1390,"7292.203729158505","1918899.89773683"
"1391",Yms,certain,Yms,Yms,DAS01,,MUP1391,"9138.390165294733","2700617.085470736"
"1392",Yms,certain,Yms,Yms,DAS01,,MUP1392,"37145.72294254246","17378606.70576251"
"1393",Yms,certain,Yms,Yms,DAS01,,MUP1393,"3029.512962302957","505813.3075708369"
"1394",Yms,certain,Yms,Yms,DAS01,,MUP1394,"7242.886374115402","3060309.81270346"
"1395",Yms,certain,Yms,Yms,DAS01,,MUP1395,"10874.86872124975","3931824.46489875"
"1396",Yms,certain,Yms,Yms,DAS01,,MUP1396,"19908.54173995572","3741779.670020569"
"1397",Yms,certain,Yms,Yms,DAS01,,MUP1397,"1591.762084510823","189165.6278420296"
"1398",Yms,certain,Yms,Yms,DAS01,,MUP1398,"906.8177015736303","55454.06312874171"
"1399",Yms,certain,Yms,Yms,DAS01,,MUP1399,"5311.633844885893","1532335.646035853"
"1400",Yms,certain,Yms,Yms,DAS01,,MUP1400,"8681.397029790649","2894456.93912508"
"1401",Yms,certain,Yms,Yms,DAS01,,MUP1401,"2333.406103698732","351801.3059695234"
"1402",Yms,certain,Yms,Yms,DAS01,,MUP1402,"2190.409240165694","307534.8708507583"
"1403",Yms,certain,Yms,Yms,DAS01,,MUP1403,"2519.202051228024","303164.067032912"
"1404",Yms,certain,Yms,Yms,DAS01,,MUP1404,"2280.954565284349","217383.0132807982"
"1405",Yms,certain,Yms,Yms,DAS01,,MUP1405,"19150.83446328221","5001846.07500072"
"1406",Yms,certain,Yms,Yms,DAS01,,MUP1406,"3520.332900168127","343153.6388580832"
"1407",Yms,certain,Yms,Yms,DAS01,,MUP1407,"8664.520145496292","1869577.413397093"
"1408",Yms,certain,Yms,Yms,DAS01,,MUP1408,"18378.34216970986","12435226.2876374"
"1409",Yms,certain,Yms,Yms,DAS01,,MUP1409,"7139.380536140172","1645918.847963239"
"1410",Yms,certain,Yms,Yms,DAS01,,MUP1410,"1812.443759424268","195916.8229395099"
"1411",Yms,certain,Yms,Yms,DAS01,,MUP1411,"6081.716316654588","1880888.338602698"
"1412",Yms,certain,Yms,Yms,DAS01,,MUP1412,"4926.931464481683","1164304.972235576"
"1413",Yms,certain,Yms,Yms,DAS01,,MUP1413,"4860.847412322753","985606.9543191978"
"1414",Yms,certain,Yms,Yms,DAS01,,MUP1414,"14385.21860545483","5704191.996272765"
"1415",Yms,certain,Yms,Yms,DAS01,,MUP1415,"13962.89857939765","3320957.290212477"
"1416",Yms,certain,Yms,Yms,DAS01,,MUP1416,"6999.145766849211","1076612.520613769"
"1417",Yms,certain,Yms,Yms,DAS01,,MUP1417,"3568.844764662479","575745.8204137139"
"1418",Yms,certain,Yms,Yms,DAS01,,MUP1418,"3892.379376470466","907133.2264432316"
"1419",Yms,certain,Yms,Yms,DAS01,,MUP1419,"8309.581625264864","2849394.381791294"
"1420",Yms,certain,Yms,Yms,DAS01,,MUP1420,"4003.755154911299","775972.9895024238"
"1421",Yms,certain,Yms,Yms,DAS01,,MUP1421,"42242.14558139619","29028726.65981275"
"1422",Yms,certain,Yms,Yms,DAS01,,MUP1422,"4801.747069502076","1270924.080457757"
"1423",Yms,certain,Yms,Yms,DAS01,,MUP1423,"8428.345405160055","3432059.312872387"
"1424",Yms,certain,Yms,Yms,DAS01,,MUP1424,"1982.335694136717","253618.2627181845"
"1425",Yms,certain,Yms,Yms,DAS01,,MUP1425,"1030.004371790922","39641.17121424644"
"1426",Yms,certain,Yms,Yms,DAS01,,MUP1426,"20713.76907410692","13916711.09697496"
"1427",Yms,certain,Yms,Yms,DAS01,,MUP1427,"3033.363349211731","406585.6486001819"
"1428",Yms,certain,Yms,Yms,DAS01,,MUP1428,"3788.675527561324","515596.0064036245"
"1429",Yms,certain,Yms,Yms,DAS01,,MUP1429,"9198.771943635847","3036755.159893788"
"1430",Yms,certain,Yms,Yms,DAS01,,MUP1430,"2672.056234629507","343935.1567727978"
"1431",Yms,certain,Yms,Yms,DAS01,,MUP1431,"3579.143318109931","653464.5486076173"
"1432",Yms,certain,Yms,Yms,DAS01,,MUP1432,"5372.813032837813","1001939.313145788"
"1433",Yms,certain,Yms,Yms,DAS01,,MUP1433,"100387.888660034","70338843.91537736"
"1434",Yms,certain,Yms,Yms,DAS01,,MUP1434,"7875.519849225725","3593093.110359332"
"1435",Yms,certain,Yms,Yms,DAS01,,MUP1435,"4520.802724834783","565689.8967363604"
"1436",Yms,certain,Yms,Yms,DAS01,,MUP1436,"28422.23018686545","20818887.53962207"
"1437",Yms,certain,Yms,Yms,DAS01,,MUP1437,"2503.712192342755","232160.8676345964"
"1438",Yms,certain,Yms,Yms,DAS01,,MUP1438,"3727.054080075724","530469.2406998151"
"1439",Yms,certain,Yms,Yms,DAS01,,MUP1439,"5626.420776957039","1202647.245078549"
"1440",Yms,certain,Yms,Yms,DAS01,,MUP1440,"1092.937022613702","58795.34952506158"
"1441",Yms,certain,Yms,Yms,DAS01,,MUP1441,"34198.63338366341","38615289.90327905"
"1442",Yms,certain,Yms,Yms,DAS01,,MUP1442,"5314.660696065476","1320908.995578228"
"1443",Yms,certain,Yms,Yms,DAS01,,MUP1443,"6903.599753756147","2097086.367725749"
"1444",Yms,certain,Yms,Yms,DAS01,,MUP1444,"50319.59482493156","35499085.35474201"
"1445",Yms,certain,Yms,Yms,DAS01,,MUP1445,"10310.52107974492","4283769.763047691"
"1446",Yms,certain,Yms,Yms,DAS01,,MUP1446,"37042.31383305241","22796616.93168672"
"1447",Yms,certain,Yms,Yms,DAS01,,MUP1447,"19493.46170911809","7914124.652022021"
"1448",Yms,certain,Yms,Yms,DAS01,,MUP1448,"2454.756714075788","288336.9960179228"
"1449",Yms,certain,Yms,Yms,DAS01,,MUP1449,"3073.118514496256","306885.4110818391"
"1450",Yms,certain,Yms,Yms,DAS01,,MUP1450,"8359.979931189615","2557463.005806424"
"1451",Yms,certain,Yms,Yms,DAS01,,MUP1451,"1589.648576722936","95386.67272959025"
"1452",Yms,certain,Yms,Yms,DAS01,,MUP1452,"18705.38590453117","7501598.074963978"
"1453",Yms,certain,Yms,Yms,DAS01,,MUP1453,"32719.15445749768","36727714.43558216"
"1454",Yms,certain,Yms,Yms,DAS01,,MUP1454,"1259.510070446564","91744.59467816705"
"1455",Yms,certain,Yms,Yms,DAS01,,MUP1455,"10278.68439961245","2623669.394157314"
"1456",Yms,certain,Yms,Yms,DAS01,,MUP1456,"6417.396258594054","1437160.20331528"
"1457",Yms,certain,Yms,Yms,DAS01,,MUP1457,"2889.523264373328","386367.5840149588"
"1458",Yms,certain,Yms,Yms,DAS01,,MUP1458,"33428.56771465934","14326759.03911632"
"1459",Yms,certain,Yms,Yms,DAS01,,MUP1459,"4765.595352808356","1166295.805665957"
"1460",Yms,certain,Yms,Yms,DAS01,,MUP1460,"3284.003185305575","678869.5618795486"
"1461",Ys,certain,Ys,Ys,DAS01,,MUP1461,"1278.998593926771","99215.07214828601"
"1462",Ys,certain,Ys,Ys,DAS01,,MUP1462,"8682.677774171125","3068272.915085153"
"1463",Ys,certain,Ys,Ys,DAS01,,MUP1463,"3245.986941773212","426000.3389104846"
"1464",Ys,certain,Ys,Ys,DAS01,,MUP1464,"20974.34847845638","8263822.99928876"
"1465",Ys,certain,Ys,Ys,DAS01,,MUP1465,"1417.38744049704","76126.61290726096"
"1466",Ys,certain,Ys,Ys,DAS01,,MUP1466,"1059.198934373829","53212.71048312124"
"1467",Ys,certain,Ys,Ys,DAS01,,MUP1467,"23856.52750973511","10758978.62016317"
"1468",Ys,certain,Ys,Ys,DAS01,,MUP1468,"11093.86918679424","3981415.469174222"
"1469",Ys,certain,Ys,Ys,DAS01,,MUP1469,"17973.83092591727","8274536.515806177"
"1470",Ys,certain,Ys,Ys,DAS01,changed from Ybe to Ys to match printed map,MUP1470,"1024.021935519855","68838.27116629647"
"1471",Ys,certain,Ys,Ys,DAS01,,MUP1471,"239280.8026761898","93749440.57342853"
"1472",Ys,certain,Ys,Ys,DAS01,changed from Zd to Ys to match printed map,MUP1472,"4512.642158033682","560146.5404868685"
"1473",Ys,certain,Ys,Ys,DAS01,,MUP1473,"157439.6685711921","151704781.1882265"
"1474",Ys,certain,Ys,Ys,DAS01,,MUP1474,"17204.22475439162","3326189.667565602"
"1475",Ys,certain,Ys,Ys,DAS01,,MUP1475,"28013.14819792026","10244297.58110384"
"1476",Ys,certain,Ys,Ys,DAS01,,MUP1476,"5486.411897831692","1456161.563907751"
"1477",Ys,certain,Ys,Ys,DAS01,,MUP1477,"8890.158473830477","1904785.500163406"
"1478",Ys,certain,Ys,Ys,DAS01,,MUP1478,"40399.78445524899","9578315.081683634"
"1479",Ys,certain,Ys,Ys,DAS01,,MUP1479,"1326.692375152453","83608.79187330771"
"1480",Ys,certain,Ys,Ys,DAS01,,MUP1480,"65824.72811738582","32611338.37034032"
"1481",Ys,certain,Ys,Ys,DAS01,,MUP1481,"4898.516119396638","509613.6796798547"
"1482",Ys,certain,Ys,Ys,DAS01,,MUP1482,"17748.21862075635","5045692.750332155"
"1483",Ys,certain,Ys,Ys,DAS01,,MUP1483,"3184.11028513326","473287.4202620182"
"1484",Ys,certain,Ys,Ys,DAS01,,MUP1484,"6720.455900495491","1811860.942260611"
"1485",Ys,certain,Ys,Ys,DAS01,,MUP1485,"11409.79059441922","1853099.482152347"
"1486",Ys,certain,Ys,Ys,DAS01,,MUP1486,"1027.759240412056","63879.19588177032"
"1487",Ys,certain,Ys,Ys,DAS01,,MUP1487,"1617.325799935588","174778.6311334092"
"1488",Ys,certain,Ys,Ys,DAS01,,MUP1488,"1291.351595220815","104118.839933444"
"1489",Ys,certain,Ys,Ys,DAS01,,MUP1489,"9556.569719329453","1386639.136116905"
"1490",Ys,certain,Ys,Ys,DAS01,,MUP1490,"21992.5899522673","6840468.72564865"
"1491",Ys,certain,Ys,Ys,DAS01,,MUP1491,"5732.94149342357","1364554.764728503"
"1492",Ys,certain,Ys,Ys,DAS01,,MUP1492,"14977.98708114238","3673528.830766849"
"1493",Ys,certain,Ys,Ys,DAS01,,MUP1493,"80912.42473748686","52068197.62393071"
"1494",Ys,certain,Ys,Ys,DAS01,,MUP1494,"52620.47260964056","22445708.50533433"
"1495",Ys,certain,Ys,Ys,DAS01,,MUP1495,"40800.43804001543","16040581.72756121"
"1496",Ys,certain,Ys,Ys,DAS01,,MUP1496,"54281.67566622414","14434103.33802747"
"1497",Ys,certain,Ys,Ys,DAS01,,MUP1497,"2878.015275086111","430364.6760130489"
"1498",Ys,certain,Ys,Ys,DAS01,,MUP1498,"926.2361093440863","41470.04484779153"
"1499",Ys,certain,Ys,Ys,DAS01,,MUP1499,"52577.64940784092","34955519.61056288"
"1500",Ys,certain,Ys,Ys,DAS01,,MUP1500,"7737.954580118563","1488490.288689049"
"1501",Ys,certain,Ys,Ys,DAS01,,MUP1501,"13759.50161429298","4008228.819611254"
"1502",Ys,certain,Ys,Ys,DAS01,,MUP1502,"1147.456699092106","69330.83749499894"
"1503",Ys,certain,Ys,Ys,DAS01,,MUP1503,"1027.166482439311","71610.03306780446"
"1504",Ys,certain,Ys,Ys,DAS01,,MUP1504,"6247.574677189914","2357412.424933424"
"1505",Ys,certain,Ys,Ys,DAS01,,MUP1505,"6619.163095976634","2113888.835940892"
"1506",Ysh,certain,Ysh,Ysh,DAS01,,MUP1506,"2618.089661928582","397255.7639035779"
"1507",Ysh,certain,Ysh,Ysh,DAS01,,MUP1507,"25638.97785067319","12922727.67155247"
"1508",Ysh,certain,Ysh,Ysh,DAS01,,MUP1508,"5270.297068754853","1156891.310390112"
"1509",Ysh,certain,Ysh,Ysh,DAS01,,MUP1509,"6740.563432135608","1396309.016540597"
"1510",Ysh,certain,Ysh,Ysh,DAS01,,MUP1510,"4635.985294843726","1327751.326682042"
"1511",Ysh,certain,Ysh,Ysh,DAS01,,MUP1511,"1525.261669017921","130179.6474560423"
"1512",Ysh,certain,Ysh,Ysh,DAS01,,MUP1512,"9793.844736226065","1380946.749887271"
"1513",Ysh,certain,Ysh,Ysh,DAS01,,MUP1513,"88521.12369055126","50685734.49611838"
"1514",Ysh,certain,Ysh,Ysh,DAS01,changed from Yms to Ysh to match printed map,MUP1514,"1151.265766203559","76176.0780986918"
"1515",Ysh,certain,Ysh,Ysh,DAS01,,MUP1515,"6408.479264618671","1044433.937731054"
"1516",Ysh,certain,Ysh,Ysh,DAS01,,MUP1516,"3842.428634474209","639308.3445092733"
"1517",Ysh,certain,Ysh,Ysh,DAS01,,MUP1517,"1486.475851360703","138591.7372762626"
"1518",Ysh,certain,Ysh,Ysh,DAS01,,MUP1518,"18540.05568551726","9279892.458810648"
"1519",Ysh,certain,Ysh,Ysh,DAS01,,MUP1519,"2529.662579653084","382368.9734143582"
"1520",Ysh,certain,Ysh,Ysh,DAS01,,MUP1520,"11150.15168098089","3007598.11447754"
"1521",Ysh,certain,Ysh,Ysh,DAS01,,MUP1521,"3891.808050351925","727504.0481298434"
"1522",Ysh,certain,Ysh,Ysh,DAS01,,MUP1522,"6011.711314438397","1292972.891166223"
"1523",Ysh,certain,Ysh,Ysh,DAS01,,MUP1523,"2795.128167028732","419474.0969089475"
"1524",Ysh,certain,Ysh,Ysh,DAS01,,MUP1524,"2897.815014121318","471367.3846804361"
"1525",Ysh,certain,Ysh,Ysh,DAS01,,MUP1525,"1022.489757062587","75550.93049418961"
"1526",Ysh,certain,Ysh,Ysh,DAS01,,MUP1526,"17042.76313606969","5870073.952481033"
"1527",Ysh,certain,Ysh,Ysh,DAS01,,MUP1527,"32626.47290065432","7103683.591463313"
"1528",Ysh,certain,Ysh,Ysh,DAS01,,MUP1528,"3516.229898078261","733906.1810635129"
"1529",Ysh,certain,Ysh,Ysh,DAS01,,MUP1529,"10817.9348165253","6212451.414791211"
"1530",Ysh,certain,Ysh,Ysh,DAS01,,MUP1530,"7176.560161568803","3086276.419496223"
"1531",Ysh,certain,Ysh,Ysh,DAS01,,MUP1531,"966.1597590686555","55644.73218224802"
"1532",Ysh,certain,Ysh,Ysh,DAS01,,MUP1532,"3010.543732613598","439392.3492334089"
"1533",Ysh,certain,Ysh,Ysh,DAS01,,MUP1533,"13333.48845343767","5697808.859557942"
"1534",Ysh,certain,Ysh,Ysh,DAS01,,MUP1534,"14756.10862197883","9372351.579592094"
"1535",Ysh,certain,Ysh,Ysh,DAS01,,MUP1535,"2727.745018003902","272184.9058991304"
"1536",Ysh,certain,Ysh,Ysh,DAS01,,MUP1536,"5494.526171963811","1146947.640208644"
"1537",Ysh,certain,Ysh,Ysh,DAS01,,MUP1537,"6188.179388791596","907465.9979250666"
"1538",Ysh,certain,Ysh,Ysh,DAS01,,MUP1538,"16771.87006326458","5100397.849780254"
"1539",Ysh,certain,Ysh,Ysh,DAS01,,MUP1539,"2589.07320482442","346511.5779778038"
"1540",Ysh,certain,Ysh,Ysh,DAS01,,MUP1540,"57939.09548665597","15186255.26692816"
"1541",Ysh,certain,Ysh,Ysh,DAS01,,MUP1541,"85586.37627496738","31491114.263419"
"1542",Ysh,certain,Ysh,Ysh,DAS01,,MUP1542,"2398.499290187644","315282.2740326799"
"1543",Ysh,certain,Ysh,Ysh,DAS01,changed from Yms to Ysh to match printed map,MUP1543,"816.4539888618723","45148.48516863368"
"1544",Ysh,certain,Ysh,Ysh,DAS01,,MUP1544,"12297.84414494116","5187162.478809957"
"1545",Ysh,certain,Ysh,Ysh,DAS01,,MUP1545,"7224.583302294182","951624.7966316884"
"1546",Ysh,certain,Ysh,Ysh,DAS01,,MUP1546,"2543.221951926833","399875.0029492446"
"1547",Ysh,certain,Ysh,Ysh,DAS01,,MUP1547,"12169.13910800408","3478217.762729838"
"1548",Ysh,certain,Ysh,Ysh,DAS01,,MUP1548,"30729.53845425742","14511311.47332985"
"1549",Ysh,certain,Ysh,Ysh,DAS01,,MUP1549,"1731.425931552581","143219.9714151258"
"1550",Ysh,certain,Ysh,Ysh,DAS01,,MUP1550,"4500.315572043823","1156932.80452312"
"1551",Ysh,certain,Ysh,Ysh,DAS01,,MUP1551,"1814.898517412781","203133.3032489299"
"1552",Ysh,certain,Ysh,Ysh,DAS01,,MUP1552,"58218.15355636697","25566431.66335834"
"1553",Ysh,certain,Ysh,Ysh,DAS01,,MUP1553,"3491.962647954695","616064.038445501"
"1554",Ysh,certain,Ysh,Ysh,DAS01,,MUP1554,"5114.301644118478","631563.6117848326"
"1555",Ysh,certain,Ysh,Ysh,DAS01,,MUP1555,"4407.354019177258","804822.0796377927"
"1556",Ysh,certain,Ysh,Ysh,DAS01,,MUP1556,"31340.33280126319","15466977.03697609"
"1557",Ysh,certain,Ysh,Ysh,DAS01,,MUP1557,"11091.50649121824","2361447.7348462"
"1558",Ysh,certain,Ysh,Ysh,DAS01,,MUP1558,"21990.24766155583","6315804.32603306"
"1559",Ysh,certain,Ysh,Ysh,DAS01,,MUP1559,"13149.51314435583","1305274.564506584"
"1560",Ysh,certain,Ysh,Ysh,DAS01,,MUP1560,"50665.93722294959","28279038.67442336"
"1561",Ysh,certain,Ysh,Ysh,DAS01,,MUP1561,"5713.972776472083","779987.8556479653"
"1562",Ysh,certain,Ysh,Ysh,DAS01,,MUP1562,"9438.084976897015","1694331.841001538"
"1563",Ysh,certain,Ysh,Ysh,DAS01,,MUP1563,"17642.77226721327","7167952.735026764"
"1564",Ysh,certain,Ysh,Ysh,DAS01,,MUP1564,"1586.834526747511","164322.8395865961"
"1565",Ysh,certain,Ysh,Ysh,DAS01,,MUP1565,"2815.872591782103","410899.6849238864"
"1566",Ysh,certain,Ysh,Ysh,DAS01,,MUP1566,"39019.05862616254","13302755.16233095"
"1567",Ysh,certain,Ysh,Ysh,DAS01,,MUP1567,"4231.86813433213","757170.9448882621"
"1568",Ysh,certain,Ysh,Ysh,DAS01,,MUP1568,"12293.82083321727","2730942.454466041"
"1569",Ysh,certain,Ysh,Ysh,DAS01,,MUP1569,"39951.57716500117","28729290.18112664"
"1570",Ysh,certain,Ysh,Ysh,DAS01,,MUP1570,"6567.164083645791","1457453.893670228"
"1571",Ysh,certain,Ysh,Ysh,DAS01,,MUP1571,"39345.64343946674","15673702.1885771"
"1572",Ysh,certain,Ysh,Ysh,DAS01,,MUP1572,"4184.616900923559","579989.7416577375"
"1573",Ysh,certain,Ysh,Ysh,DAS01,,MUP1573,"16526.85109111441","3090048.467512672"
"1574",Ysh,certain,Ysh,Ysh,DAS01,,MUP1574,"13478.31814340648","7344281.164633024"
"1575",Ysh,certain,Ysh,Ysh,DAS01,,MUP1575,"3382.697437164094","350596.9682686421"
"1576",Ysh,certain,Ysh,Ysh,DAS01,,MUP1576,"3818.553638811811","534737.7383772393"
"1577",Ysh,certain,Ysh,Ysh,DAS01,,MUP1577,"10262.73568923507","3973875.73505635"
"1578",Ysh,certain,Ysh,Ysh,DAS01,,MUP1578,"22408.62943197841","4728751.139037789"
"1579",Ysh,certain,Ysh,Ysh,DAS01,,MUP1579,"34317.61505670426","15293412.6250341"
"1580",Ysh,certain,Ysh,Ysh,DAS01,,MUP1580,"12084.92652692587","4604569.737775111"
"1581",Ysh,certain,Ysh,Ysh,DAS01,,MUP1581,"26894.818082347","5267483.741817011"
"1582",Ysh,certain,Ysh,Ysh,DAS01,,MUP1582,"11011.18104914739","2580751.819078611"
"1583",Ysh,certain,Ysh,Ysh,DAS01,,MUP1583,"1862.621834196956","210624.7007852788"
"1584",Ysh,certain,Ysh,Ysh,DAS01,,MUP1584,"4611.512316156992","985739.8992018625"
"1585",Ysh,certain,Ysh,Ysh,DAS01,,MUP1585,"49466.38345132262","16173587.06549948"
"1586",Ysh,certain,Ysh,Ysh,DAS01,,MUP1586,"53455.73612311334","26395906.65078185"
"1587",Ysh,certain,Ysh,Ysh,DAS01,,MUP1587,"20102.58068685234","4622387.436412799"
"1588",Ysh,certain,Ysh,Ysh,DAS01,,MUP1588,"19572.93386303761","6948577.316329043"
"1589",Ysh,certain,Ysh,Ysh,DAS01,,MUP1589,"4078.102629688031","780733.2588901864"
"1590",Ysh,certain,Ysh,Ysh,DAS01,,MUP1590,"13812.84797410286","4117903.359282356"
"1591",Ysh,certain,Ysh,Ysh,DAS01,,MUP1591,"2206.088364593188","236148.5524738713"
"1592",Ysh,certain,Ysh,Ysh,DAS01,,MUP1592,"4191.340993988986","590157.8000175694"
"1593",Ysh,certain,Ysh,Ysh,DAS01,,MUP1593,"3891.062624887343","461268.4323409346"
"1594",Ysh,certain,Ysh,Ysh,DAS01,,MUP1594,"9491.592679122905","2750516.091047513"
"1595",Ysh,certain,Ysh,Ysh,DAS01,,MUP1595,"41777.46266590583","16676931.07851335"
"1596",Ysh,certain,Ysh,Ysh,DAS01,,MUP1596,"2389.178495908322","301071.137686195"
"1597",Ysh,certain,Ysh,Ysh,DAS01,,MUP1597,"4289.403995088692","1321238.526117519"
"1598",Ysh,certain,Ysh,Ysh,DAS01,,MUP1598,"33123.96048763619","12561857.48772961"
"1599",Ysh,certain,Ysh,Ysh,DAS01,,MUP1599,"22772.44314188847","10460928.17099051"
"1600",Ysh,certain,Ysh,Ysh,DAS01,,MUP1600,"8894.912843245624","3169120.877574157"
"1601",Ysh,certain,Ysh,Ysh,DAS01,,MUP1601,"14619.86009018902","2986966.734476835"
"1602",Ysn,certain,Ysn,Ysn,DAS01,,MUP1602,"35050.93376909376","10798838.61939953"
"1603",Ysn,certain,Ysn,Ysn,DAS01,,MUP1603,"2699.168626302","333586.1979061045"
"1604",Ysn,certain,Ysn,Ysn,DAS01,,MUP1604,"77343.10481396165","59517838.12644282"
"1605",Ysn,certain,Ysn,Ysn,DAS01,,MUP1605,"6052.013194793226","1503993.910664589"
"1606",Ysn,certain,Ysn,Ysn,DAS01,,MUP1606,"5538.432664521008","1720906.164816948"
"1607",Ysn,certain,Ysn,Ysn,DAS01,,MUP1607,"985.1899427326181","66303.97780141036"
"1608",Ysn,certain,Ysn,Ysn,DAS01,,MUP1608,"59690.66879077514","44630089.22128121"
"1609",Ysn,certain,Ysn,Ysn,DAS01,,MUP1609,"1328.014438836578","127305.2953509119"
"1610",Ysn,certain,Ysn,Ysn,DAS01,,MUP1610,"51771.20004338628","17683564.27323645"
"1611",Ysn,certain,Ysn,Ysn,DAS01,,MUP1611,"72536.49779370523","42030198.38046201"
"1612",Ysn,certain,Ysn,Ysn,DAS01,,MUP1612,"9328.26558558704","2761426.152793318"
"1613",Ysn,certain,Ysn,Ysn,DAS01,,MUP1613,"4593.743480044346","976300.3474839284"
"1614",Ysn,certain,Ysn,Ysn,DAS01,,MUP1614,"7799.93368781431","4155601.239372675"
"1615",Ysn,certain,Ysn,Ysn,DAS01,,MUP1615,"1208.13824297636","68805.08766477695"
"1616",Ysn,certain,Ysn,Ysn,DAS01,,MUP1616,"13405.71571344211","4431887.924727726"
"1617",Ysn,certain,Ysn,Ysn,DAS01,,MUP1617,"7834.583007511177","2030630.768118274"
"1618",Ysn,certain,Ysn,Ysn,DAS01,,MUP1618,"1579.768381598726","161095.9747859535"
"1619",Ysn,certain,Ysn,Ysn,DAS01,,MUP1619,"2627.535775005545","303019.8332499161"
"1620",Ysn,certain,Ysn,Ysn,DAS01,,MUP1620,"31714.60209295556","18669956.83760928"
"1621",Ysn,certain,Ysn,Ysn,DAS01,,MUP1621,"4786.804924294998","887732.893714982"
"1622",Ysn,certain,Ysn,Ysn,DAS01,,MUP1622,"31292.04420719298","16205185.01090649"
"1623",Ysn,certain,Ysn,Ysn,DAS01,,MUP1623,"8303.333598005889","2349496.078313285"
"1624",Ysn,certain,Ysn,Ysn,DAS01,,MUP1624,"3088.166465490863","483375.2883044085"
"1625",Ysn,certain,Ysn,Ysn,DAS01,,MUP1625,"3915.753052406835","834144.5525898433"
"1626",Ysn,certain,Ysn,Ysn,DAS01,,MUP1626,"12592.22153499395","5294924.697942587"
"1627",Ysn,certain,Ysn,Ysn,DAS01,,MUP1627,"73252.27699433255","46686515.33941964"
"1628",Ysn,certain,Ysn,Ysn,DAS01,,MUP1628,"6986.274984637304","1426913.438240748"
"1629",Ysn,certain,Ysn,Ysn,DAS01,,MUP1629,"898.9599389725261","54824.41205420947"
"1630",Ysn,certain,Ysn,Ysn,DAS01,,MUP1630,"5571.623768411068","2092637.104969112"
"1631",Ysn,certain,Ysn,Ysn,DAS01,,MUP1631,"39102.83644036619","29798444.00763688"
"1632",Ysn,certain,Ysn,Ysn,DAS01,,MUP1632,"1440.346397982251","119020.8882673788"
"1633",Ysn,certain,Ysn,Ysn,DAS01,,MUP1633,"1215.648284709957","104932.5169303211"
"1634",Ysn,certain,Ysn,Ysn,DAS01,,MUP1634,"7497.192883002896","2750717.15563238"
"1635",Ysn,certain,Ysn,Ysn,DAS01,,MUP1635,"9088.190692654205","1842382.987964698"
"1636",Ysn,certain,Ysn,Ysn,DAS01,,MUP1636,"1371.283568658399","121016.4753937197"
"1637",Ysn,certain,Ysn,Ysn,DAS01,,MUP1637,"2093.563688246865","217846.160581296"
"1638",Ysn,certain,Ysn,Ysn,DAS01,,MUP1638,"2566.924958043334","439102.0534994134"
"1639",Ysn,certain,Ysn,Ysn,DAS01,,MUP1639,"70175.64136652922","53620560.3542675"
"1640",Ysn,certain,Ysn,Ysn,DAS01,,MUP1640,"4142.649409499141","788442.4825251771"
"1641",Ysn,certain,Ysn,Ysn,DAS01,,MUP1641,"5015.272706578497","1116990.239552051"
"1642",Ysn,certain,Ysn,Ysn,DAS01,,MUP1642,"2337.664918654123","293049.9807675482"
"1643",Ysn,certain,Ysn,Ysn,DAS01,,MUP1643,"3753.832747237021","413356.3089883488"
"1644",Ysn,certain,Ysn,Ysn,DAS01,,MUP1644,"63562.9322915266","38536304.55564353"
"1645",Ysn,certain,Ysn,Ysn,DAS01,,MUP1645,"1259.476426151414","106834.7177987556"
"1646",Ysn,certain,Ysn,Ysn,DAS01,,MUP1646,"6796.478761545328","2053506.680069028"
"1647",Ysn,certain,Ysn,Ysn,DAS01,,MUP1647,"9163.959332248936","2996600.491338004"
"1648",Ysn,certain,Ysn,Ysn,DAS01,,MUP1648,"92145.72118597169","70226455.07400516"
"1649",Ysn,certain,Ysn,Ysn,DAS01,,MUP1649,"5431.608227040939","901441.8492776497"
"1650",Ysn,certain,Ysn,Ysn,DAS01,,MUP1650,"3990.431452839343","1000398.716349627"
"1651",Ysn,certain,Ysn,Ysn,DAS01,,MUP1651,"14346.95362239718","5756029.826101143"
"1652",Ysn,certain,Ysn,Ysn,DAS01,,MUP1652,"2605.917710041406","168090.4235739227"
"1653",Ysn,certain,Ysn,Ysn,DAS01,,MUP1653,"3756.310348339637","557483.4783578657"
"1654",Ysn,certain,Ysn,Ysn,DAS01,,MUP1654,"1069.574700468522","80298.52593541086"
"1655",Ysn,certain,Ysn,Ysn,DAS01,,MUP1655,"6321.255695554475","2431706.923167189"
"1656",Ysn,certain,Ysn,Ysn,DAS01,,MUP1656,"28134.98611487486","16011726.59992974"
"1657",Ysn,certain,Ysn,Ysn,DAS01,,MUP1657,"4851.287462454062","594204.8955945196"
"1658",Ysn,certain,Ysn,Ysn,DAS01,,MUP1658,"3885.649742660117","714572.6589322607"
"1659",Ysn,certain,Ysn,Ysn,DAS01,,MUP1659,"2039.979397944503","200328.0369063315"
"1660",Ysn,certain,Ysn,Ysn,DAS01,,MUP1660,"1560.58443722726","101586.7277215874"
"1661",Ysn,certain,Ysn,Ysn,DAS01,,MUP1661,"1213.766296975461","91728.03904884201"
"1662",Ysn,certain,Ysn,Ysn,DAS01,,MUP1662,"4371.02406729603","631456.2371176421"
"1663",Ysn,certain,Ysn,Ysn,DAS01,,MUP1663,"25227.27197265514","3077318.385612793"
"1664",Ysn,certain,Ysn,Ysn,DAS01,,MUP1664,"29392.80318510883","11335788.39752661"
"1665",Ysn,certain,Ysn,Ysn,DAS01,,MUP1665,"6246.093309543918","1710391.927035219"
"1666",Ysn,certain,Ysn,Ysn,DAS01,,MUP1666,"2716.203744928856","389484.0588048726"
"1667",Ysn,certain,Ysn,Ysn,DAS01,,MUP1667,"21942.82585186996","9525375.836043244"
"1668",Ysn,certain,Ysn,Ysn,DAS01,,MUP1668,"53668.56521939091","30627032.15377448"
"1669",Ysn,certain,Ysn,Ysn,DAS01,,MUP1669,"1106.36802994348","78100.42221291158"
"1670",Ysn,certain,Ysn,Ysn,DAS01,,MUP1670,"5951.19271860653","1042440.91654986"
"1671",Ysn,certain,Ysn,Ysn,DAS01,changed from Qg to Ysn to match printed map,MUP1671,"7452.077535565978","2195676.875297071"
"1672",Ysn,certain,Ysn,Ysn,DAS01,,MUP1672,"1859.20625236357","226761.9732139505"
"1673",Ysn,certain,Ysn,Ysn,DAS01,,MUP1673,"6482.564711999914","2257000.284842467"
"1674",Ysn,certain,Ysn,Ysn,DAS01,,MUP1674,"1082.792625492818","80510.78368814205"
"1675",Ysn,certain,Ysn,Ysn,DAS01,,MUP1675,"1945.552897474039","237256.1238802233"
"1676",Ysn,certain,Ysn,Ysn,DAS01,,MUP1676,"1058.408628919153","58800.62545231274"
"1677",Ysn,certain,Ysn,Ysn,DAS01,,MUP1677,"6668.726421980582","455952.9128385498"
"1678",Ysn,certain,Ysn,Ysn,DAS01,,MUP1678,"33766.58823741779","22298384.88887193"
"1679",Ysn,certain,Ysn,Ysn,DAS01,,MUP1679,"6065.475825322963","1729459.105980268"
"1680",Ysn,certain,Ysn,Ysn,DAS01,,MUP1680,"219726.1970254728","142132723.8004248"
"1681",Ysn,certain,Ysn,Ysn,DAS01,,MUP1681,"3734.768548625723","692091.4616543865"
"1682",Ysn,certain,Ysn,Ysn,DAS01,,MUP1682,"1560.218361096768","119778.1688392935"
"1683",Ysn,certain,Ysn,Ysn,DAS01,,MUP1683,"6989.293849865274","2183657.555956937"
"1684",Ysn,certain,Ysn,Ysn,DAS01,,MUP1684,"2173.614540337184","247038.971335985"
"1685",Ysn,certain,Ysn,Ysn,DAS01,,MUP1685,"8042.455071906895","1066378.269493855"
"1686",Ysn,certain,Ysn,Ysn,DAS01,,MUP1686,"8575.461087459084","3412372.238417046"
"1687",Ysn,certain,Ysn,Ysn,DAS01,,MUP1687,"2320.610235185221","289238.8863163386"
"1688",Ysn,certain,Ysn,Ysn,DAS01,,MUP1688,"3519.575332934371","776428.7988259979"
"1689",Ysn,certain,Ysn,Ysn,DAS01,,MUP1689,"4405.533270178365","760988.9717205876"
"1690",Ysn,certain,Ysn,Ysn,DAS01,,MUP1690,"3159.006986662084","351597.3935456015"
"1691",Ysn,certain,Ysn,Ysn,DAS01,,MUP1691,"882.4116525651071","55056.66360497641"
"1692",Ysn,certain,Ysn,Ysn,DAS01,,MUP1692,"3365.541521991313","754572.403718928"
"1693",Ysn,certain,Ysn,Ysn,DAS01,,MUP1693,"136208.7202110109","94527472.19952469"
"1694",Ysn,certain,Ysn,Ysn,DAS01,,MUP1694,"1583.669701873664","102890.0503982939"
"1695",Ysn,certain,Ysn,Ysn,DAS01,,MUP1695,"3504.658054990586","278765.2535462938"
"1696",Ysn,certain,Ysn,Ysn,DAS01,,MUP1696,"4004.599392023646","795959.6548952998"
"1697",Ysn,certain,Ysn,Ysn,DAS01,,MUP1697,"1836.497524080335","146847.906753205"
"1698",Ysn,certain,Ysn,Ysn,DAS01,,MUP1698,"1098.787233240783","76520.02431938611"
"1699",Ysn,certain,Ysn,Ysn,DAS01,,MUP1699,"4277.416380931169","1011566.476715954"
"1700",Ysn,certain,Ysn,Ysn,DAS01,,MUP1700,"5085.78272900216","1197823.40098236"
"1701",Ysn,certain,Ysn,Ysn,DAS01,,MUP1701,"2504.767427941862","406557.3589306087"
"1702",Ysn,certain,Ysn,Ysn,DAS01,,MUP1702,"1217.899452880743","82902.77841243052"
"1703",Ysn,certain,Ysn,Ysn,DAS01,,MUP1703,"32313.0895379856","10434687.95343277"
"1704",Ysn,certain,Ysn,Ysn,DAS01,,MUP1704,"1994.228474767251","258558.9091257333"
"1705",Zd,certain,Zd,Zd,DAS01,,MUP1705,"9587.516181203289","1046647.934520813"
"1706",Zd,certain,Zd,Zd,DAS01,,MUP1706,"2739.915350890362","226433.720090435"
"1707",Zd,certain,Zd,Zd,DAS01,,MUP1707,"3152.500844706559","103770.8871061189"
"1708",Zd,certain,Zd,Zd,DAS01,,MUP1708,"4894.410120340481","479117.2943020164"
"1709",Zd,certain,Zd,Zd,DAS01,,MUP1709,"13410.8269396685","1428309.407439012"
"1710",Zd,certain,Zd,Zd,DAS01,,MUP1710,"27738.84307639874","3496562.317718295"
"1711",Zd,certain,Zd,Zd,DAS01,,MUP1711,"8364.380275165144","1221242.442431029"
"1712",Zd,certain,Zd,Zd,DAS01,,MUP1712,"756.5974814100902","35705.86353692758"
"1713",Zd,certain,Zd,Zd,DAS01,,MUP1713,"4865.681284300203","453634.0046804536"
"1714",Zd,certain,Zd,Zd,DAS01,,MUP1714,"2227.058747483352","176582.5728833699"
"1715",Zd,certain,Zd,Zd,DAS01,,MUP1715,"10816.43324176395","2187542.865856006"
"1716",Zd,certain,Zd,Zd,DAS01,,MUP1716,"4747.750185308098","425892.9263318849"
"1717",Zd,certain,Zd,Zd,DAS01,,MUP1717,"9584.051921098237","2076305.466053328"
"1718",Zd,certain,Zd,Zd,DAS01,,MUP1718,"3441.309235217828","327389.3546522825"
"1719",Zd,certain,Zd,Zd,DAS01,,MUP1719,"2754.947380472874","293352.6161377581"
"1720",Zd,certain,Zd,Zd,DAS01,,MUP1720,"5153.321272924243","741299.2307363518"
"1721",Zd,certain,Zd,Zd,DAS01,,MUP1721,"2751.658093362485","352329.8815270801"
"1722",Zd,certain,Zd,Zd,DAS01,,MUP1722,"4830.205004945434","432665.1342425999"
"1723",Zd,certain,Zd,Zd,DAS01,,MUP1723,"3605.978302808381","370937.3016996988"
"1724",Zd,certain,Zd,Zd,DAS01,,MUP1724,"10574.39031312647","1622707.097946289"
"1725",Zd,certain,Zd,Zd,DAS01,,MUP1725,"6392.74118836835","500722.9429399486"
"1726",Zd,certain,Zd,Zd,DAS01,,MUP1726,"8770.694733299777","1658850.767275643"
"1727",Zd,certain,Zd,Zd,DAS01,,MUP1727,"6834.186768682421","581568.9322327125"
"1728",Zd,certain,Zd,Zd,DAS01,,MUP1728,"7303.509821841161","1378717.083769914"
"1729",Zd,certain,Zd,Zd,DAS01,,MUP1729,"6900.58143573389","755625.9316649092"
"1730",Zd,certain,Zd,Zd,DAS01,,MUP1730,"3252.82016858412","501343.9922202174"
"1731",Zd,certain,Zd,Zd,DAS01,,MUP1731,"3608.214919872589","351123.7975923921"
"1732",Zd,certain,Zd,Zd,DAS01,,MUP1732,"4953.646704094374","646552.0466298052"
"1733",Zd,certain,Zd,Zd,DAS01,,MUP1733,"36670.20905961416","3394549.067943972"
"1734",Zd,certain,Zd,Zd,DAS01,,MUP1734,"5733.907072769355","994954.3923594386"
"1735",Zd,certain,Zd,Zd,DAS01,,MUP1735,"3423.198084801354","373304.3927516221"
"1736",Zd,certain,Zd,Zd,DAS01,,MUP1736,"8862.633442174569","1067348.376126872"
"1737",Zd,certain,Zd,Zd,DAS01,,MUP1737,"2923.986654374262","329466.4067431864"
"1738",Zd,certain,Zd,Zd,DAS01,,MUP1738,"5856.069090836757","657659.7770871482"
"1739",Zd,certain,Zd,Zd,DAS01,,MUP1739,"1125.588489219427","61726.37750779464"
"1740",Zd,certain,Zd,Zd,DAS01,,MUP1740,"6494.291315333353","942811.8155211224"
"1741",Zd,certain,Zd,Zd,DAS01,,MUP1741,"9866.415479945745","2813711.058068187"
"1742",Zd,certain,Zd,Zd,DAS01,,MUP1742,"14509.68279205228","523033.311015506"
"1743",Zd,certain,Zd,Zd,DAS01,,MUP1743,"3033.94067433572","305127.1474628594"
"1744",Zd,certain,Zd,Zd,DAS01,,MUP1744,"10392.24925929167","1537028.760789038"
"1745",Zd,certain,Zd,Zd,DAS01,,MUP1745,"4214.80781965182","582891.8616433255"
"1746",Zd,certain,Zd,Zd,DAS01,,MUP1746,"31701.6078440661","3311381.737581146"
"1747",Zd,certain,Zd,Zd,DAS01,,MUP1747,"2540.31796913428","242374.6126998711"
"1748",Zd,certain,Zd,Zd,DAS01,,MUP1748,"7033.296089178894","910713.0404530826"
"1749",Zd,certain,Zd,Zd,DAS01,,MUP1749,"6910.889084990247","835359.9160112641"
"1750",Zd,certain,Zd,Zd,DAS01,,MUP1750,"3924.53351739888","325111.5568433092"
"1751",Zd,certain,Zd,Zd,DAS01,,MUP1751,"2666.318897056287","256470.0570741019"
"1752",Zd,certain,Zd,Zd,DAS01,,MUP1752,"3842.84669050094","232236.4116366486"
"1753",Zd,certain,Zd,Zd,DAS01,,MUP1753,"6750.899926142079","1523025.625814222"
"1754",Zd,certain,Zd,Zd,DAS01,,MUP1754,"16954.4994039076","2356163.88222533"
"1755",Zd,certain,Zd,Zd,DAS01,,MUP1755,"31789.95935421356","5154148.020777128"
"1756",Zd,certain,Zd,Zd,DAS01,,MUP1756,"2090.523946547305","175501.5526231667"
"1757",Zd,certain,Zd,Zd,DAS01,,MUP1757,"3358.230041511185","275700.5535596177"
"1758",Zd,certain,Zd,Zd,DAS01,,MUP1758,"5336.116873684363","526414.8168651699"
"1759",Zd,certain,Zd,Zd,DAS01,,MUP1759,"2876.110507388602","130048.5921967072"
"1760",Zd,certain,Zd,Zd,DAS01,,MUP1760,"8663.645092029697","1049299.826591156"
"1761",Zd,certain,Zd,Zd,DAS01,added missing polygon to match printed map,MUP1761,"1435.680497617116","98186.43783223568"
"1762",Zd,certain,Zd,Zd,DAS01,,MUP1762,"3590.543816497142","335055.736366506"
"1763",Zd,certain,Zd,Zd,DAS01,,MUP1763,"5938.143856864998","708505.1876001374"
"1764",Zd,certain,Zd,Zd,DAS01,,MUP1764,"9421.975688243225","1366508.144545581"
"1765",Zd,certain,Zd,Zd,DAS01,,MUP1765,"1410.216985199203","126211.7519294268"
"1766",Zd,certain,Zd,Zd,DAS01,,MUP1766,"11877.35137468487","1402478.462829207"
"1767",Zd,certain,Zd,Zd,DAS01,,MUP1767,"5502.958396545057","678920.0523241077"
"1768",Zd,certain,Zd,Zd,DAS01,,MUP1768,"30577.3079082732","3186515.630972291"
"1769",Zd,certain,Zd,Zd,DAS01,,MUP1769,"6622.763190187103","598387.2167471409"
"1770",Zd,certain,Zd,Zd,DAS01,,MUP1770,"17101.27905818727","1830529.84928209"
"1771",Zd,certain,Zd,Zd,DAS01,,MUP1771,"2223.481590744878","179501.0979231651"
"1772",Zd,certain,Zd,Zd,DAS01,,MUP1772,"4647.048588542672","640534.9077773159"
"1773",Zd,certain,Zd,Zd,DAS01,,MUP1773,"1153.559685977647","82938.75004869225"
"1774",Zd,certain,Zd,Zd,DAS01,,MUP1774,"8113.27776538756","439939.7162885562"
"1775",Zd,certain,Zd,Zd,DAS01,,MUP1775,"30283.81948763999","3243598.831931394"
"1776",Zd,certain,Zd,Zd,DAS01,,MUP1776,"4296.566914868071","361599.0025252296"
"1777",Zd,certain,Zd,Zd,DAS01,,MUP1777,"22637.98069163989","4716545.456550396"
"1778",Zd,certain,Zd,Zd,DAS01,,MUP1778,"3503.857860008355","390163.6654444025"
"1779",Zd,certain,Zd,Zd,DAS01,,MUP1779,"25467.30162608943","4768924.461148808"
"1780",Zd,certain,Zd,Zd,DAS01,,MUP1780,"10601.43252204839","2179904.212826729"
"1781",Zd,certain,Zd,Zd,DAS01,,MUP1781,"15287.60292595678","2340278.482769296"
"1782",Zd,certain,Zd,Zd,DAS01,,MUP1782,"7882.202373195477","1125642.828150027"
"1783",Zd,certain,Zd,Zd,DAS01,,MUP1783,"14067.47492083772","1790064.86554816"
"1784",Zd,certain,Zd,Zd,DAS01,,MUP1784,"3280.076043020222","311665.2328205133"
"1785",Zd,certain,Zd,Zd,DAS01,,MUP1785,"16510.76892813025","1783980.004171409"
"1786",Zd,certain,Zd,Zd,DAS01,,MUP1786,"17994.75304584595","1692039.641228077"
"1787",Zd,certain,Zd,Zd,DAS01,,MUP1787,"10511.44845112827","1080964.691840601"
"1788",Zd,certain,Zd,Zd,DAS01,,MUP1788,"4606.93390723767","429212.1919731774"
"1789",Zd,certain,Zd,Zd,DAS01,,MUP1789,"2125.164948739079","199046.4131955164"
"1790",Zd,certain,Zd,Zd,DAS01,,MUP1790,"9683.346781331355","1227912.339153955"
"1791",Zd,certain,Zd,Zd,DAS01,,MUP1791,"3002.094746663322","340508.4570468205"
"1792",Zd,certain,Zd,Zd,DAS01,,MUP1792,"3312.406586440959","130338.1846715744"
"1793",Zd,certain,Zd,Zd,DAS01,,MUP1793,"1543.211623553494","130367.3925228179"
"1794",Zd,certain,Zd,Zd,DAS01,,MUP1794,"7974.869100430509","777689.7776712253"
"1795",Zd,certain,Zd,Zd,DAS01,,MUP1795,"8439.392444935236","980718.5531316404"
"1796",Zd,certain,Zd,Zd,DAS01,,MUP1796,"5124.042932370035","607316.6786054064"
"1797",Zd,certain,Zd,Zd,DAS01,,MUP1797,"2193.743502317536","235334.7437472423"
"1798",Zd,certain,Zd,Zd,DAS01,,MUP1798,"4636.644818489648","740954.9454807451"
"1799",Zd,certain,Zd,Zd,DAS01,,MUP1799,"43397.00992199219","5746226.534717485"
"1800",Zd,certain,Zd,Zd,DAS01,,MUP1800,"4300.464805307374","548490.1158365627"
